Requirement,Workflow,Screen,Interaction,State,Design artifact,Acceptance test,Backend dependency
R01 Authentication/onboarding,AUTH,AUTH-01,AUTH-01-I01,initial;loading;populated;failure;permission_denied;session_expired;offline;reconnecting,visuals/desktop/AUTH-01-default.svg;visuals/ios/AUTH-01-default.svg,AUTH-01-AT01,None on input; owning form Save contract
R01 Authentication/onboarding,AUTH,AUTH-01,AUTH-01-I02,initial;loading;populated;failure;permission_denied;session_expired;offline;reconnecting,visuals/desktop/AUTH-01-default.svg;visuals/ios/AUTH-01-default.svg,AUTH-01-AT02,POST /v1/auth/email/challenges
R01 Authentication/onboarding,AUTH,AUTH-01,AUTH-01-I03,initial;loading;populated;failure;permission_denied;session_expired;offline;reconnecting,visuals/desktop/AUTH-01-default.svg;visuals/ios/AUTH-01-default.svg,AUTH-01-AT03,POST /v1/auth/apple
R01 Authentication/onboarding,AUTH,AUTH-01,AUTH-01-I04,initial;loading;populated;failure;permission_denied;session_expired;offline;reconnecting,visuals/desktop/AUTH-01-default.svg;visuals/ios/AUTH-01-default.svg,AUTH-01-AT04,None: local UI/navigation; destination resource read only
R01 Authentication/onboarding,AUTH,AUTH-02,AUTH-02-I01,initial;loading;populated;failure;permission_denied;session_expired;offline;reconnecting,visuals/desktop/AUTH-02-default.svg;visuals/ios/AUTH-02-default.svg,AUTH-02-AT01,None on input; owning form Save contract
R01 Authentication/onboarding,AUTH,AUTH-02,AUTH-02-I02,initial;loading;populated;failure;permission_denied;session_expired;offline;reconnecting,visuals/desktop/AUTH-02-default.svg;visuals/ios/AUTH-02-default.svg,AUTH-02-AT02,POST /v1/auth/email/verify
R01 Authentication/onboarding,AUTH,AUTH-02,AUTH-02-I03,initial;loading;populated;failure;permission_denied;session_expired;offline;reconnecting,visuals/desktop/AUTH-02-default.svg;visuals/ios/AUTH-02-default.svg,AUTH-02-AT03,POST /v1/auth/email/challenges
R01 Authentication/onboarding,AUTH,AUTH-02,AUTH-02-I04,initial;loading;populated;failure;permission_denied;session_expired;offline;reconnecting,visuals/desktop/AUTH-02-default.svg;visuals/ios/AUTH-02-default.svg,AUTH-02-AT04,None: local UI/navigation; destination resource read only
R01 Authentication/onboarding,AUTH,ONB-01,ONB-01-I01,initial;loading;populated;failure;permission_denied;session_expired;offline;reconnecting;validation_error;unsaved;autosaving;saved;save_failed;conflict,visuals/desktop/ONB-01-default.svg;visuals/ios/ONB-01-default.svg,ONB-01-AT01,None on input; owning form Save contract
R01 Authentication/onboarding,AUTH,ONB-01,ONB-01-I02,initial;loading;populated;failure;permission_denied;session_expired;offline;reconnecting;validation_error;unsaved;autosaving;saved;save_failed;conflict,visuals/desktop/ONB-01-default.svg;visuals/ios/ONB-01-default.svg,ONB-01-AT02,None on input; owning form Save contract
R01 Authentication/onboarding,AUTH,ONB-01,ONB-01-I03,initial;loading;populated;failure;permission_denied;session_expired;offline;reconnecting;validation_error;unsaved;autosaving;saved;save_failed;conflict,visuals/desktop/ONB-01-default.svg;visuals/ios/ONB-01-default.svg,ONB-01-AT03,None on input; owning form Save contract
R01 Authentication/onboarding,AUTH,ONB-01,ONB-01-I04,initial;loading;populated;failure;permission_denied;session_expired;offline;reconnecting;validation_error;unsaved;autosaving;saved;save_failed;conflict,visuals/desktop/ONB-01-default.svg;visuals/ios/ONB-01-default.svg,ONB-01-AT04,None on input; owning form Save contract
R01 Authentication/onboarding,AUTH,ONB-01,ONB-01-I05,initial;loading;populated;failure;permission_denied;session_expired;offline;reconnecting;validation_error;unsaved;autosaving;saved;save_failed;conflict,visuals/desktop/ONB-01-default.svg;visuals/ios/ONB-01-default.svg,ONB-01-AT05,POST /v1/workspaces
R02 Shell/navigation,A,HOME-01,HOME-01-I01,initial;loading;populated;failure;permission_denied;session_expired;offline;reconnecting,visuals/desktop/HOME-01-default.svg;visuals/ios/HOME-01-default.svg,HOME-01-AT01,None: local UI/navigation; destination resource read only
R02 Shell/navigation,A,HOME-01,HOME-01-I02,initial;loading;populated;failure;permission_denied;session_expired;offline;reconnecting,visuals/desktop/HOME-01-default.svg;visuals/ios/HOME-01-default.svg,HOME-01-AT02,None: local UI/navigation; destination resource read only
R02 Shell/navigation,A,HOME-01,HOME-01-I03,initial;loading;populated;failure;permission_denied;session_expired;offline;reconnecting,visuals/desktop/HOME-01-default.svg;visuals/ios/HOME-01-default.svg,HOME-01-AT03,None: local UI/navigation; destination resource read only
R02 Shell/navigation,A,HOME-01,HOME-01-I04,initial;loading;populated;failure;permission_denied;session_expired;offline;reconnecting,visuals/desktop/HOME-01-default.svg;visuals/ios/HOME-01-default.svg,HOME-01-AT04,None: local UI/navigation; destination resource read only
R02 Shell/navigation,A,HOME-01,HOME-01-I05,initial;loading;populated;failure;permission_denied;session_expired;offline;reconnecting,visuals/desktop/HOME-01-default.svg;visuals/ios/HOME-01-default.svg,HOME-01-AT05,POST /v1/research/runs
R02 Shell/navigation,A,HOME-01,HOME-01-I06,initial;loading;populated;failure;permission_denied;session_expired;offline;reconnecting,visuals/desktop/HOME-01-default.svg;visuals/ios/HOME-01-default.svg,HOME-01-AT06,None: local UI/navigation; destination resource read only
R02 Shell/navigation,N,SET-01,SET-01-I01,initial;loading;populated;failure;permission_denied;session_expired;offline;reconnecting;validation_error;unsaved;autosaving;saved;save_failed;conflict,visuals/desktop/SET-01-default.svg;visuals/ios/SET-01-default.svg,SET-01-AT01,None: local UI/navigation; destination resource read only
R03 Home,A,HOME-01,HOME-01-I01,initial;loading;populated;failure;permission_denied;session_expired;offline;reconnecting,visuals/desktop/HOME-01-default.svg;visuals/ios/HOME-01-default.svg,HOME-01-AT01,None: local UI/navigation; destination resource read only
R03 Home,A,HOME-01,HOME-01-I02,initial;loading;populated;failure;permission_denied;session_expired;offline;reconnecting,visuals/desktop/HOME-01-default.svg;visuals/ios/HOME-01-default.svg,HOME-01-AT02,None: local UI/navigation; destination resource read only
R03 Home,A,HOME-01,HOME-01-I03,initial;loading;populated;failure;permission_denied;session_expired;offline;reconnecting,visuals/desktop/HOME-01-default.svg;visuals/ios/HOME-01-default.svg,HOME-01-AT03,None: local UI/navigation; destination resource read only
R03 Home,A,HOME-01,HOME-01-I04,initial;loading;populated;failure;permission_denied;session_expired;offline;reconnecting,visuals/desktop/HOME-01-default.svg;visuals/ios/HOME-01-default.svg,HOME-01-AT04,None: local UI/navigation; destination resource read only
R03 Home,A,HOME-01,HOME-01-I05,initial;loading;populated;failure;permission_denied;session_expired;offline;reconnecting,visuals/desktop/HOME-01-default.svg;visuals/ios/HOME-01-default.svg,HOME-01-AT05,POST /v1/research/runs
R03 Home,A,HOME-01,HOME-01-I06,initial;loading;populated;failure;permission_denied;session_expired;offline;reconnecting,visuals/desktop/HOME-01-default.svg;visuals/ios/HOME-01-default.svg,HOME-01-AT06,None: local UI/navigation; destination resource read only
R04 Discover,A,DISC-01,DISC-01-I01,initial;loading;populated;failure;permission_denied;session_expired;offline;reconnecting;empty;skeleton,visuals/desktop/DISC-01-default.svg;visuals/ios/DISC-01-default.svg,DISC-01-AT01,GET /v1/research/runs/{runId}/findings?q=&category=&evidence=&priorityMin=&sort=&cursor=
R04 Discover,A,DISC-01,DISC-01-I02,initial;loading;populated;failure;permission_denied;session_expired;offline;reconnecting;empty;skeleton,visuals/desktop/DISC-01-default.svg;visuals/ios/DISC-01-default.svg,DISC-01-AT02,GET /v1/research/runs/{runId}/findings?q=&category=&evidence=&priorityMin=&sort=&cursor=
R04 Discover,A,DISC-01,DISC-01-I03,initial;loading;populated;failure;permission_denied;session_expired;offline;reconnecting;empty;skeleton,visuals/desktop/DISC-01-default.svg;visuals/ios/DISC-01-default.svg,DISC-01-AT03,GET /v1/research/runs/{runId}/findings?q=&category=&evidence=&priorityMin=&sort=&cursor=
R04 Discover,A,DISC-01,DISC-01-I04,initial;loading;populated;failure;permission_denied;session_expired;offline;reconnecting;empty;skeleton,visuals/desktop/DISC-01-default.svg;visuals/ios/DISC-01-default.svg,DISC-01-AT04,None: local UI/navigation; destination resource read only
R04 Discover,A,DISC-01,DISC-01-I05,initial;loading;populated;failure;permission_denied;session_expired;offline;reconnecting;empty;skeleton,visuals/desktop/DISC-01-default.svg;visuals/ios/DISC-01-default.svg,DISC-01-AT05,PUT /v1/topics/{topicId}/saved
R04 Discover,A,DISC-01,DISC-01-I06,initial;loading;populated;failure;permission_denied;session_expired;offline;reconnecting;empty;skeleton,visuals/desktop/DISC-01-default.svg;visuals/ios/DISC-01-default.svg,DISC-01-AT06,GET /v1/research/runs/{runId}/findings?q=&category=&evidence=&priorityMin=&sort=&cursor=
R04 Discover,A,DISC-01,DISC-01-I07,initial;loading;populated;failure;permission_denied;session_expired;offline;reconnecting;empty;skeleton,visuals/desktop/DISC-01-default.svg;visuals/ios/DISC-01-default.svg,DISC-01-AT07,POST /v1/research/runs
R04 Discover,A,DISC-01,DISC-01-R24-research-history,initial;loading;populated;failure;permission_denied;session_expired;offline;reconnecting;empty;skeleton,visuals/desktop/DISC-01-default.svg;visuals/ios/DISC-01-default.svg,DISC-01-R24-research-history-AT,None: navigation
R04 Discover,A,DISC-01,DISC-01-R24-ranking-explanation,initial;loading;populated;failure;permission_denied;session_expired;offline;reconnecting;empty;skeleton,visuals/desktop/DISC-01-default.svg;visuals/ios/DISC-01-default.svg,DISC-01-R24-ranking-explanation-AT,GET /v1/findings/{findingId}
R04 Discover,A,DISC-01,DISC-01-R24-show-all-findings,initial;loading;populated;failure;permission_denied;session_expired;offline;reconnecting;empty;skeleton,visuals/desktop/DISC-01-default.svg;visuals/ios/DISC-01-default.svg,DISC-01-R24-show-all-findings-AT,GET /v1/research/runs/{runId}/findings
R04 Discover,A,DISC-01,DISC-01-R24-duplicate-group,initial;loading;populated;failure;permission_denied;session_expired;offline;reconnecting;empty;skeleton,visuals/desktop/DISC-01-default.svg;visuals/ios/DISC-01-default.svg,DISC-01-R24-duplicate-group-AT,GET /v1/research/runs/{runId}/findings?duplicateGroupId=
R05 Research,A,DISC-01,DISC-01-I01,initial;loading;populated;failure;permission_denied;session_expired;offline;reconnecting;empty;skeleton,visuals/desktop/DISC-01-default.svg;visuals/ios/DISC-01-default.svg,DISC-01-AT01,GET /v1/research/runs/{runId}/findings?q=&category=&evidence=&priorityMin=&sort=&cursor=
R05 Research,A,DISC-01,DISC-01-I02,initial;loading;populated;failure;permission_denied;session_expired;offline;reconnecting;empty;skeleton,visuals/desktop/DISC-01-default.svg;visuals/ios/DISC-01-default.svg,DISC-01-AT02,GET /v1/research/runs/{runId}/findings?q=&category=&evidence=&priorityMin=&sort=&cursor=
R05 Research,A,DISC-01,DISC-01-I03,initial;loading;populated;failure;permission_denied;session_expired;offline;reconnecting;empty;skeleton,visuals/desktop/DISC-01-default.svg;visuals/ios/DISC-01-default.svg,DISC-01-AT03,GET /v1/research/runs/{runId}/findings?q=&category=&evidence=&priorityMin=&sort=&cursor=
R05 Research,A,DISC-01,DISC-01-I04,initial;loading;populated;failure;permission_denied;session_expired;offline;reconnecting;empty;skeleton,visuals/desktop/DISC-01-default.svg;visuals/ios/DISC-01-default.svg,DISC-01-AT04,None: local UI/navigation; destination resource read only
R05 Research,A,DISC-01,DISC-01-I05,initial;loading;populated;failure;permission_denied;session_expired;offline;reconnecting;empty;skeleton,visuals/desktop/DISC-01-default.svg;visuals/ios/DISC-01-default.svg,DISC-01-AT05,PUT /v1/topics/{topicId}/saved
R05 Research,A,DISC-01,DISC-01-I06,initial;loading;populated;failure;permission_denied;session_expired;offline;reconnecting;empty;skeleton,visuals/desktop/DISC-01-default.svg;visuals/ios/DISC-01-default.svg,DISC-01-AT06,GET /v1/research/runs/{runId}/findings?q=&category=&evidence=&priorityMin=&sort=&cursor=
R05 Research,A,DISC-01,DISC-01-I07,initial;loading;populated;failure;permission_denied;session_expired;offline;reconnecting;empty;skeleton,visuals/desktop/DISC-01-default.svg;visuals/ios/DISC-01-default.svg,DISC-01-AT07,POST /v1/research/runs
R05 Research,A,DISC-01,DISC-01-R24-research-history,initial;loading;populated;failure;permission_denied;session_expired;offline;reconnecting;empty;skeleton,visuals/desktop/DISC-01-default.svg;visuals/ios/DISC-01-default.svg,DISC-01-R24-research-history-AT,None: navigation
R05 Research,A,DISC-01,DISC-01-R24-ranking-explanation,initial;loading;populated;failure;permission_denied;session_expired;offline;reconnecting;empty;skeleton,visuals/desktop/DISC-01-default.svg;visuals/ios/DISC-01-default.svg,DISC-01-R24-ranking-explanation-AT,GET /v1/findings/{findingId}
R05 Research,A,DISC-01,DISC-01-R24-show-all-findings,initial;loading;populated;failure;permission_denied;session_expired;offline;reconnecting;empty;skeleton,visuals/desktop/DISC-01-default.svg;visuals/ios/DISC-01-default.svg,DISC-01-R24-show-all-findings-AT,GET /v1/research/runs/{runId}/findings
R05 Research,A,DISC-01,DISC-01-R24-duplicate-group,initial;loading;populated;failure;permission_denied;session_expired;offline;reconnecting;empty;skeleton,visuals/desktop/DISC-01-default.svg;visuals/ios/DISC-01-default.svg,DISC-01-R24-duplicate-group-AT,GET /v1/research/runs/{runId}/findings?duplicateGroupId=
R05 Research,B,DISC-02,DISC-02-R24-run-open,initial;loading;populated;empty;failure;offline;reconnecting;session_expired;permission_denied,visuals/desktop/DISC-02-default.svg;visuals/ios/DISC-02-default.svg,DISC-02-R24-run-open-AT,GET /v1/research/runs/{runId}/findings
R05 Research,B,DISC-02,DISC-02-R24-coverage-details,initial;loading;populated;empty;failure;offline;reconnecting;session_expired;permission_denied,visuals/desktop/DISC-02-default.svg;visuals/ios/DISC-02-default.svg,DISC-02-R24-coverage-details-AT,GET /v1/research/runs/{runId}
R05 Research,B,DISC-02,DISC-02-R24-retry-sources,initial;loading;populated;empty;failure;offline;reconnecting;session_expired;permission_denied,visuals/desktop/DISC-02-default.svg;visuals/ios/DISC-02-default.svg,DISC-02-R24-retry-sources-AT,POST /v1/research/runs/{runId}/retry-sources
R05 Research,B,DISC-02,DISC-02-R24-history-filters,initial;loading;populated;empty;failure;offline;reconnecting;session_expired;permission_denied,visuals/desktop/DISC-02-default.svg;visuals/ios/DISC-02-default.svg,DISC-02-R24-history-filters-AT,GET /v1/research/runs?status=&from=&to=&cursor=
R05 Research,B,DISC-02,DISC-02-R24-load-more,initial;loading;populated;empty;failure;offline;reconnecting;session_expired;permission_denied,visuals/desktop/DISC-02-default.svg;visuals/ios/DISC-02-default.svg,DISC-02-R24-load-more-AT,GET /v1/research/runs?cursor=
R05 Research,B,DISC-02,DISC-02-R24-back,initial;loading;populated;empty;failure;offline;reconnecting;session_expired;permission_denied,visuals/desktop/DISC-02-default.svg;visuals/ios/DISC-02-default.svg,DISC-02-R24-back-AT,None: navigation
R05 Research,B,SET-03,SET-03-I01,initial;loading;populated;failure;permission_denied;session_expired;offline;reconnecting;validation_error;unsaved;autosaving;saved;save_failed;conflict,visuals/desktop/SET-03-default.svg;visuals/ios/SET-03-default.svg,SET-03-AT01,None on input; owning form Save contract
R05 Research,B,SET-03,SET-03-I02,initial;loading;populated;failure;permission_denied;session_expired;offline;reconnecting;validation_error;unsaved;autosaving;saved;save_failed;conflict,visuals/desktop/SET-03-default.svg;visuals/ios/SET-03-default.svg,SET-03-AT02,None on input; owning form Save contract
R05 Research,B,SET-03,SET-03-I03,initial;loading;populated;failure;permission_denied;session_expired;offline;reconnecting;validation_error;unsaved;autosaving;saved;save_failed;conflict,visuals/desktop/SET-03-default.svg;visuals/ios/SET-03-default.svg,SET-03-AT03,None on input; owning form Save contract
R05 Research,B,SET-03,SET-03-I04,initial;loading;populated;failure;permission_denied;session_expired;offline;reconnecting;validation_error;unsaved;autosaving;saved;save_failed;conflict,visuals/desktop/SET-03-default.svg;visuals/ios/SET-03-default.svg,SET-03-AT04,None on input; owning form Save contract
R05 Research,B,SET-03,SET-03-I05,initial;loading;populated;failure;permission_denied;session_expired;offline;reconnecting;validation_error;unsaved;autosaving;saved;save_failed;conflict,visuals/desktop/SET-03-default.svg;visuals/ios/SET-03-default.svg,SET-03-AT05,None on input; owning form Save contract
R05 Research,B,SET-03,SET-03-I06,initial;loading;populated;failure;permission_denied;session_expired;offline;reconnecting;validation_error;unsaved;autosaving;saved;save_failed;conflict,visuals/desktop/SET-03-default.svg;visuals/ios/SET-03-default.svg,SET-03-AT06,None: local UI/navigation; destination resource read only
R05 Research,B,SET-03,SET-03-I07,initial;loading;populated;failure;permission_denied;session_expired;offline;reconnecting;validation_error;unsaved;autosaving;saved;save_failed;conflict,visuals/desktop/SET-03-default.svg;visuals/ios/SET-03-default.svg,SET-03-AT07,POST /v1/research/runs
R05 Research,L,ACT-02,ACT-02-I01,initial;loading;populated;failure;permission_denied;session_expired;offline;reconnecting;queued;running;partial_success;stalled;cancelling;cancelled;completed;retryable_failure;permanent_failure,visuals/desktop/ACT-02-default.svg;visuals/ios/ACT-02-default.svg,ACT-02-AT01,None: local UI/navigation; destination resource read only
R05 Research,L,ACT-02,ACT-02-I02,initial;loading;populated;failure;permission_denied;session_expired;offline;reconnecting;queued;running;partial_success;stalled;cancelling;cancelled;completed;retryable_failure;permanent_failure,visuals/desktop/ACT-02-default.svg;visuals/ios/ACT-02-default.svg,ACT-02-AT02,POST /v1/diagnostics/exports
R05 Research,L,ACT-02,ACT-02-I03,initial;loading;populated;failure;permission_denied;session_expired;offline;reconnecting;queued;running;partial_success;stalled;cancelling;cancelled;completed;retryable_failure;permanent_failure,visuals/desktop/ACT-02-default.svg;visuals/ios/ACT-02-default.svg,ACT-02-AT03,POST /v1/jobs/{jobId}/retry
R05 Research,L,ACT-02,ACT-02-I04,initial;loading;populated;failure;permission_denied;session_expired;offline;reconnecting;queued;running;partial_success;stalled;cancelling;cancelled;completed;retryable_failure;permanent_failure,visuals/desktop/ACT-02-default.svg;visuals/ios/ACT-02-default.svg,ACT-02-AT04,POST /v1/jobs/{jobId}/cancel
R05 Research,L,ACT-02,ACT-02-I05,initial;loading;populated;failure;permission_denied;session_expired;offline;reconnecting;queued;running;partial_success;stalled;cancelling;cancelled;completed;retryable_failure;permanent_failure,visuals/desktop/ACT-02-default.svg;visuals/ios/ACT-02-default.svg,ACT-02-AT05,None: local UI/navigation; destination resource read only
R05 Research,L,ACT-02,ACT-02-I06,initial;loading;populated;failure;permission_denied;session_expired;offline;reconnecting;queued;running;partial_success;stalled;cancelling;cancelled;completed;retryable_failure;permanent_failure,visuals/desktop/ACT-02-default.svg;visuals/ios/ACT-02-default.svg,ACT-02-AT06,None: local UI/navigation; destination resource read only
R06 Editorial queue,B,QUEUE-01,QUEUE-01-I01,initial;loading;populated;failure;permission_denied;session_expired;offline;reconnecting;empty;skeleton,visuals/desktop/QUEUE-01-default.svg;visuals/ios/QUEUE-01-default.svg,QUEUE-01-AT01,POST /topics/{topicId}/select
R06 Editorial queue,B,QUEUE-01,QUEUE-01-I02,initial;loading;populated;failure;permission_denied;session_expired;offline;reconnecting;empty;skeleton,visuals/desktop/QUEUE-01-default.svg;visuals/ios/QUEUE-01-default.svg,QUEUE-01-AT02,PATCH /topics/{topicId}
R06 Editorial queue,B,QUEUE-01,QUEUE-01-I03,initial;loading;populated;failure;permission_denied;session_expired;offline;reconnecting;empty;skeleton,visuals/desktop/QUEUE-01-default.svg;visuals/ios/QUEUE-01-default.svg,QUEUE-01-AT03,PATCH /topics/{topicId}
R06 Editorial queue,B,QUEUE-01,QUEUE-01-I04,initial;loading;populated;failure;permission_denied;session_expired;offline;reconnecting;empty;skeleton,visuals/desktop/QUEUE-01-default.svg;visuals/ios/QUEUE-01-default.svg,QUEUE-01-AT04,PATCH /topics/{topicId}
R06 Editorial queue,B,QUEUE-01,QUEUE-01-I05,initial;loading;populated;failure;permission_denied;session_expired;offline;reconnecting;empty;skeleton,visuals/desktop/QUEUE-01-default.svg;visuals/ios/QUEUE-01-default.svg,QUEUE-01-AT05,PATCH /topics/{topicId}
R06 Editorial queue,B,QUEUE-01,QUEUE-01-I06,initial;loading;populated;failure;permission_denied;session_expired;offline;reconnecting;empty;skeleton,visuals/desktop/QUEUE-01-default.svg;visuals/ios/QUEUE-01-default.svg,QUEUE-01-AT06,None: local UI/navigation; destination resource read only
R07 Topic detail,C,TOPIC-01,TOPIC-01-I01,initial;loading;populated;failure;permission_denied;session_expired;offline;reconnecting,visuals/desktop/TOPIC-01-default.svg;visuals/ios/TOPIC-01-default.svg,TOPIC-01-AT01,None: local UI/navigation; destination resource read only
R07 Topic detail,C,TOPIC-01,TOPIC-01-I02,initial;loading;populated;failure;permission_denied;session_expired;offline;reconnecting,visuals/desktop/TOPIC-01-default.svg;visuals/ios/TOPIC-01-default.svg,TOPIC-01-AT02,PUT /v1/topics/{topicId}/saved
R07 Topic detail,C,TOPIC-01,TOPIC-01-I03,initial;loading;populated;failure;permission_denied;session_expired;offline;reconnecting,visuals/desktop/TOPIC-01-default.svg;visuals/ios/TOPIC-01-default.svg,TOPIC-01-AT03,None: local UI/navigation; destination resource read only
R07 Topic detail,C,TOPIC-01,TOPIC-01-I04,initial;loading;populated;failure;permission_denied;session_expired;offline;reconnecting,visuals/desktop/TOPIC-01-default.svg;visuals/ios/TOPIC-01-default.svg,TOPIC-01-AT04,PATCH /v1/topics/{topicId}/angle
R07 Topic detail,C,TOPIC-01,TOPIC-01-I05,initial;loading;populated;failure;permission_denied;session_expired;offline;reconnecting,visuals/desktop/TOPIC-01-default.svg;visuals/ios/TOPIC-01-default.svg,TOPIC-01-AT05,None: local UI/navigation; destination resource read only
R07 Topic detail,C,TOPIC-01,TOPIC-01-I06,initial;loading;populated;failure;permission_denied;session_expired;offline;reconnecting,visuals/desktop/TOPIC-01-default.svg;visuals/ios/TOPIC-01-default.svg,TOPIC-01-AT06,None: local UI/navigation; destination resource read only
R08 Verification/claims,C,SOURCE-01,SOURCE-01-I01,initial;loading;populated;failure;permission_denied;session_expired;offline;reconnecting,visuals/desktop/SOURCE-01-default.svg;visuals/ios/SOURCE-01-default.svg,SOURCE-01-AT01,None: local UI/navigation; destination resource read only
R08 Verification/claims,C,SOURCE-01,SOURCE-01-I02,initial;loading;populated;failure;permission_denied;session_expired;offline;reconnecting,visuals/desktop/SOURCE-01-default.svg;visuals/ios/SOURCE-01-default.svg,SOURCE-01-AT02,None: local UI/navigation; destination resource read only
R08 Verification/claims,C,SOURCE-01,SOURCE-01-I03,initial;loading;populated;failure;permission_denied;session_expired;offline;reconnecting,visuals/desktop/SOURCE-01-default.svg;visuals/ios/SOURCE-01-default.svg,SOURCE-01-AT03,PATCH /v1/topics/{topicId}/sources/{sourceId}
R08 Verification/claims,C,SOURCE-01,SOURCE-01-I04,initial;loading;populated;failure;permission_denied;session_expired;offline;reconnecting,visuals/desktop/SOURCE-01-default.svg;visuals/ios/SOURCE-01-default.svg,SOURCE-01-AT04,POST /topics/{topicId}/verify
R08 Verification/claims,C,CLAIM-01,CLAIM-01-I01,initial;loading;populated;failure;permission_denied;session_expired;offline;reconnecting,visuals/desktop/CLAIM-01-default.svg;visuals/ios/CLAIM-01-default.svg,CLAIM-01-AT01,None: local UI/navigation; destination resource read only
R08 Verification/claims,C,CLAIM-01,CLAIM-01-I02,initial;loading;populated;failure;permission_denied;session_expired;offline;reconnecting,visuals/desktop/CLAIM-01-default.svg;visuals/ios/CLAIM-01-default.svg,CLAIM-01-AT02,None: local UI/navigation; destination resource read only
R08 Verification/claims,C,CLAIM-01,CLAIM-01-I03,initial;loading;populated;failure;permission_denied;session_expired;offline;reconnecting,visuals/desktop/CLAIM-01-default.svg;visuals/ios/CLAIM-01-default.svg,CLAIM-01-AT03,PATCH /v1/outputs/{outputId}/claims/{claimId}
R08 Verification/claims,C,CLAIM-01,CLAIM-01-I04,initial;loading;populated;failure;permission_denied;session_expired;offline;reconnecting,visuals/desktop/CLAIM-01-default.svg;visuals/ios/CLAIM-01-default.svg,CLAIM-01-AT04,PATCH /v1/outputs/{outputId}/claims/{claimId}
R08 Verification/claims,C,CLAIM-01,CLAIM-01-I05,initial;loading;populated;failure;permission_denied;session_expired;offline;reconnecting,visuals/desktop/CLAIM-01-default.svg;visuals/ios/CLAIM-01-default.svg,CLAIM-01-AT05,POST /v1/outputs/{outputId}/grounding
R09 Custom topic/URL,A,IMPORT-01,IMPORT-01-I01,initial;loading;populated;failure;permission_denied;session_expired;offline;reconnecting;validation_error;unsaved;autosaving;saved;save_failed;conflict,visuals/desktop/IMPORT-01-default.svg;visuals/ios/IMPORT-01-default.svg,IMPORT-01-AT01,None on input; owning form Save contract
R09 Custom topic/URL,A,IMPORT-01,IMPORT-01-I02,initial;loading;populated;failure;permission_denied;session_expired;offline;reconnecting;validation_error;unsaved;autosaving;saved;save_failed;conflict,visuals/desktop/IMPORT-01-default.svg;visuals/ios/IMPORT-01-default.svg,IMPORT-01-AT02,None on input; owning form Save contract
R09 Custom topic/URL,A,IMPORT-01,IMPORT-01-I03,initial;loading;populated;failure;permission_denied;session_expired;offline;reconnecting;validation_error;unsaved;autosaving;saved;save_failed;conflict,visuals/desktop/IMPORT-01-default.svg;visuals/ios/IMPORT-01-default.svg,IMPORT-01-AT03,None on input; owning form Save contract
R09 Custom topic/URL,A,IMPORT-01,IMPORT-01-I04,initial;loading;populated;failure;permission_denied;session_expired;offline;reconnecting;validation_error;unsaved;autosaving;saved;save_failed;conflict,visuals/desktop/IMPORT-01-default.svg;visuals/ios/IMPORT-01-default.svg,IMPORT-01-AT04,None on input; owning form Save contract
R09 Custom topic/URL,A,IMPORT-01,IMPORT-01-I05,initial;loading;populated;failure;permission_denied;session_expired;offline;reconnecting;validation_error;unsaved;autosaving;saved;save_failed;conflict,visuals/desktop/IMPORT-01-default.svg;visuals/ios/IMPORT-01-default.svg,IMPORT-01-AT05,None on input; owning form Save contract
R09 Custom topic/URL,A,IMPORT-01,IMPORT-01-I06,initial;loading;populated;failure;permission_denied;session_expired;offline;reconnecting;validation_error;unsaved;autosaving;saved;save_failed;conflict,visuals/desktop/IMPORT-01-default.svg;visuals/ios/IMPORT-01-default.svg,IMPORT-01-AT06,PATCH /topics/{topicId}
R09 Custom topic/URL,A,IMPORT-01,IMPORT-01-I07,initial;loading;populated;failure;permission_denied;session_expired;offline;reconnecting;validation_error;unsaved;autosaving;saved;save_failed;conflict,visuals/desktop/IMPORT-01-default.svg;visuals/ios/IMPORT-01-default.svg,IMPORT-01-AT07,PATCH /topics/{topicId}
R09 Custom topic/URL,A,IMPORT-01,IMPORT-01-I08,initial;loading;populated;failure;permission_denied;session_expired;offline;reconnecting;validation_error;unsaved;autosaving;saved;save_failed;conflict,visuals/desktop/IMPORT-01-default.svg;visuals/ios/IMPORT-01-default.svg,IMPORT-01-AT08,POST /topics
R09 Custom topic/URL,A,IMPORT-01,IMPORT-01-I09,initial;loading;populated;failure;permission_denied;session_expired;offline;reconnecting;validation_error;unsaved;autosaving;saved;save_failed;conflict,visuals/desktop/IMPORT-01-default.svg;visuals/ios/IMPORT-01-default.svg,IMPORT-01-AT09,None: local radio
R09 Custom topic/URL,A,IMPORT-01,IMPORT-01-I10,initial;loading;populated;failure;permission_denied;session_expired;offline;reconnecting;validation_error;unsaved;autosaving;saved;save_failed;conflict,visuals/desktop/IMPORT-01-default.svg;visuals/ios/IMPORT-01-default.svg,IMPORT-01-AT10,POST /v1/ideas
R09 Custom topic/URL,A,IMPORT-01,IMPORT-01-I11,initial;loading;populated;failure;permission_denied;session_expired;offline;reconnecting;validation_error;unsaved;autosaving;saved;save_failed;conflict,visuals/desktop/IMPORT-01-default.svg;visuals/ios/IMPORT-01-default.svg,IMPORT-01-AT11,POST /v1/ideas/{ideaId}/confirm
R09 Custom topic/URL,A,IMPORT-01,IMPORT-01-I12,initial;loading;populated;failure;permission_denied;session_expired;offline;reconnecting;validation_error;unsaved;autosaving;saved;save_failed;conflict,visuals/desktop/IMPORT-01-default.svg;visuals/ios/IMPORT-01-default.svg,IMPORT-01-AT12,POST /v1/jobs/{jobId}/cancel
R10 Creation setup,D,CREATE-01,CREATE-01-I01,initial;loading;populated;failure;permission_denied;session_expired;offline;reconnecting;validation_error;unsaved;autosaving;saved;save_failed;conflict,visuals/desktop/CREATE-01-default.svg;visuals/ios/CREATE-01-default.svg,CREATE-01-AT01,None: local UI/navigation; destination resource read only
R10 Creation setup,D,CREATE-01,CREATE-01-I02,initial;loading;populated;failure;permission_denied;session_expired;offline;reconnecting;validation_error;unsaved;autosaving;saved;save_failed;conflict,visuals/desktop/CREATE-01-default.svg;visuals/ios/CREATE-01-default.svg,CREATE-01-AT02,None: local UI/navigation; destination resource read only
R10 Creation setup,D,CREATE-01,CREATE-01-I03,initial;loading;populated;failure;permission_denied;session_expired;offline;reconnecting;validation_error;unsaved;autosaving;saved;save_failed;conflict,visuals/desktop/CREATE-01-default.svg;visuals/ios/CREATE-01-default.svg,CREATE-01-AT03,None: local UI/navigation; destination resource read only
R10 Creation setup,D,CREATE-01,CREATE-01-I04,initial;loading;populated;failure;permission_denied;session_expired;offline;reconnecting;validation_error;unsaved;autosaving;saved;save_failed;conflict,visuals/desktop/CREATE-01-default.svg;visuals/ios/CREATE-01-default.svg,CREATE-01-AT04,POST /v1/setups
R10 Creation setup,D,CREATE-01,CREATE-01-I05,initial;loading;populated;failure;permission_denied;session_expired;offline;reconnecting;validation_error;unsaved;autosaving;saved;save_failed;conflict,visuals/desktop/CREATE-01-default.svg;visuals/ios/CREATE-01-default.svg,CREATE-01-AT05,POST /v1/setups
R10 Creation setup,D,CREATE-01,CREATE-01-EX6,initial;loading;populated;failure;permission_denied;session_expired;offline;reconnecting;validation_error;unsaved;autosaving;saved;save_failed;conflict,visuals/desktop/CREATE-01-default.svg;visuals/ios/CREATE-01-default.svg,CREATE-01-EX6-AT,None: navigation
R10 Creation setup,D,CREATE-01,CREATE-01-EX7,initial;loading;populated;failure;permission_denied;session_expired;offline;reconnecting;validation_error;unsaved;autosaving;saved;save_failed;conflict,visuals/desktop/CREATE-01-default.svg;visuals/ios/CREATE-01-default.svg,CREATE-01-EX7-AT,GET /v1/topics?q=&cursor=
R10 Creation setup,D,CREATE-01,CREATE-01-EX8,initial;loading;populated;failure;permission_denied;session_expired;offline;reconnecting;validation_error;unsaved;autosaving;saved;save_failed;conflict,visuals/desktop/CREATE-01-default.svg;visuals/ios/CREATE-01-default.svg,CREATE-01-EX8-AT,None: navigation
R10 Creation setup,D,CREATE-02,CREATE-02-I01,initial;loading;populated;failure;permission_denied;session_expired;offline;reconnecting;validation_error;unsaved;autosaving;saved;save_failed;conflict,visuals/desktop/CREATE-02-default.svg;visuals/ios/CREATE-02-default.svg,CREATE-02-AT01,None on input; owning form Save contract
R10 Creation setup,D,CREATE-02,CREATE-02-I02,initial;loading;populated;failure;permission_denied;session_expired;offline;reconnecting;validation_error;unsaved;autosaving;saved;save_failed;conflict,visuals/desktop/CREATE-02-default.svg;visuals/ios/CREATE-02-default.svg,CREATE-02-AT02,None on input; owning form Save contract
R10 Creation setup,D,CREATE-02,CREATE-02-I03,initial;loading;populated;failure;permission_denied;session_expired;offline;reconnecting;validation_error;unsaved;autosaving;saved;save_failed;conflict,visuals/desktop/CREATE-02-default.svg;visuals/ios/CREATE-02-default.svg,CREATE-02-AT03,None on input; owning form Save contract
R10 Creation setup,D,CREATE-02,CREATE-02-I05,initial;loading;populated;failure;permission_denied;session_expired;offline;reconnecting;validation_error;unsaved;autosaving;saved;save_failed;conflict,visuals/desktop/CREATE-02-default.svg;visuals/ios/CREATE-02-default.svg,CREATE-02-AT05,None on input; owning form Save contract
R10 Creation setup,D,CREATE-02,CREATE-02-I06,initial;loading;populated;failure;permission_denied;session_expired;offline;reconnecting;validation_error;unsaved;autosaving;saved;save_failed;conflict,visuals/desktop/CREATE-02-default.svg;visuals/ios/CREATE-02-default.svg,CREATE-02-AT06,None on input; owning form Save contract
R10 Creation setup,D,CREATE-02,CREATE-02-I07,initial;loading;populated;failure;permission_denied;session_expired;offline;reconnecting;validation_error;unsaved;autosaving;saved;save_failed;conflict,visuals/desktop/CREATE-02-default.svg;visuals/ios/CREATE-02-default.svg,CREATE-02-AT07,PATCH /v1/outputs/{outputId}/timeline
R10 Creation setup,D,CREATE-02,CREATE-02-I08,initial;loading;populated;failure;permission_denied;session_expired;offline;reconnecting;validation_error;unsaved;autosaving;saved;save_failed;conflict,visuals/desktop/CREATE-02-default.svg;visuals/ios/CREATE-02-default.svg,CREATE-02-AT08,PATCH /v1/outputs/{outputId}/timeline
R10 Creation setup,D,CREATE-02,CREATE-02-I09,initial;loading;populated;failure;permission_denied;session_expired;offline;reconnecting;validation_error;unsaved;autosaving;saved;save_failed;conflict,visuals/desktop/CREATE-02-default.svg;visuals/ios/CREATE-02-default.svg,CREATE-02-AT09,None on input; owning form Save contract
R10 Creation setup,D,CREATE-02,CREATE-02-I10,initial;loading;populated;failure;permission_denied;session_expired;offline;reconnecting;validation_error;unsaved;autosaving;saved;save_failed;conflict,visuals/desktop/CREATE-02-default.svg;visuals/ios/CREATE-02-default.svg,CREATE-02-AT10,None: local UI/navigation; destination resource read only
R10 Creation setup,D,CREATE-02,CREATE-02-I11,initial;loading;populated;failure;permission_denied;session_expired;offline;reconnecting;validation_error;unsaved;autosaving;saved;save_failed;conflict,visuals/desktop/CREATE-02-default.svg;visuals/ios/CREATE-02-default.svg,CREATE-02-AT11,None: local UI/navigation; destination resource read only
R10 Creation setup,D,CREATE-02,CREATE-02-AI11,initial;loading;populated;failure;permission_denied;session_expired;offline;reconnecting;validation_error;unsaved;autosaving;saved;save_failed;conflict,visuals/desktop/CREATE-02-default.svg;visuals/ios/CREATE-02-default.svg,CREATE-02-AI11-AT,GET /v1/outputs/{outputId}/creative-plan
R10 Creation setup,D,CREATE-03,CREATE-03-I01,initial;loading;populated;failure;permission_denied;session_expired;offline;reconnecting;validation_error;unsaved;autosaving;saved;save_failed;conflict,visuals/desktop/CREATE-03-default.svg;visuals/ios/CREATE-03-default.svg,CREATE-03-AT01,None: local UI/navigation; destination resource read only
R10 Creation setup,D,CREATE-03,CREATE-03-I02,initial;loading;populated;failure;permission_denied;session_expired;offline;reconnecting;validation_error;unsaved;autosaving;saved;save_failed;conflict,visuals/desktop/CREATE-03-default.svg;visuals/ios/CREATE-03-default.svg,CREATE-03-AT02,POST /v1/setups/{setupId}/generate
R10 Creation setup,D,CREATE-03,CREATE-03-I03,initial;loading;populated;failure;permission_denied;session_expired;offline;reconnecting;validation_error;unsaved;autosaving;saved;save_failed;conflict,visuals/desktop/CREATE-03-default.svg;visuals/ios/CREATE-03-default.svg,CREATE-03-AT03,POST /v1/setups
R10 Creation setup,D,CREATE-03,CREATE-03-I04,initial;loading;populated;failure;permission_denied;session_expired;offline;reconnecting;validation_error;unsaved;autosaving;saved;save_failed;conflict,visuals/desktop/CREATE-03-default.svg;visuals/ios/CREATE-03-default.svg,CREATE-03-AT04,None: local UI/navigation; destination resource read only
R11 Carousel generation,E,GEN-01,GEN-01-I01,initial;loading;populated;failure;permission_denied;session_expired;offline;reconnecting;queued;running;partial_success;stalled;cancelling;cancelled;completed;retryable_failure;permanent_failure,visuals/desktop/GEN-01-default.svg;visuals/ios/GEN-01-default.svg,GEN-01-AT01,None: local UI/navigation; destination resource read only
R11 Carousel generation,E,GEN-01,GEN-01-I02,initial;loading;populated;failure;permission_denied;session_expired;offline;reconnecting;queued;running;partial_success;stalled;cancelling;cancelled;completed;retryable_failure;permanent_failure,visuals/desktop/GEN-01-default.svg;visuals/ios/GEN-01-default.svg,GEN-01-AT02,None: local UI/navigation; destination resource read only
R11 Carousel generation,E,GEN-01,GEN-01-I03,initial;loading;populated;failure;permission_denied;session_expired;offline;reconnecting;queued;running;partial_success;stalled;cancelling;cancelled;completed;retryable_failure;permanent_failure,visuals/desktop/GEN-01-default.svg;visuals/ios/GEN-01-default.svg,GEN-01-AT03,None: local UI/navigation; destination resource read only
R11 Carousel generation,E,GEN-01,GEN-01-I04,initial;loading;populated;failure;permission_denied;session_expired;offline;reconnecting;queued;running;partial_success;stalled;cancelling;cancelled;completed;retryable_failure;permanent_failure,visuals/desktop/GEN-01-default.svg;visuals/ios/GEN-01-default.svg,GEN-01-AT04,POST /v1/jobs/{jobId}/retry
R11 Carousel generation,E,GEN-01,GEN-01-I05,initial;loading;populated;failure;permission_denied;session_expired;offline;reconnecting;queued;running;partial_success;stalled;cancelling;cancelled;completed;retryable_failure;permanent_failure,visuals/desktop/GEN-01-default.svg;visuals/ios/GEN-01-default.svg,GEN-01-AT05,POST /v1/jobs/{jobId}/cancel
R11 Carousel generation,E,GEN-01,GEN-01-I06,initial;loading;populated;failure;permission_denied;session_expired;offline;reconnecting;queued;running;partial_success;stalled;cancelling;cancelled;completed;retryable_failure;permanent_failure,visuals/desktop/GEN-01-default.svg;visuals/ios/GEN-01-default.svg,GEN-01-AT06,None: local UI/navigation; destination resource read only
R11 Carousel generation,E,GEN-01,GEN-01-EX7,initial;loading;populated;failure;permission_denied;session_expired;offline;reconnecting;queued;running;partial_success;stalled;cancelling;cancelled;completed;retryable_failure;permanent_failure,visuals/desktop/GEN-01-default.svg;visuals/ios/GEN-01-default.svg,GEN-01-EX7-AT,POST /v1/outputs/{outputId}/different-look
R11 Carousel generation,E,GEN-01,GEN-01-EX8,initial;loading;populated;failure;permission_denied;session_expired;offline;reconnecting;queued;running;partial_success;stalled;cancelling;cancelled;completed;retryable_failure;permanent_failure,visuals/desktop/GEN-01-default.svg;visuals/ios/GEN-01-default.svg,GEN-01-EX8-AT,GET /v1/outputs/{outputId}/creative-plan
R11 Carousel generation,F,CAR-01,CAR-01-I01,initial;loading;populated;failure;permission_denied;session_expired;offline;reconnecting;validation_error;unsaved;autosaving;saved;save_failed;conflict,visuals/desktop/CAR-01-default.svg;visuals/ios/CAR-01-default.svg,CAR-01-AT01,None: local UI/navigation; destination resource read only
R11 Carousel generation,F,CAR-01,CAR-01-I02,initial;loading;populated;failure;permission_denied;session_expired;offline;reconnecting;validation_error;unsaved;autosaving;saved;save_failed;conflict,visuals/desktop/CAR-01-default.svg;visuals/ios/CAR-01-default.svg,CAR-01-AT02,PATCH /v1/outputs/{outputId}/slides/{slideId}
R11 Carousel generation,F,CAR-01,CAR-01-I04,initial;loading;populated;failure;permission_denied;session_expired;offline;reconnecting;validation_error;unsaved;autosaving;saved;save_failed;conflict,visuals/desktop/CAR-01-default.svg;visuals/ios/CAR-01-default.svg,CAR-01-AT04,None: local UI/navigation; destination resource read only
R11 Carousel generation,F,CAR-01,CAR-01-I05,initial;loading;populated;failure;permission_denied;session_expired;offline;reconnecting;validation_error;unsaved;autosaving;saved;save_failed;conflict,visuals/desktop/CAR-01-default.svg;visuals/ios/CAR-01-default.svg,CAR-01-AT05,PUT /v1/outputs/{outputId}/slide-order
R11 Carousel generation,F,CAR-01,CAR-01-I06,initial;loading;populated;failure;permission_denied;session_expired;offline;reconnecting;validation_error;unsaved;autosaving;saved;save_failed;conflict,visuals/desktop/CAR-01-default.svg;visuals/ios/CAR-01-default.svg,CAR-01-AT06,POST /v1/outputs/{outputId}/slides
R11 Carousel generation,F,CAR-01,CAR-01-I07,initial;loading;populated;failure;permission_denied;session_expired;offline;reconnecting;validation_error;unsaved;autosaving;saved;save_failed;conflict,visuals/desktop/CAR-01-default.svg;visuals/ios/CAR-01-default.svg,CAR-01-AT07,DELETE /v1/outputs/{outputId}/slides/{slideId}
R11 Carousel generation,F,CAR-01,CAR-01-I08,initial;loading;populated;failure;permission_denied;session_expired;offline;reconnecting;validation_error;unsaved;autosaving;saved;save_failed;conflict,visuals/desktop/CAR-01-default.svg;visuals/ios/CAR-01-default.svg,CAR-01-AT08,None: local UI/navigation; destination resource read only
R11 Carousel generation,F,CAR-01,CAR-01-I09,initial;loading;populated;failure;permission_denied;session_expired;offline;reconnecting;validation_error;unsaved;autosaving;saved;save_failed;conflict,visuals/desktop/CAR-01-default.svg;visuals/ios/CAR-01-default.svg,CAR-01-AT09,None: local UI/navigation; destination resource read only
R11 Carousel generation,F,CAR-01,CAR-01-I10,initial;loading;populated;failure;permission_denied;session_expired;offline;reconnecting;validation_error;unsaved;autosaving;saved;save_failed;conflict,visuals/desktop/CAR-01-default.svg;visuals/ios/CAR-01-default.svg,CAR-01-AT10,None: local UI/navigation; destination resource read only
R11 Carousel generation,F,CAR-01,CAR-01-I11,initial;loading;populated;failure;permission_denied;session_expired;offline;reconnecting;validation_error;unsaved;autosaving;saved;save_failed;conflict,visuals/desktop/CAR-01-default.svg;visuals/ios/CAR-01-default.svg,CAR-01-AT11,None: local UI/navigation; destination resource read only
R11 Carousel generation,F,CAR-01,CAR-01-I12,initial;loading;populated;failure;permission_denied;session_expired;offline;reconnecting;validation_error;unsaved;autosaving;saved;save_failed;conflict,visuals/desktop/CAR-01-default.svg;visuals/ios/CAR-01-default.svg,CAR-01-AT12,None: local UI/navigation; destination resource read only
R11 Carousel generation,F,CAR-01,CAR-01-I13,initial;loading;populated;failure;permission_denied;session_expired;offline;reconnecting;validation_error;unsaved;autosaving;saved;save_failed;conflict,visuals/desktop/CAR-01-default.svg;visuals/ios/CAR-01-default.svg,CAR-01-AT13,POST /v1/outputs/{outputId}/submit
R11 Carousel generation,F,CAR-01,CAR-01-AI13,initial;loading;populated;failure;permission_denied;session_expired;offline;reconnecting;validation_error;unsaved;autosaving;saved;save_failed;conflict,visuals/desktop/CAR-01-default.svg;visuals/ios/CAR-01-default.svg,CAR-01-AI13-AT,POST /v1/outputs/{outputId}/different-look
R11 Carousel generation,F,CAR-01,CAR-01-AI14,initial;loading;populated;failure;permission_denied;session_expired;offline;reconnecting;validation_error;unsaved;autosaving;saved;save_failed;conflict,visuals/desktop/CAR-01-default.svg;visuals/ios/CAR-01-default.svg,CAR-01-AI14-AT,GET /v1/outputs/{outputId}/creative-plan
R12 Carousel edit,F,CAR-01,CAR-01-I01,initial;loading;populated;failure;permission_denied;session_expired;offline;reconnecting;validation_error;unsaved;autosaving;saved;save_failed;conflict,visuals/desktop/CAR-01-default.svg;visuals/ios/CAR-01-default.svg,CAR-01-AT01,None: local UI/navigation; destination resource read only
R12 Carousel edit,F,CAR-01,CAR-01-I02,initial;loading;populated;failure;permission_denied;session_expired;offline;reconnecting;validation_error;unsaved;autosaving;saved;save_failed;conflict,visuals/desktop/CAR-01-default.svg;visuals/ios/CAR-01-default.svg,CAR-01-AT02,PATCH /v1/outputs/{outputId}/slides/{slideId}
R12 Carousel edit,F,CAR-01,CAR-01-I04,initial;loading;populated;failure;permission_denied;session_expired;offline;reconnecting;validation_error;unsaved;autosaving;saved;save_failed;conflict,visuals/desktop/CAR-01-default.svg;visuals/ios/CAR-01-default.svg,CAR-01-AT04,None: local UI/navigation; destination resource read only
R12 Carousel edit,F,CAR-01,CAR-01-I05,initial;loading;populated;failure;permission_denied;session_expired;offline;reconnecting;validation_error;unsaved;autosaving;saved;save_failed;conflict,visuals/desktop/CAR-01-default.svg;visuals/ios/CAR-01-default.svg,CAR-01-AT05,PUT /v1/outputs/{outputId}/slide-order
R12 Carousel edit,F,CAR-01,CAR-01-I06,initial;loading;populated;failure;permission_denied;session_expired;offline;reconnecting;validation_error;unsaved;autosaving;saved;save_failed;conflict,visuals/desktop/CAR-01-default.svg;visuals/ios/CAR-01-default.svg,CAR-01-AT06,POST /v1/outputs/{outputId}/slides
R12 Carousel edit,F,CAR-01,CAR-01-I07,initial;loading;populated;failure;permission_denied;session_expired;offline;reconnecting;validation_error;unsaved;autosaving;saved;save_failed;conflict,visuals/desktop/CAR-01-default.svg;visuals/ios/CAR-01-default.svg,CAR-01-AT07,DELETE /v1/outputs/{outputId}/slides/{slideId}
R12 Carousel edit,F,CAR-01,CAR-01-I08,initial;loading;populated;failure;permission_denied;session_expired;offline;reconnecting;validation_error;unsaved;autosaving;saved;save_failed;conflict,visuals/desktop/CAR-01-default.svg;visuals/ios/CAR-01-default.svg,CAR-01-AT08,None: local UI/navigation; destination resource read only
R12 Carousel edit,F,CAR-01,CAR-01-I09,initial;loading;populated;failure;permission_denied;session_expired;offline;reconnecting;validation_error;unsaved;autosaving;saved;save_failed;conflict,visuals/desktop/CAR-01-default.svg;visuals/ios/CAR-01-default.svg,CAR-01-AT09,None: local UI/navigation; destination resource read only
R12 Carousel edit,F,CAR-01,CAR-01-I10,initial;loading;populated;failure;permission_denied;session_expired;offline;reconnecting;validation_error;unsaved;autosaving;saved;save_failed;conflict,visuals/desktop/CAR-01-default.svg;visuals/ios/CAR-01-default.svg,CAR-01-AT10,None: local UI/navigation; destination resource read only
R12 Carousel edit,F,CAR-01,CAR-01-I11,initial;loading;populated;failure;permission_denied;session_expired;offline;reconnecting;validation_error;unsaved;autosaving;saved;save_failed;conflict,visuals/desktop/CAR-01-default.svg;visuals/ios/CAR-01-default.svg,CAR-01-AT11,None: local UI/navigation; destination resource read only
R12 Carousel edit,F,CAR-01,CAR-01-I12,initial;loading;populated;failure;permission_denied;session_expired;offline;reconnecting;validation_error;unsaved;autosaving;saved;save_failed;conflict,visuals/desktop/CAR-01-default.svg;visuals/ios/CAR-01-default.svg,CAR-01-AT12,None: local UI/navigation; destination resource read only
R12 Carousel edit,F,CAR-01,CAR-01-I13,initial;loading;populated;failure;permission_denied;session_expired;offline;reconnecting;validation_error;unsaved;autosaving;saved;save_failed;conflict,visuals/desktop/CAR-01-default.svg;visuals/ios/CAR-01-default.svg,CAR-01-AT13,POST /v1/outputs/{outputId}/submit
R12 Carousel edit,F,CAR-01,CAR-01-AI13,initial;loading;populated;failure;permission_denied;session_expired;offline;reconnecting;validation_error;unsaved;autosaving;saved;save_failed;conflict,visuals/desktop/CAR-01-default.svg;visuals/ios/CAR-01-default.svg,CAR-01-AI13-AT,POST /v1/outputs/{outputId}/different-look
R12 Carousel edit,F,CAR-01,CAR-01-AI14,initial;loading;populated;failure;permission_denied;session_expired;offline;reconnecting;validation_error;unsaved;autosaving;saved;save_failed;conflict,visuals/desktop/CAR-01-default.svg;visuals/ios/CAR-01-default.svg,CAR-01-AI14-AT,GET /v1/outputs/{outputId}/creative-plan
R12 Carousel edit,F,CAR-02,CAR-02-I01,initial;loading;populated;failure;permission_denied;session_expired;offline;reconnecting;validation_error;unsaved;autosaving;saved;save_failed;conflict,visuals/desktop/CAR-02-default.svg;visuals/ios/CAR-02-default.svg,CAR-02-AT01,PATCH /v1/outputs/{outputId}/slides/{slideId}
R12 Carousel edit,F,CAR-02,CAR-02-I03,initial;loading;populated;failure;permission_denied;session_expired;offline;reconnecting;validation_error;unsaved;autosaving;saved;save_failed;conflict,visuals/desktop/CAR-02-default.svg;visuals/ios/CAR-02-default.svg,CAR-02-AT03,None: local UI/navigation; destination resource read only
R12 Carousel edit,F,CAR-02,CAR-02-I04,initial;loading;populated;failure;permission_denied;session_expired;offline;reconnecting;validation_error;unsaved;autosaving;saved;save_failed;conflict,visuals/desktop/CAR-02-default.svg;visuals/ios/CAR-02-default.svg,CAR-02-AT04,None: local UI/navigation; destination resource read only
R12 Carousel edit,F,CAR-02,CAR-02-I05,initial;loading;populated;failure;permission_denied;session_expired;offline;reconnecting;validation_error;unsaved;autosaving;saved;save_failed;conflict,visuals/desktop/CAR-02-default.svg;visuals/ios/CAR-02-default.svg,CAR-02-AT05,None: local UI/navigation; destination resource read only
R12 Carousel edit,F,CAR-03,CAR-03-I02,initial;loading;populated;failure;permission_denied;session_expired;offline;reconnecting;validation_error;unsaved;autosaving;saved;save_failed;conflict,visuals/desktop/CAR-03-default.svg;visuals/ios/CAR-03-default.svg,CAR-03-AT02,POST /v1/outputs/{outputId}/slides/{slideId}/generate
R12 Carousel edit,F,CAR-03,CAR-03-I03,initial;loading;populated;failure;permission_denied;session_expired;offline;reconnecting;validation_error;unsaved;autosaving;saved;save_failed;conflict,visuals/desktop/CAR-03-default.svg;visuals/ios/CAR-03-default.svg,CAR-03-AT03,None: local UI/navigation; destination resource read only
R12 Carousel edit,F,CAR-03,CAR-03-AI3,initial;loading;populated;failure;permission_denied;session_expired;offline;reconnecting;validation_error;unsaved;autosaving;saved;save_failed;conflict,visuals/desktop/CAR-03-default.svg;visuals/ios/CAR-03-default.svg,CAR-03-AI3-AT,GET /v1/outputs/{outputId}/creative-plan
R12 Carousel edit,O,VER-01,VER-01-I01,initial;loading;populated;failure;permission_denied;session_expired;offline;reconnecting,visuals/desktop/VER-01-default.svg;visuals/ios/VER-01-default.svg,VER-01-AT01,None: local UI/navigation; destination resource read only
R12 Carousel edit,O,VER-01,VER-01-I02,initial;loading;populated;failure;permission_denied;session_expired;offline;reconnecting,visuals/desktop/VER-01-default.svg;visuals/ios/VER-01-default.svg,VER-01-AT02,None: local UI/navigation; destination resource read only
R12 Carousel edit,O,VER-01,VER-01-I03,initial;loading;populated;failure;permission_denied;session_expired;offline;reconnecting,visuals/desktop/VER-01-default.svg;visuals/ios/VER-01-default.svg,VER-01-AT03,POST /v1/outputs/{outputId}/restore
R12 Carousel edit,O,VER-01,VER-01-I04,initial;loading;populated;failure;permission_denied;session_expired;offline;reconnecting,visuals/desktop/VER-01-default.svg;visuals/ios/VER-01-default.svg,VER-01-AT04,None: local UI/navigation; destination resource read only
R13 Reel generation,G,GEN-02,GEN-02-I01,initial;loading;populated;failure;permission_denied;session_expired;offline;reconnecting;queued;running;partial_success;stalled;cancelling;cancelled;completed;retryable_failure;permanent_failure,visuals/desktop/GEN-02-default.svg;visuals/ios/GEN-02-default.svg,GEN-02-AT01,None: local UI/navigation; destination resource read only
R13 Reel generation,G,GEN-02,GEN-02-I02,initial;loading;populated;failure;permission_denied;session_expired;offline;reconnecting;queued;running;partial_success;stalled;cancelling;cancelled;completed;retryable_failure;permanent_failure,visuals/desktop/GEN-02-default.svg;visuals/ios/GEN-02-default.svg,GEN-02-AT02,POST /v1/jobs/{jobId}/retry
R13 Reel generation,G,GEN-02,GEN-02-I03,initial;loading;populated;failure;permission_denied;session_expired;offline;reconnecting;queued;running;partial_success;stalled;cancelling;cancelled;completed;retryable_failure;permanent_failure,visuals/desktop/GEN-02-default.svg;visuals/ios/GEN-02-default.svg,GEN-02-AT03,POST /v1/jobs/{jobId}/cancel
R13 Reel generation,G,GEN-02,GEN-02-I04,initial;loading;populated;failure;permission_denied;session_expired;offline;reconnecting;queued;running;partial_success;stalled;cancelling;cancelled;completed;retryable_failure;permanent_failure,visuals/desktop/GEN-02-default.svg;visuals/ios/GEN-02-default.svg,GEN-02-AT04,None: local UI/navigation; destination resource read only
R13 Reel generation,G,GEN-02,GEN-02-I05,initial;loading;populated;failure;permission_denied;session_expired;offline;reconnecting;queued;running;partial_success;stalled;cancelling;cancelled;completed;retryable_failure;permanent_failure,visuals/desktop/GEN-02-default.svg;visuals/ios/GEN-02-default.svg,GEN-02-AT05,None: local UI/navigation; destination resource read only
R13 Reel generation,G,GEN-02,GEN-02-EX6,initial;loading;populated;failure;permission_denied;session_expired;offline;reconnecting;queued;running;partial_success;stalled;cancelling;cancelled;completed;retryable_failure;permanent_failure,visuals/desktop/GEN-02-default.svg;visuals/ios/GEN-02-default.svg,GEN-02-EX6-AT,POST /v1/outputs/{outputId}/different-look
R13 Reel generation,G,GEN-02,GEN-02-EX7,initial;loading;populated;failure;permission_denied;session_expired;offline;reconnecting;queued;running;partial_success;stalled;cancelling;cancelled;completed;retryable_failure;permanent_failure,visuals/desktop/GEN-02-default.svg;visuals/ios/GEN-02-default.svg,GEN-02-EX7-AT,GET /v1/outputs/{outputId}/creative-plan
R13 Reel generation,H,REEL-01,REEL-01-I01,initial;loading;populated;failure;permission_denied;session_expired;offline;reconnecting;validation_error;unsaved;autosaving;saved;save_failed;conflict,visuals/desktop/REEL-01-default.svg;visuals/ios/REEL-01-default.svg,REEL-01-AT01,None: local UI/navigation; destination resource read only
R13 Reel generation,H,REEL-01,REEL-01-I02,initial;loading;populated;failure;permission_denied;session_expired;offline;reconnecting;validation_error;unsaved;autosaving;saved;save_failed;conflict,visuals/desktop/REEL-01-default.svg;visuals/ios/REEL-01-default.svg,REEL-01-AT02,None: local UI/navigation; destination resource read only
R13 Reel generation,H,REEL-01,REEL-01-I03,initial;loading;populated;failure;permission_denied;session_expired;offline;reconnecting;validation_error;unsaved;autosaving;saved;save_failed;conflict,visuals/desktop/REEL-01-default.svg;visuals/ios/REEL-01-default.svg,REEL-01-AT03,None: local UI/navigation; destination resource read only
R13 Reel generation,H,REEL-01,REEL-01-I04,initial;loading;populated;failure;permission_denied;session_expired;offline;reconnecting;validation_error;unsaved;autosaving;saved;save_failed;conflict,visuals/desktop/REEL-01-default.svg;visuals/ios/REEL-01-default.svg,REEL-01-AT04,None: local UI/navigation; destination resource read only
R13 Reel generation,H,REEL-01,REEL-01-I05,initial;loading;populated;failure;permission_denied;session_expired;offline;reconnecting;validation_error;unsaved;autosaving;saved;save_failed;conflict,visuals/desktop/REEL-01-default.svg;visuals/ios/REEL-01-default.svg,REEL-01-AT05,None on input; owning form Save contract
R13 Reel generation,H,REEL-01,REEL-01-I06,initial;loading;populated;failure;permission_denied;session_expired;offline;reconnecting;validation_error;unsaved;autosaving;saved;save_failed;conflict,visuals/desktop/REEL-01-default.svg;visuals/ios/REEL-01-default.svg,REEL-01-AT06,None: local UI/navigation; destination resource read only
R13 Reel generation,H,REEL-01,REEL-01-I07,initial;loading;populated;failure;permission_denied;session_expired;offline;reconnecting;validation_error;unsaved;autosaving;saved;save_failed;conflict,visuals/desktop/REEL-01-default.svg;visuals/ios/REEL-01-default.svg,REEL-01-AT07,PATCH /v1/outputs/{outputId}/timeline
R13 Reel generation,H,REEL-01,REEL-01-I08,initial;loading;populated;failure;permission_denied;session_expired;offline;reconnecting;validation_error;unsaved;autosaving;saved;save_failed;conflict,visuals/desktop/REEL-01-default.svg;visuals/ios/REEL-01-default.svg,REEL-01-AT08,PATCH /v1/outputs/{outputId}/timeline
R13 Reel generation,H,REEL-01,REEL-01-I09,initial;loading;populated;failure;permission_denied;session_expired;offline;reconnecting;validation_error;unsaved;autosaving;saved;save_failed;conflict,visuals/desktop/REEL-01-default.svg;visuals/ios/REEL-01-default.svg,REEL-01-AT09,PATCH /v1/outputs/{outputId}/timeline
R13 Reel generation,H,REEL-01,REEL-01-I10,initial;loading;populated;failure;permission_denied;session_expired;offline;reconnecting;validation_error;unsaved;autosaving;saved;save_failed;conflict,visuals/desktop/REEL-01-default.svg;visuals/ios/REEL-01-default.svg,REEL-01-AT10,None: navigation; target reads GET /v1/outputs/{outputId}/timeline
R13 Reel generation,H,REEL-01,REEL-01-I11,initial;loading;populated;failure;permission_denied;session_expired;offline;reconnecting;validation_error;unsaved;autosaving;saved;save_failed;conflict,visuals/desktop/REEL-01-default.svg;visuals/ios/REEL-01-default.svg,REEL-01-AT11,None: navigation; target reads GET /v1/outputs/{outputId}/timeline
R13 Reel generation,H,REEL-01,REEL-01-I12,initial;loading;populated;failure;permission_denied;session_expired;offline;reconnecting;validation_error;unsaved;autosaving;saved;save_failed;conflict,visuals/desktop/REEL-01-default.svg;visuals/ios/REEL-01-default.svg,REEL-01-AT12,None: navigation; target reads GET /v1/outputs/{outputId}/timeline
R13 Reel generation,H,REEL-01,REEL-01-I13,initial;loading;populated;failure;permission_denied;session_expired;offline;reconnecting;validation_error;unsaved;autosaving;saved;save_failed;conflict,visuals/desktop/REEL-01-default.svg;visuals/ios/REEL-01-default.svg,REEL-01-AT13,POST /v1/outputs/{outputId}/render
R13 Reel generation,H,REEL-01,REEL-01-I14,initial;loading;populated;failure;permission_denied;session_expired;offline;reconnecting;validation_error;unsaved;autosaving;saved;save_failed;conflict,visuals/desktop/REEL-01-default.svg;visuals/ios/REEL-01-default.svg,REEL-01-AT14,None: local UI/navigation; destination resource read only
R13 Reel generation,H,REEL-01,REEL-01-I15,initial;loading;populated;failure;permission_denied;session_expired;offline;reconnecting;validation_error;unsaved;autosaving;saved;save_failed;conflict,visuals/desktop/REEL-01-default.svg;visuals/ios/REEL-01-default.svg,REEL-01-AT15,None: local UI/navigation; destination resource read only
R13 Reel generation,H,REEL-01,REEL-01-I16,initial;loading;populated;failure;permission_denied;session_expired;offline;reconnecting;validation_error;unsaved;autosaving;saved;save_failed;conflict,visuals/desktop/REEL-01-default.svg;visuals/ios/REEL-01-default.svg,REEL-01-AT16,POST /v1/outputs/{outputId}/submit
R13 Reel generation,H,REEL-01,REEL-01-AI17,initial;loading;populated;failure;permission_denied;session_expired;offline;reconnecting;validation_error;unsaved;autosaving;saved;save_failed;conflict,visuals/desktop/REEL-01-default.svg;visuals/ios/REEL-01-default.svg,REEL-01-AI17-AT,POST /v1/outputs/{outputId}/different-look
R13 Reel generation,H,REEL-01,REEL-01-AI18,initial;loading;populated;failure;permission_denied;session_expired;offline;reconnecting;validation_error;unsaved;autosaving;saved;save_failed;conflict,visuals/desktop/REEL-01-default.svg;visuals/ios/REEL-01-default.svg,REEL-01-AI18-AT,GET /v1/outputs/{outputId}/creative-plan
R14 Reel edit,H,REEL-01,REEL-01-I01,initial;loading;populated;failure;permission_denied;session_expired;offline;reconnecting;validation_error;unsaved;autosaving;saved;save_failed;conflict,visuals/desktop/REEL-01-default.svg;visuals/ios/REEL-01-default.svg,REEL-01-AT01,None: local UI/navigation; destination resource read only
R14 Reel edit,H,REEL-01,REEL-01-I02,initial;loading;populated;failure;permission_denied;session_expired;offline;reconnecting;validation_error;unsaved;autosaving;saved;save_failed;conflict,visuals/desktop/REEL-01-default.svg;visuals/ios/REEL-01-default.svg,REEL-01-AT02,None: local UI/navigation; destination resource read only
R14 Reel edit,H,REEL-01,REEL-01-I03,initial;loading;populated;failure;permission_denied;session_expired;offline;reconnecting;validation_error;unsaved;autosaving;saved;save_failed;conflict,visuals/desktop/REEL-01-default.svg;visuals/ios/REEL-01-default.svg,REEL-01-AT03,None: local UI/navigation; destination resource read only
R14 Reel edit,H,REEL-01,REEL-01-I04,initial;loading;populated;failure;permission_denied;session_expired;offline;reconnecting;validation_error;unsaved;autosaving;saved;save_failed;conflict,visuals/desktop/REEL-01-default.svg;visuals/ios/REEL-01-default.svg,REEL-01-AT04,None: local UI/navigation; destination resource read only
R14 Reel edit,H,REEL-01,REEL-01-I05,initial;loading;populated;failure;permission_denied;session_expired;offline;reconnecting;validation_error;unsaved;autosaving;saved;save_failed;conflict,visuals/desktop/REEL-01-default.svg;visuals/ios/REEL-01-default.svg,REEL-01-AT05,None on input; owning form Save contract
R14 Reel edit,H,REEL-01,REEL-01-I06,initial;loading;populated;failure;permission_denied;session_expired;offline;reconnecting;validation_error;unsaved;autosaving;saved;save_failed;conflict,visuals/desktop/REEL-01-default.svg;visuals/ios/REEL-01-default.svg,REEL-01-AT06,None: local UI/navigation; destination resource read only
R14 Reel edit,H,REEL-01,REEL-01-I07,initial;loading;populated;failure;permission_denied;session_expired;offline;reconnecting;validation_error;unsaved;autosaving;saved;save_failed;conflict,visuals/desktop/REEL-01-default.svg;visuals/ios/REEL-01-default.svg,REEL-01-AT07,PATCH /v1/outputs/{outputId}/timeline
R14 Reel edit,H,REEL-01,REEL-01-I08,initial;loading;populated;failure;permission_denied;session_expired;offline;reconnecting;validation_error;unsaved;autosaving;saved;save_failed;conflict,visuals/desktop/REEL-01-default.svg;visuals/ios/REEL-01-default.svg,REEL-01-AT08,PATCH /v1/outputs/{outputId}/timeline
R14 Reel edit,H,REEL-01,REEL-01-I09,initial;loading;populated;failure;permission_denied;session_expired;offline;reconnecting;validation_error;unsaved;autosaving;saved;save_failed;conflict,visuals/desktop/REEL-01-default.svg;visuals/ios/REEL-01-default.svg,REEL-01-AT09,PATCH /v1/outputs/{outputId}/timeline
R14 Reel edit,H,REEL-01,REEL-01-I10,initial;loading;populated;failure;permission_denied;session_expired;offline;reconnecting;validation_error;unsaved;autosaving;saved;save_failed;conflict,visuals/desktop/REEL-01-default.svg;visuals/ios/REEL-01-default.svg,REEL-01-AT10,None: navigation; target reads GET /v1/outputs/{outputId}/timeline
R14 Reel edit,H,REEL-01,REEL-01-I11,initial;loading;populated;failure;permission_denied;session_expired;offline;reconnecting;validation_error;unsaved;autosaving;saved;save_failed;conflict,visuals/desktop/REEL-01-default.svg;visuals/ios/REEL-01-default.svg,REEL-01-AT11,None: navigation; target reads GET /v1/outputs/{outputId}/timeline
R14 Reel edit,H,REEL-01,REEL-01-I12,initial;loading;populated;failure;permission_denied;session_expired;offline;reconnecting;validation_error;unsaved;autosaving;saved;save_failed;conflict,visuals/desktop/REEL-01-default.svg;visuals/ios/REEL-01-default.svg,REEL-01-AT12,None: navigation; target reads GET /v1/outputs/{outputId}/timeline
R14 Reel edit,H,REEL-01,REEL-01-I13,initial;loading;populated;failure;permission_denied;session_expired;offline;reconnecting;validation_error;unsaved;autosaving;saved;save_failed;conflict,visuals/desktop/REEL-01-default.svg;visuals/ios/REEL-01-default.svg,REEL-01-AT13,POST /v1/outputs/{outputId}/render
R14 Reel edit,H,REEL-01,REEL-01-I14,initial;loading;populated;failure;permission_denied;session_expired;offline;reconnecting;validation_error;unsaved;autosaving;saved;save_failed;conflict,visuals/desktop/REEL-01-default.svg;visuals/ios/REEL-01-default.svg,REEL-01-AT14,None: local UI/navigation; destination resource read only
R14 Reel edit,H,REEL-01,REEL-01-I15,initial;loading;populated;failure;permission_denied;session_expired;offline;reconnecting;validation_error;unsaved;autosaving;saved;save_failed;conflict,visuals/desktop/REEL-01-default.svg;visuals/ios/REEL-01-default.svg,REEL-01-AT15,None: local UI/navigation; destination resource read only
R14 Reel edit,H,REEL-01,REEL-01-I16,initial;loading;populated;failure;permission_denied;session_expired;offline;reconnecting;validation_error;unsaved;autosaving;saved;save_failed;conflict,visuals/desktop/REEL-01-default.svg;visuals/ios/REEL-01-default.svg,REEL-01-AT16,POST /v1/outputs/{outputId}/submit
R14 Reel edit,H,REEL-01,REEL-01-AI17,initial;loading;populated;failure;permission_denied;session_expired;offline;reconnecting;validation_error;unsaved;autosaving;saved;save_failed;conflict,visuals/desktop/REEL-01-default.svg;visuals/ios/REEL-01-default.svg,REEL-01-AI17-AT,POST /v1/outputs/{outputId}/different-look
R14 Reel edit,H,REEL-01,REEL-01-AI18,initial;loading;populated;failure;permission_denied;session_expired;offline;reconnecting;validation_error;unsaved;autosaving;saved;save_failed;conflict,visuals/desktop/REEL-01-default.svg;visuals/ios/REEL-01-default.svg,REEL-01-AI18-AT,GET /v1/outputs/{outputId}/creative-plan
R14 Reel edit,H,REEL-02,REEL-02-I01,initial;loading;populated;failure;permission_denied;session_expired;offline;reconnecting;validation_error;unsaved;autosaving;saved;save_failed;conflict,visuals/desktop/REEL-02-default.svg;visuals/ios/REEL-02-default.svg,REEL-02-AT01,PATCH /v1/outputs/{outputId}/timeline
R14 Reel edit,H,REEL-02,REEL-02-I02,initial;loading;populated;failure;permission_denied;session_expired;offline;reconnecting;validation_error;unsaved;autosaving;saved;save_failed;conflict,visuals/desktop/REEL-02-default.svg;visuals/ios/REEL-02-default.svg,REEL-02-AT02,POST /v1/outputs/{outputId}/script/suggestions
R14 Reel edit,H,REEL-02,REEL-02-I03,initial;loading;populated;failure;permission_denied;session_expired;offline;reconnecting;validation_error;unsaved;autosaving;saved;save_failed;conflict,visuals/desktop/REEL-02-default.svg;visuals/ios/REEL-02-default.svg,REEL-02-AT03,None: local UI/navigation; destination resource read only
R14 Reel edit,H,REEL-02,REEL-02-I04,initial;loading;populated;failure;permission_denied;session_expired;offline;reconnecting;validation_error;unsaved;autosaving;saved;save_failed;conflict,visuals/desktop/REEL-02-default.svg;visuals/ios/REEL-02-default.svg,REEL-02-AT04,None: local UI/navigation; destination resource read only
R14 Reel edit,H,REEL-03,REEL-03-I01,initial;loading;populated;failure;permission_denied;session_expired;offline;reconnecting;validation_error;unsaved;autosaving;saved;save_failed;conflict,visuals/desktop/REEL-03-default.svg;visuals/ios/REEL-03-default.svg,REEL-03-AT01,None: local UI/navigation; destination resource read only
R14 Reel edit,H,REEL-03,REEL-03-I02,initial;loading;populated;failure;permission_denied;session_expired;offline;reconnecting;validation_error;unsaved;autosaving;saved;save_failed;conflict,visuals/desktop/REEL-03-default.svg;visuals/ios/REEL-03-default.svg,REEL-03-AT02,PATCH /v1/outputs/{outputId}/timeline
R14 Reel edit,H,REEL-03,REEL-03-I03,initial;loading;populated;failure;permission_denied;session_expired;offline;reconnecting;validation_error;unsaved;autosaving;saved;save_failed;conflict,visuals/desktop/REEL-03-default.svg;visuals/ios/REEL-03-default.svg,REEL-03-AT03,PATCH /v1/outputs/{outputId}/timeline
R14 Reel edit,H,REEL-03,REEL-03-I04,initial;loading;populated;failure;permission_denied;session_expired;offline;reconnecting;validation_error;unsaved;autosaving;saved;save_failed;conflict,visuals/desktop/REEL-03-default.svg;visuals/ios/REEL-03-default.svg,REEL-03-AT04,PATCH /v1/outputs/{outputId}/timeline
R14 Reel edit,H,REEL-03,REEL-03-I05,initial;loading;populated;failure;permission_denied;session_expired;offline;reconnecting;validation_error;unsaved;autosaving;saved;save_failed;conflict,visuals/desktop/REEL-03-default.svg;visuals/ios/REEL-03-default.svg,REEL-03-AT05,None: local UI/navigation; destination resource read only
R14 Reel edit,H,REEL-04,REEL-04-I01,initial;loading;populated;failure;permission_denied;session_expired;offline;reconnecting;validation_error;unsaved;autosaving;saved;save_failed;conflict,visuals/desktop/REEL-04-default.svg;visuals/ios/REEL-04-default.svg,REEL-04-AT01,PATCH /v1/outputs/{outputId}/timeline
R14 Reel edit,H,REEL-04,REEL-04-I02,initial;loading;populated;failure;permission_denied;session_expired;offline;reconnecting;validation_error;unsaved;autosaving;saved;save_failed;conflict,visuals/desktop/REEL-04-default.svg;visuals/ios/REEL-04-default.svg,REEL-04-AT02,PATCH /v1/outputs/{outputId}/timeline
R14 Reel edit,H,REEL-04,REEL-04-I04,initial;loading;populated;failure;permission_denied;session_expired;offline;reconnecting;validation_error;unsaved;autosaving;saved;save_failed;conflict,visuals/desktop/REEL-04-default.svg;visuals/ios/REEL-04-default.svg,REEL-04-AT04,POST /v1/outputs/{outputId}/scenes/{sceneId}/generate
R14 Reel edit,H,REEL-04,REEL-04-I05,initial;loading;populated;failure;permission_denied;session_expired;offline;reconnecting;validation_error;unsaved;autosaving;saved;save_failed;conflict,visuals/desktop/REEL-04-default.svg;visuals/ios/REEL-04-default.svg,REEL-04-AT05,None: local UI/navigation; destination resource read only
R14 Reel edit,H,REEL-04,REEL-04-I06,initial;loading;populated;failure;permission_denied;session_expired;offline;reconnecting;validation_error;unsaved;autosaving;saved;save_failed;conflict,visuals/desktop/REEL-04-default.svg;visuals/ios/REEL-04-default.svg,REEL-04-AT06,None: local UI/navigation; destination resource read only
R14 Reel edit,H,REEL-05,REEL-05-I01,initial;loading;populated;failure;permission_denied;session_expired;offline;reconnecting;validation_error;unsaved;autosaving;saved;save_failed;conflict,visuals/desktop/REEL-05-default.svg;visuals/ios/REEL-05-default.svg,REEL-05-AT01,None: local UI/navigation; destination resource read only
R14 Reel edit,H,REEL-05,REEL-05-I02,initial;loading;populated;failure;permission_denied;session_expired;offline;reconnecting;validation_error;unsaved;autosaving;saved;save_failed;conflict,visuals/desktop/REEL-05-default.svg;visuals/ios/REEL-05-default.svg,REEL-05-AT02,PATCH /v1/outputs/{outputId}/timeline
R14 Reel edit,H,REEL-05,REEL-05-I03,initial;loading;populated;failure;permission_denied;session_expired;offline;reconnecting;validation_error;unsaved;autosaving;saved;save_failed;conflict,visuals/desktop/REEL-05-default.svg;visuals/ios/REEL-05-default.svg,REEL-05-AT03,PATCH /v1/outputs/{outputId}/timeline
R14 Reel edit,H,REEL-05,REEL-05-I04,initial;loading;populated;failure;permission_denied;session_expired;offline;reconnecting;validation_error;unsaved;autosaving;saved;save_failed;conflict,visuals/desktop/REEL-05-default.svg;visuals/ios/REEL-05-default.svg,REEL-05-AT04,POST /v1/outputs/{outputId}/audio/uploads
R14 Reel edit,H,REEL-05,REEL-05-I05,initial;loading;populated;failure;permission_denied;session_expired;offline;reconnecting;validation_error;unsaved;autosaving;saved;save_failed;conflict,visuals/desktop/REEL-05-default.svg;visuals/ios/REEL-05-default.svg,REEL-05-AT05,PATCH /v1/outputs/{outputId}/timeline
R14 Reel edit,H,REEL-05,REEL-05-I06,initial;loading;populated;failure;permission_denied;session_expired;offline;reconnecting;validation_error;unsaved;autosaving;saved;save_failed;conflict,visuals/desktop/REEL-05-default.svg;visuals/ios/REEL-05-default.svg,REEL-05-AT06,PATCH /v1/outputs/{outputId}/timeline
R14 Reel edit,H,REEL-05,REEL-05-I07,initial;loading;populated;failure;permission_denied;session_expired;offline;reconnecting;validation_error;unsaved;autosaving;saved;save_failed;conflict,visuals/desktop/REEL-05-default.svg;visuals/ios/REEL-05-default.svg,REEL-05-AT07,PATCH /v1/outputs/{outputId}/timeline
R14 Reel edit,H,REEL-05,REEL-05-I08,initial;loading;populated;failure;permission_denied;session_expired;offline;reconnecting;validation_error;unsaved;autosaving;saved;save_failed;conflict,visuals/desktop/REEL-05-default.svg;visuals/ios/REEL-05-default.svg,REEL-05-AT08,None: local UI/navigation; destination resource read only
R14 Reel edit,H,REEL-05,REEL-05-I09,initial;loading;populated;failure;permission_denied;session_expired;offline;reconnecting;validation_error;unsaved;autosaving;saved;save_failed;conflict,visuals/desktop/REEL-05-default.svg;visuals/ios/REEL-05-default.svg,REEL-05-AT09,None: local UI/navigation; destination resource read only
R14 Reel edit,H,REEL-05,REEL-05-I10,initial;loading;populated;failure;permission_denied;session_expired;offline;reconnecting;validation_error;unsaved;autosaving;saved;save_failed;conflict,visuals/desktop/REEL-05-default.svg;visuals/ios/REEL-05-default.svg,REEL-05-AT10,POST /v1/outputs/{outputId}/voiceover
R14 Reel edit,H,REEL-06,REEL-06-I01,initial;loading;populated;failure;permission_denied;session_expired;offline;reconnecting;validation_error;unsaved;autosaving;saved;save_failed;conflict,visuals/desktop/REEL-06-default.svg;visuals/ios/REEL-06-default.svg,REEL-06-AT01,None: local UI/navigation; destination resource read only
R14 Reel edit,H,REEL-06,REEL-06-I02,initial;loading;populated;failure;permission_denied;session_expired;offline;reconnecting;validation_error;unsaved;autosaving;saved;save_failed;conflict,visuals/desktop/REEL-06-default.svg;visuals/ios/REEL-06-default.svg,REEL-06-AT02,PATCH /v1/outputs/{outputId}/timeline
R14 Reel edit,H,REEL-06,REEL-06-I03,initial;loading;populated;failure;permission_denied;session_expired;offline;reconnecting;validation_error;unsaved;autosaving;saved;save_failed;conflict,visuals/desktop/REEL-06-default.svg;visuals/ios/REEL-06-default.svg,REEL-06-AT03,PATCH /v1/outputs/{outputId}/timeline
R14 Reel edit,H,REEL-06,REEL-06-I04,initial;loading;populated;failure;permission_denied;session_expired;offline;reconnecting;validation_error;unsaved;autosaving;saved;save_failed;conflict,visuals/desktop/REEL-06-default.svg;visuals/ios/REEL-06-default.svg,REEL-06-AT04,PATCH /v1/outputs/{outputId}/timeline
R14 Reel edit,H,REEL-06,REEL-06-I05,initial;loading;populated;failure;permission_denied;session_expired;offline;reconnecting;validation_error;unsaved;autosaving;saved;save_failed;conflict,visuals/desktop/REEL-06-default.svg;visuals/ios/REEL-06-default.svg,REEL-06-AT05,None: local UI/navigation; destination resource read only
R14 Reel edit,H,REEL-06,REEL-06-I06,initial;loading;populated;failure;permission_denied;session_expired;offline;reconnecting;validation_error;unsaved;autosaving;saved;save_failed;conflict,visuals/desktop/REEL-06-default.svg;visuals/ios/REEL-06-default.svg,REEL-06-AT06,None: local UI/navigation; destination resource read only
R14 Reel edit,H,REEL-06,REEL-06-I07,initial;loading;populated;failure;permission_denied;session_expired;offline;reconnecting;validation_error;unsaved;autosaving;saved;save_failed;conflict,visuals/desktop/REEL-06-default.svg;visuals/ios/REEL-06-default.svg,REEL-06-AT07,POST /v1/outputs/{outputId}/subtitles
R15 Captions/hashtags,F,CAP-01,CAP-01-I01,initial;loading;populated;failure;permission_denied;session_expired;offline;reconnecting;validation_error;unsaved;autosaving;saved;save_failed;conflict,visuals/desktop/CAP-01-default.svg;visuals/ios/CAP-01-default.svg,CAP-01-AT01,PATCH /v1/outputs/{outputId}/caption
R15 Captions/hashtags,F,CAP-01,CAP-01-I02,initial;loading;populated;failure;permission_denied;session_expired;offline;reconnecting;validation_error;unsaved;autosaving;saved;save_failed;conflict,visuals/desktop/CAP-01-default.svg;visuals/ios/CAP-01-default.svg,CAP-01-AT02,PATCH /v1/outputs/{outputId}/caption
R15 Captions/hashtags,F,CAP-01,CAP-01-I03,initial;loading;populated;failure;permission_denied;session_expired;offline;reconnecting;validation_error;unsaved;autosaving;saved;save_failed;conflict,visuals/desktop/CAP-01-default.svg;visuals/ios/CAP-01-default.svg,CAP-01-AT03,POST /v1/outputs/{outputId}/caption/suggestions
R15 Captions/hashtags,F,CAP-01,CAP-01-I04,initial;loading;populated;failure;permission_denied;session_expired;offline;reconnecting;validation_error;unsaved;autosaving;saved;save_failed;conflict,visuals/desktop/CAP-01-default.svg;visuals/ios/CAP-01-default.svg,CAP-01-AT04,None: local UI/navigation; destination resource read only
R15 Captions/hashtags,F,CAP-01,CAP-01-I05,initial;loading;populated;failure;permission_denied;session_expired;offline;reconnecting;validation_error;unsaved;autosaving;saved;save_failed;conflict,visuals/desktop/CAP-01-default.svg;visuals/ios/CAP-01-default.svg,CAP-01-AT05,None: local UI/navigation; destination resource read only
R15 Captions/hashtags,F,CAP-01,CAP-01-I06,initial;loading;populated;failure;permission_denied;session_expired;offline;reconnecting;validation_error;unsaved;autosaving;saved;save_failed;conflict,visuals/desktop/CAP-01-default.svg;visuals/ios/CAP-01-default.svg,CAP-01-AT06,None: local UI/navigation; destination resource read only
R16 Preview,I,PRE-01,PRE-01-I01,initial;loading;populated;failure;permission_denied;session_expired;offline;reconnecting,visuals/desktop/PRE-01-default.svg;visuals/ios/PRE-01-default.svg,PRE-01-AT01,None: local UI/navigation; destination resource read only
R16 Preview,I,PRE-01,PRE-01-I02,initial;loading;populated;failure;permission_denied;session_expired;offline;reconnecting,visuals/desktop/PRE-01-default.svg;visuals/ios/PRE-01-default.svg,PRE-01-AT02,None: local UI/navigation; destination resource read only
R16 Preview,I,PRE-01,PRE-01-I03,initial;loading;populated;failure;permission_denied;session_expired;offline;reconnecting,visuals/desktop/PRE-01-default.svg;visuals/ios/PRE-01-default.svg,PRE-01-AT03,None: local UI/navigation; destination resource read only
R16 Preview,I,PRE-01,PRE-01-I04,initial;loading;populated;failure;permission_denied;session_expired;offline;reconnecting,visuals/desktop/PRE-01-default.svg;visuals/ios/PRE-01-default.svg,PRE-01-AT04,None: local UI/navigation; destination resource read only
R16 Preview,I,PRE-01,PRE-01-I05,initial;loading;populated;failure;permission_denied;session_expired;offline;reconnecting,visuals/desktop/PRE-01-default.svg;visuals/ios/PRE-01-default.svg,PRE-01-AT05,GET /v1/outputs/{outputId}/exports/{revision}
R16 Preview,I,PRE-01,PRE-01-I06,initial;loading;populated;failure;permission_denied;session_expired;offline;reconnecting,visuals/desktop/PRE-01-default.svg;visuals/ios/PRE-01-default.svg,PRE-01-AT06,None: local UI/navigation; destination resource read only
R16 Preview,I,PRE-01,PRE-01-I07,initial;loading;populated;failure;permission_denied;session_expired;offline;reconnecting,visuals/desktop/PRE-01-default.svg;visuals/ios/PRE-01-default.svg,PRE-01-AT07,None: local UI/navigation; destination resource read only
R16 Preview,I,PRE-02,PRE-02-I01,initial;loading;populated;failure;permission_denied;session_expired;offline;reconnecting,visuals/desktop/PRE-02-default.svg;visuals/ios/PRE-02-default.svg,PRE-02-AT01,None: local UI/navigation; destination resource read only
R16 Preview,I,PRE-02,PRE-02-I02,initial;loading;populated;failure;permission_denied;session_expired;offline;reconnecting,visuals/desktop/PRE-02-default.svg;visuals/ios/PRE-02-default.svg,PRE-02-AT02,None: local UI/navigation; destination resource read only
R16 Preview,I,PRE-02,PRE-02-I03,initial;loading;populated;failure;permission_denied;session_expired;offline;reconnecting,visuals/desktop/PRE-02-default.svg;visuals/ios/PRE-02-default.svg,PRE-02-AT03,None: local UI/navigation; destination resource read only
R16 Preview,I,PRE-02,PRE-02-I04,initial;loading;populated;failure;permission_denied;session_expired;offline;reconnecting,visuals/desktop/PRE-02-default.svg;visuals/ios/PRE-02-default.svg,PRE-02-AT04,None: local UI/navigation; destination resource read only
R16 Preview,I,PRE-02,PRE-02-I05,initial;loading;populated;failure;permission_denied;session_expired;offline;reconnecting,visuals/desktop/PRE-02-default.svg;visuals/ios/PRE-02-default.svg,PRE-02-AT05,None: local UI/navigation; destination resource read only
R16 Preview,I,PRE-02,PRE-02-I06,initial;loading;populated;failure;permission_denied;session_expired;offline;reconnecting,visuals/desktop/PRE-02-default.svg;visuals/ios/PRE-02-default.svg,PRE-02-AT06,GET /v1/outputs/{outputId}/exports/{revision}
R16 Preview,I,PRE-02,PRE-02-I07,initial;loading;populated;failure;permission_denied;session_expired;offline;reconnecting,visuals/desktop/PRE-02-default.svg;visuals/ios/PRE-02-default.svg,PRE-02-AT07,None: local UI/navigation; destination resource read only
R16 Preview,I,PRE-02,PRE-02-I08,initial;loading;populated;failure;permission_denied;session_expired;offline;reconnecting,visuals/desktop/PRE-02-default.svg;visuals/ios/PRE-02-default.svg,PRE-02-AT08,None: local UI/navigation; destination resource read only
R17 Review/approval,I,REVIEW-01,REVIEW-01-I01,initial;loading;populated;failure;permission_denied;session_expired;offline;reconnecting;empty;skeleton,visuals/desktop/REVIEW-01-default.svg;visuals/ios/REVIEW-01-default.svg,REVIEW-01-AT01,None: local UI/navigation; destination resource read only
R17 Review/approval,I,REVIEW-01,REVIEW-01-I02,initial;loading;populated;failure;permission_denied;session_expired;offline;reconnecting;empty;skeleton,visuals/desktop/REVIEW-01-default.svg;visuals/ios/REVIEW-01-default.svg,REVIEW-01-AT02,None: local UI/navigation; destination resource read only
R17 Review/approval,I,REVIEW-01,REVIEW-01-I03,initial;loading;populated;failure;permission_denied;session_expired;offline;reconnecting;empty;skeleton,visuals/desktop/REVIEW-01-default.svg;visuals/ios/REVIEW-01-default.svg,REVIEW-01-AT03,None: local UI/navigation; destination resource read only
R17 Review/approval,I,REVIEW-02,REVIEW-02-I01,initial;loading;populated;failure;permission_denied;session_expired;offline;reconnecting,visuals/desktop/REVIEW-02-default.svg;visuals/ios/REVIEW-02-default.svg,REVIEW-02-AT01,None: local UI/navigation; destination resource read only
R17 Review/approval,I,REVIEW-02,REVIEW-02-I02,initial;loading;populated;failure;permission_denied;session_expired;offline;reconnecting,visuals/desktop/REVIEW-02-default.svg;visuals/ios/REVIEW-02-default.svg,REVIEW-02-AT02,None: local UI/navigation; destination resource read only
R17 Review/approval,I,REVIEW-02,REVIEW-02-I03,initial;loading;populated;failure;permission_denied;session_expired;offline;reconnecting,visuals/desktop/REVIEW-02-default.svg;visuals/ios/REVIEW-02-default.svg,REVIEW-02-AT03,None: local UI/navigation; destination resource read only
R17 Review/approval,I,REVIEW-02,REVIEW-02-I04,initial;loading;populated;failure;permission_denied;session_expired;offline;reconnecting,visuals/desktop/REVIEW-02-default.svg;visuals/ios/REVIEW-02-default.svg,REVIEW-02-AT04,None: local UI/navigation; destination resource read only
R17 Review/approval,I,REVIEW-02,REVIEW-02-I05,initial;loading;populated;failure;permission_denied;session_expired;offline;reconnecting,visuals/desktop/REVIEW-02-default.svg;visuals/ios/REVIEW-02-default.svg,REVIEW-02-AT05,POST /v1/outputs/{outputId}/approve
R17 Review/approval,I,REVIEW-02,REVIEW-02-I06,initial;loading;populated;failure;permission_denied;session_expired;offline;reconnecting,visuals/desktop/REVIEW-02-default.svg;visuals/ios/REVIEW-02-default.svg,REVIEW-02-AT06,None: local UI/navigation; destination resource read only
R17 Review/approval,I,REVIEW-02,REVIEW-02-I07,initial;loading;populated;failure;permission_denied;session_expired;offline;reconnecting,visuals/desktop/REVIEW-02-default.svg;visuals/ios/REVIEW-02-default.svg,REVIEW-02-AT07,None: local UI/navigation; destination resource read only
R17 Review/approval,I,REVIEW-02,REVIEW-02-I08,initial;loading;populated;failure;permission_denied;session_expired;offline;reconnecting,visuals/desktop/REVIEW-02-default.svg;visuals/ios/REVIEW-02-default.svg,REVIEW-02-AT08,None: local UI/navigation; destination resource read only
R17 Review/approval,I,REVIEW-02,REVIEW-02-EX9,initial;loading;populated;failure;permission_denied;session_expired;offline;reconnecting,visuals/desktop/REVIEW-02-default.svg;visuals/ios/REVIEW-02-default.svg,REVIEW-02-EX9-AT,POST /v1/outputs/{outputId}/diversity/acknowledge
R18 Revision requests,I,REVIEW-03,REVIEW-03-I01,initial;loading;populated;failure;permission_denied;session_expired;offline;reconnecting;validation_error;unsaved;autosaving;saved;save_failed;conflict,visuals/desktop/REVIEW-03-default.svg;visuals/ios/REVIEW-03-default.svg,REVIEW-03-AT01,None on input; owning form Save contract
R18 Revision requests,I,REVIEW-03,REVIEW-03-I02,initial;loading;populated;failure;permission_denied;session_expired;offline;reconnecting;validation_error;unsaved;autosaving;saved;save_failed;conflict,visuals/desktop/REVIEW-03-default.svg;visuals/ios/REVIEW-03-default.svg,REVIEW-03-AT02,None on input; owning form Save contract
R18 Revision requests,I,REVIEW-03,REVIEW-03-I03,initial;loading;populated;failure;permission_denied;session_expired;offline;reconnecting;validation_error;unsaved;autosaving;saved;save_failed;conflict,visuals/desktop/REVIEW-03-default.svg;visuals/ios/REVIEW-03-default.svg,REVIEW-03-AT03,POST /v1/outputs/{outputId}/changes
R18 Revision requests,I,REVIEW-03,REVIEW-03-I04,initial;loading;populated;failure;permission_denied;session_expired;offline;reconnecting;validation_error;unsaved;autosaving;saved;save_failed;conflict,visuals/desktop/REVIEW-03-default.svg;visuals/ios/REVIEW-03-default.svg,REVIEW-03-AT04,None: local UI/navigation; destination resource read only
R19 Publish/schedule,J,PUB-01,PUB-01-I01,initial;loading;populated;failure;permission_denied;session_expired;offline;reconnecting,visuals/desktop/PUB-01-default.svg;visuals/ios/PUB-01-default.svg,PUB-01-AT01,None on input; owning form Save contract
R19 Publish/schedule,J,PUB-01,PUB-01-I02,initial;loading;populated;failure;permission_denied;session_expired;offline;reconnecting,visuals/desktop/PUB-01-default.svg;visuals/ios/PUB-01-default.svg,PUB-01-AT02,None on input; owning form Save contract
R19 Publish/schedule,J,PUB-01,PUB-01-I03,initial;loading;populated;failure;permission_denied;session_expired;offline;reconnecting,visuals/desktop/PUB-01-default.svg;visuals/ios/PUB-01-default.svg,PUB-01-AT03,None on input; owning form Save contract
R19 Publish/schedule,J,PUB-01,PUB-01-I04,initial;loading;populated;failure;permission_denied;session_expired;offline;reconnecting,visuals/desktop/PUB-01-default.svg;visuals/ios/PUB-01-default.svg,PUB-01-AT04,None on input; owning form Save contract
R19 Publish/schedule,J,PUB-01,PUB-01-I05,initial;loading;populated;failure;permission_denied;session_expired;offline;reconnecting,visuals/desktop/PUB-01-default.svg;visuals/ios/PUB-01-default.svg,PUB-01-AT05,POST /v1/publications/preflight
R19 Publish/schedule,J,PUB-01,PUB-01-I06,initial;loading;populated;failure;permission_denied;session_expired;offline;reconnecting,visuals/desktop/PUB-01-default.svg;visuals/ios/PUB-01-default.svg,PUB-01-AT06,POST /v1/publications
R19 Publish/schedule,J,PUB-01,PUB-01-I07,initial;loading;populated;failure;permission_denied;session_expired;offline;reconnecting,visuals/desktop/PUB-01-default.svg;visuals/ios/PUB-01-default.svg,PUB-01-AT07,POST /v1/publications
R19 Publish/schedule,J,PUB-01,PUB-01-I08,initial;loading;populated;failure;permission_denied;session_expired;offline;reconnecting,visuals/desktop/PUB-01-default.svg;visuals/ios/PUB-01-default.svg,PUB-01-AT08,None: local UI/navigation; destination resource read only
R19 Publish/schedule,J,PUB-02,PUB-02-I01,initial;loading;populated;failure;permission_denied;session_expired;offline;reconnecting,visuals/desktop/PUB-02-default.svg;visuals/ios/PUB-02-default.svg,PUB-02-AT01,None: local UI/navigation; destination resource read only
R19 Publish/schedule,J,PUB-02,PUB-02-I02,initial;loading;populated;failure;permission_denied;session_expired;offline;reconnecting,visuals/desktop/PUB-02-default.svg;visuals/ios/PUB-02-default.svg,PUB-02-AT02,None: local UI/navigation; destination resource read only
R19 Publish/schedule,J,PUB-02,PUB-02-I03,initial;loading;populated;failure;permission_denied;session_expired;offline;reconnecting,visuals/desktop/PUB-02-default.svg;visuals/ios/PUB-02-default.svg,PUB-02-AT03,None: local UI/navigation; destination resource read only
R19 Publish/schedule,J,PUB-02,PUB-02-I04,initial;loading;populated;failure;permission_denied;session_expired;offline;reconnecting,visuals/desktop/PUB-02-default.svg;visuals/ios/PUB-02-default.svg,PUB-02-AT04,None: local UI/navigation; destination resource read only
R19 Publish/schedule,J,PUB-02,PUB-02-I05,initial;loading;populated;failure;permission_denied;session_expired;offline;reconnecting,visuals/desktop/PUB-02-default.svg;visuals/ios/PUB-02-default.svg,PUB-02-AT05,None: local UI/navigation; destination resource read only
R19 Publish/schedule,J,PUB-02,PUB-02-I06,initial;loading;populated;failure;permission_denied;session_expired;offline;reconnecting,visuals/desktop/PUB-02-default.svg;visuals/ios/PUB-02-default.svg,PUB-02-AT06,POST /v1/publications/{publicationId}/resume
R19 Publish/schedule,J,PUB-03,PUB-03-I01,initial;loading;populated;failure;permission_denied;session_expired;offline;reconnecting;validation_error;unsaved;autosaving;saved;save_failed;conflict,visuals/desktop/PUB-03-default.svg;visuals/ios/PUB-03-default.svg,PUB-03-AT01,None on input; owning form Save contract
R19 Publish/schedule,J,PUB-03,PUB-03-I02,initial;loading;populated;failure;permission_denied;session_expired;offline;reconnecting;validation_error;unsaved;autosaving;saved;save_failed;conflict,visuals/desktop/PUB-03-default.svg;visuals/ios/PUB-03-default.svg,PUB-03-AT02,None on input; owning form Save contract
R19 Publish/schedule,J,PUB-03,PUB-03-I03,initial;loading;populated;failure;permission_denied;session_expired;offline;reconnecting;validation_error;unsaved;autosaving;saved;save_failed;conflict,visuals/desktop/PUB-03-default.svg;visuals/ios/PUB-03-default.svg,PUB-03-AT03,None on input; owning form Save contract
R19 Publish/schedule,J,PUB-03,PUB-03-I04,initial;loading;populated;failure;permission_denied;session_expired;offline;reconnecting;validation_error;unsaved;autosaving;saved;save_failed;conflict,visuals/desktop/PUB-03-default.svg;visuals/ios/PUB-03-default.svg,PUB-03-AT04,POST /v1/publications/{publicationId}/reconcile
R19 Publish/schedule,J,PUB-03,PUB-03-I05,initial;loading;populated;failure;permission_denied;session_expired;offline;reconnecting;validation_error;unsaved;autosaving;saved;save_failed;conflict,visuals/desktop/PUB-03-default.svg;visuals/ios/PUB-03-default.svg,PUB-03-AT05,None: local UI/navigation; destination resource read only
R19 Publish/schedule,J,CAL-01,CAL-01-I01,initial;loading;populated;failure;permission_denied;session_expired;offline;reconnecting,visuals/desktop/CAL-01-default.svg;visuals/ios/CAL-01-default.svg,CAL-01-AT01,None: local UI/navigation; destination resource read only
R19 Publish/schedule,J,CAL-01,CAL-01-I02,initial;loading;populated;failure;permission_denied;session_expired;offline;reconnecting,visuals/desktop/CAL-01-default.svg;visuals/ios/CAL-01-default.svg,CAL-01-AT02,None: local UI/navigation; destination resource read only
R19 Publish/schedule,J,CAL-01,CAL-01-I03,initial;loading;populated;failure;permission_denied;session_expired;offline;reconnecting,visuals/desktop/CAL-01-default.svg;visuals/ios/CAL-01-default.svg,CAL-01-AT03,None: local UI/navigation; destination resource read only
R19 Publish/schedule,J,CAL-01,CAL-01-I04,initial;loading;populated;failure;permission_denied;session_expired;offline;reconnecting,visuals/desktop/CAL-01-default.svg;visuals/ios/CAL-01-default.svg,CAL-01-AT04,PATCH /v1/publications/{publicationId}/schedule
R19 Publish/schedule,J,CAL-01,CAL-01-I05,initial;loading;populated;failure;permission_denied;session_expired;offline;reconnecting,visuals/desktop/CAL-01-default.svg;visuals/ios/CAL-01-default.svg,CAL-01-AT05,POST /v1/publications/{publicationId}/cancel
R19 Publish/schedule,J,CAL-01,CAL-01-I06,initial;loading;populated;failure;permission_denied;session_expired;offline;reconnecting,visuals/desktop/CAL-01-default.svg;visuals/ios/CAL-01-default.svg,CAL-01-AT06,None on input; owning form Save contract
R20 Instagram,N,SET-06,SET-06-I01,initial;loading;populated;failure;permission_denied;session_expired;offline;reconnecting;validation_error;unsaved;autosaving;saved;save_failed;conflict,visuals/desktop/SET-06-default.svg;visuals/ios/SET-06-default.svg,SET-06-AT01,POST /v1/instagram/oauth/start
R20 Instagram,N,SET-06,SET-06-I02,initial;loading;populated;failure;permission_denied;session_expired;offline;reconnecting;validation_error;unsaved;autosaving;saved;save_failed;conflict,visuals/desktop/SET-06-default.svg;visuals/ios/SET-06-default.svg,SET-06-AT02,None: local UI/navigation; destination resource read only
R20 Instagram,N,SET-06,SET-06-I03,initial;loading;populated;failure;permission_denied;session_expired;offline;reconnecting;validation_error;unsaved;autosaving;saved;save_failed;conflict,visuals/desktop/SET-06-default.svg;visuals/ios/SET-06-default.svg,SET-06-AT03,POST /v1/instagram/{accountId}/test
R20 Instagram,N,SET-06,SET-06-I04,initial;loading;populated;failure;permission_denied;session_expired;offline;reconnecting;validation_error;unsaved;autosaving;saved;save_failed;conflict,visuals/desktop/SET-06-default.svg;visuals/ios/SET-06-default.svg,SET-06-AT04,POST /v1/instagram/{accountId}/reconnect
R20 Instagram,N,SET-06,SET-06-I05,initial;loading;populated;failure;permission_denied;session_expired;offline;reconnecting;validation_error;unsaved;autosaving;saved;save_failed;conflict,visuals/desktop/SET-06-default.svg;visuals/ios/SET-06-default.svg,SET-06-AT05,DELETE /v1/instagram/{accountId}
R20 Instagram,N,SET-07,SET-07-I01,initial;loading;populated;failure;permission_denied;session_expired;offline;reconnecting;validation_error;unsaved;autosaving;saved;save_failed;conflict,visuals/desktop/SET-07-default.svg;visuals/ios/SET-07-default.svg,SET-07-AT01,POST /v1/instagram/{accountId}/test
R20 Instagram,N,SET-07,SET-07-I02,initial;loading;populated;failure;permission_denied;session_expired;offline;reconnecting;validation_error;unsaved;autosaving;saved;save_failed;conflict,visuals/desktop/SET-07-default.svg;visuals/ios/SET-07-default.svg,SET-07-AT02,POST /v1/instagram/{accountId}/reconnect
R20 Instagram,N,SET-07,SET-07-I03,initial;loading;populated;failure;permission_denied;session_expired;offline;reconnecting;validation_error;unsaved;autosaving;saved;save_failed;conflict,visuals/desktop/SET-07-default.svg;visuals/ios/SET-07-default.svg,SET-07-AT03,DELETE /v1/instagram/{accountId}
R20 Instagram,N,SET-07,SET-07-I04,initial;loading;populated;failure;permission_denied;session_expired;offline;reconnecting;validation_error;unsaved;autosaving;saved;save_failed;conflict,visuals/desktop/SET-07-default.svg;visuals/ios/SET-07-default.svg,SET-07-AT04,None: local UI/navigation; destination resource read only
R20 Instagram,N,SET-07,SET-07-I05,initial;loading;populated;failure;permission_denied;session_expired;offline;reconnecting;validation_error;unsaved;autosaving;saved;save_failed;conflict,visuals/desktop/SET-07-default.svg;visuals/ios/SET-07-default.svg,SET-07-AT05,None: local UI/navigation; destination resource read only
R21 Library,K,LIB-01,LIB-01-I01,initial;loading;populated;failure;permission_denied;session_expired;offline;reconnecting;empty;skeleton,visuals/desktop/LIB-01-default.svg;visuals/ios/LIB-01-default.svg,LIB-01-AT01,None: local UI/navigation; destination resource read only
R21 Library,K,LIB-01,LIB-01-I02,initial;loading;populated;failure;permission_denied;session_expired;offline;reconnecting;empty;skeleton,visuals/desktop/LIB-01-default.svg;visuals/ios/LIB-01-default.svg,LIB-01-AT02,None: local UI/navigation; destination resource read only
R21 Library,K,LIB-01,LIB-01-I03,initial;loading;populated;failure;permission_denied;session_expired;offline;reconnecting;empty;skeleton,visuals/desktop/LIB-01-default.svg;visuals/ios/LIB-01-default.svg,LIB-01-AT03,None: local UI/navigation; destination resource read only
R21 Library,K,LIB-01,LIB-01-I04,initial;loading;populated;failure;permission_denied;session_expired;offline;reconnecting;empty;skeleton,visuals/desktop/LIB-01-default.svg;visuals/ios/LIB-01-default.svg,LIB-01-AT04,None: local UI/navigation; destination resource read only
R21 Library,K,LIB-01,LIB-01-I05,initial;loading;populated;failure;permission_denied;session_expired;offline;reconnecting;empty;skeleton,visuals/desktop/LIB-01-default.svg;visuals/ios/LIB-01-default.svg,LIB-01-AT05,None: local UI/navigation; destination resource read only
R21 Library,K,LIB-01,LIB-01-I06,initial;loading;populated;failure;permission_denied;session_expired;offline;reconnecting;empty;skeleton,visuals/desktop/LIB-01-default.svg;visuals/ios/LIB-01-default.svg,LIB-01-AT06,None: local UI/navigation; destination resource read only
R21 Library,K,LIB-01,LIB-01-I07,initial;loading;populated;failure;permission_denied;session_expired;offline;reconnecting;empty;skeleton,visuals/desktop/LIB-01-default.svg;visuals/ios/LIB-01-default.svg,LIB-01-AT07,None: local UI/navigation; destination resource read only
R21 Library,K,LIB-01,LIB-01-I08,initial;loading;populated;failure;permission_denied;session_expired;offline;reconnecting;empty;skeleton,visuals/desktop/LIB-01-default.svg;visuals/ios/LIB-01-default.svg,LIB-01-AT08,None: local UI/navigation; destination resource read only
R21 Library,K,LIB-02,LIB-02-I01,initial;loading;populated;failure;permission_denied;session_expired;offline;reconnecting,visuals/desktop/LIB-02-default.svg;visuals/ios/LIB-02-default.svg,LIB-02-AT01,None: local UI/navigation; destination resource read only
R21 Library,K,LIB-02,LIB-02-I02,initial;loading;populated;failure;permission_denied;session_expired;offline;reconnecting,visuals/desktop/LIB-02-default.svg;visuals/ios/LIB-02-default.svg,LIB-02-AT02,None: local UI/navigation; destination resource read only
R21 Library,K,LIB-02,LIB-02-I03,initial;loading;populated;failure;permission_denied;session_expired;offline;reconnecting,visuals/desktop/LIB-02-default.svg;visuals/ios/LIB-02-default.svg,LIB-02-AT03,POST /v1/content/{contentId}/duplicate
R21 Library,K,LIB-02,LIB-02-I04,initial;loading;populated;failure;permission_denied;session_expired;offline;reconnecting,visuals/desktop/LIB-02-default.svg;visuals/ios/LIB-02-default.svg,LIB-02-AT04,POST /v1/content/{contentId}/archive
R21 Library,K,LIB-02,LIB-02-I05,initial;loading;populated;failure;permission_denied;session_expired;offline;reconnecting,visuals/desktop/LIB-02-default.svg;visuals/ios/LIB-02-default.svg,LIB-02-AT05,POST /v1/content/{contentId}/trash
R21 Library,K,LIB-02,LIB-02-I06,initial;loading;populated;failure;permission_denied;session_expired;offline;reconnecting,visuals/desktop/LIB-02-default.svg;visuals/ios/LIB-02-default.svg,LIB-02-AT06,POST /v1/content/{contentId}/exports
R21 Library,K,LIB-02,LIB-02-I07,initial;loading;populated;failure;permission_denied;session_expired;offline;reconnecting,visuals/desktop/LIB-02-default.svg;visuals/ios/LIB-02-default.svg,LIB-02-AT07,None: local UI/navigation; destination resource read only
R21 Library,K,LIB-02,LIB-02-I08,initial;loading;populated;failure;permission_denied;session_expired;offline;reconnecting,visuals/desktop/LIB-02-default.svg;visuals/ios/LIB-02-default.svg,LIB-02-AT08,None: local UI/navigation; destination resource read only
R21 Library,K,TRASH-01,TRASH-01-I01,initial;loading;populated;failure;permission_denied;session_expired;offline;reconnecting;empty;skeleton,visuals/desktop/TRASH-01-default.svg;visuals/ios/TRASH-01-default.svg,TRASH-01-AT01,POST /v1/content/{contentId}/restore
R21 Library,K,TRASH-01,TRASH-01-I02,initial;loading;populated;failure;permission_denied;session_expired;offline;reconnecting;empty;skeleton,visuals/desktop/TRASH-01-default.svg;visuals/ios/TRASH-01-default.svg,TRASH-01-AT02,DELETE /v1/content/{contentId}/purge
R21 Library,K,TRASH-01,TRASH-01-I03,initial;loading;populated;failure;permission_denied;session_expired;offline;reconnecting;empty;skeleton,visuals/desktop/TRASH-01-default.svg;visuals/ios/TRASH-01-default.svg,TRASH-01-AT03,None: local UI/navigation; destination resource read only
R22 Activity,L,ACT-01,ACT-01-I01,initial;loading;populated;failure;permission_denied;session_expired;offline;reconnecting;queued;running;partial_success;stalled;cancelling;cancelled;completed;retryable_failure;permanent_failure;empty;skeleton,visuals/desktop/ACT-01-default.svg;visuals/ios/ACT-01-default.svg,ACT-01-AT01,None: local UI/navigation; destination resource read only
R22 Activity,L,ACT-01,ACT-01-I02,initial;loading;populated;failure;permission_denied;session_expired;offline;reconnecting;queued;running;partial_success;stalled;cancelling;cancelled;completed;retryable_failure;permanent_failure;empty;skeleton,visuals/desktop/ACT-01-default.svg;visuals/ios/ACT-01-default.svg,ACT-01-AT02,None: local UI/navigation; destination resource read only
R22 Activity,L,ACT-01,ACT-01-I03,initial;loading;populated;failure;permission_denied;session_expired;offline;reconnecting;queued;running;partial_success;stalled;cancelling;cancelled;completed;retryable_failure;permanent_failure;empty;skeleton,visuals/desktop/ACT-01-default.svg;visuals/ios/ACT-01-default.svg,ACT-01-AT03,None: local UI/navigation; destination resource read only
R22 Activity,L,ACT-01,ACT-01-I04,initial;loading;populated;failure;permission_denied;session_expired;offline;reconnecting;queued;running;partial_success;stalled;cancelling;cancelled;completed;retryable_failure;permanent_failure;empty;skeleton,visuals/desktop/ACT-01-default.svg;visuals/ios/ACT-01-default.svg,ACT-01-AT04,POST /v1/jobs/{jobId}/retry
R22 Activity,L,ACT-01,ACT-01-I05,initial;loading;populated;failure;permission_denied;session_expired;offline;reconnecting;queued;running;partial_success;stalled;cancelling;cancelled;completed;retryable_failure;permanent_failure;empty;skeleton,visuals/desktop/ACT-01-default.svg;visuals/ios/ACT-01-default.svg,ACT-01-AT05,None: local UI/navigation; destination resource read only
R22 Activity,L,ACT-01,ACT-01-I06,initial;loading;populated;failure;permission_denied;session_expired;offline;reconnecting;queued;running;partial_success;stalled;cancelling;cancelled;completed;retryable_failure;permanent_failure;empty;skeleton,visuals/desktop/ACT-01-default.svg;visuals/ios/ACT-01-default.svg,ACT-01-AT06,None: local UI/navigation; destination resource read only
R22 Activity,L,ACT-02,ACT-02-I01,initial;loading;populated;failure;permission_denied;session_expired;offline;reconnecting;queued;running;partial_success;stalled;cancelling;cancelled;completed;retryable_failure;permanent_failure,visuals/desktop/ACT-02-default.svg;visuals/ios/ACT-02-default.svg,ACT-02-AT01,None: local UI/navigation; destination resource read only
R22 Activity,L,ACT-02,ACT-02-I02,initial;loading;populated;failure;permission_denied;session_expired;offline;reconnecting;queued;running;partial_success;stalled;cancelling;cancelled;completed;retryable_failure;permanent_failure,visuals/desktop/ACT-02-default.svg;visuals/ios/ACT-02-default.svg,ACT-02-AT02,POST /v1/diagnostics/exports
R22 Activity,L,ACT-02,ACT-02-I03,initial;loading;populated;failure;permission_denied;session_expired;offline;reconnecting;queued;running;partial_success;stalled;cancelling;cancelled;completed;retryable_failure;permanent_failure,visuals/desktop/ACT-02-default.svg;visuals/ios/ACT-02-default.svg,ACT-02-AT03,POST /v1/jobs/{jobId}/retry
R22 Activity,L,ACT-02,ACT-02-I04,initial;loading;populated;failure;permission_denied;session_expired;offline;reconnecting;queued;running;partial_success;stalled;cancelling;cancelled;completed;retryable_failure;permanent_failure,visuals/desktop/ACT-02-default.svg;visuals/ios/ACT-02-default.svg,ACT-02-AT04,POST /v1/jobs/{jobId}/cancel
R22 Activity,L,ACT-02,ACT-02-I05,initial;loading;populated;failure;permission_denied;session_expired;offline;reconnecting;queued;running;partial_success;stalled;cancelling;cancelled;completed;retryable_failure;permanent_failure,visuals/desktop/ACT-02-default.svg;visuals/ios/ACT-02-default.svg,ACT-02-AT05,None: local UI/navigation; destination resource read only
R22 Activity,L,ACT-02,ACT-02-I06,initial;loading;populated;failure;permission_denied;session_expired;offline;reconnecting;queued;running;partial_success;stalled;cancelling;cancelled;completed;retryable_failure;permanent_failure,visuals/desktop/ACT-02-default.svg;visuals/ios/ACT-02-default.svg,ACT-02-AT06,None: local UI/navigation; destination resource read only
R23 Notifications,L,NOT-01,NOT-01-I01,initial;loading;populated;failure;permission_denied;session_expired;offline;reconnecting;empty;skeleton,visuals/desktop/NOT-01-default.svg;visuals/ios/NOT-01-default.svg,NOT-01-AT01,None: local UI/navigation; destination resource read only
R23 Notifications,L,NOT-01,NOT-01-I02,initial;loading;populated;failure;permission_denied;session_expired;offline;reconnecting;empty;skeleton,visuals/desktop/NOT-01-default.svg;visuals/ios/NOT-01-default.svg,NOT-01-AT02,PATCH /v1/notifications/{notificationId}/read
R23 Notifications,L,NOT-01,NOT-01-I03,initial;loading;populated;failure;permission_denied;session_expired;offline;reconnecting;empty;skeleton,visuals/desktop/NOT-01-default.svg;visuals/ios/NOT-01-default.svg,NOT-01-AT03,POST /v1/notifications/read-all
R23 Notifications,L,NOT-01,NOT-01-I04,initial;loading;populated;failure;permission_denied;session_expired;offline;reconnecting;empty;skeleton,visuals/desktop/NOT-01-default.svg;visuals/ios/NOT-01-default.svg,NOT-01-AT04,None on input; owning form Save contract
R23 Notifications,L,NOT-01,NOT-01-I05,initial;loading;populated;failure;permission_denied;session_expired;offline;reconnecting;empty;skeleton,visuals/desktop/NOT-01-default.svg;visuals/ios/NOT-01-default.svg,NOT-01-AT05,None: local UI/navigation; destination resource read only
R23 Notifications,N,SET-08,SET-08-I01,initial;loading;populated;failure;permission_denied;session_expired;offline;reconnecting;validation_error;unsaved;autosaving;saved;save_failed;conflict,visuals/desktop/SET-08-default.svg;visuals/ios/SET-08-default.svg,SET-08-AT01,None on input; owning form Save contract
R23 Notifications,N,SET-08,SET-08-I02,initial;loading;populated;failure;permission_denied;session_expired;offline;reconnecting;validation_error;unsaved;autosaving;saved;save_failed;conflict,visuals/desktop/SET-08-default.svg;visuals/ios/SET-08-default.svg,SET-08-AT02,None: local UI/navigation; destination resource read only
R23 Notifications,N,SET-08,SET-08-I03,initial;loading;populated;failure;permission_denied;session_expired;offline;reconnecting;validation_error;unsaved;autosaving;saved;save_failed;conflict,visuals/desktop/SET-08-default.svg;visuals/ios/SET-08-default.svg,SET-08-AT03,None on input; owning form Save contract
R23 Notifications,N,SET-08,SET-08-I04,initial;loading;populated;failure;permission_denied;session_expired;offline;reconnecting;validation_error;unsaved;autosaving;saved;save_failed;conflict,visuals/desktop/SET-08-default.svg;visuals/ios/SET-08-default.svg,SET-08-AT04,None: local UI/navigation; destination resource read only
R23 Notifications,N,SET-08,SET-08-I05,initial;loading;populated;failure;permission_denied;session_expired;offline;reconnecting;validation_error;unsaved;autosaving;saved;save_failed;conflict,visuals/desktop/SET-08-default.svg;visuals/ios/SET-08-default.svg,SET-08-AT05,None: local UI/navigation; destination resource read only
R24 Analytics,M,ANA-01,ANA-01-I01,initial;loading;populated;failure;permission_denied;session_expired;offline;reconnecting;empty;skeleton,visuals/desktop/ANA-01-default.svg;visuals/ios/ANA-01-default.svg,ANA-01-AT01,None: local UI/navigation; destination resource read only
R24 Analytics,M,ANA-01,ANA-01-I02,initial;loading;populated;failure;permission_denied;session_expired;offline;reconnecting;empty;skeleton,visuals/desktop/ANA-01-default.svg;visuals/ios/ANA-01-default.svg,ANA-01-AT02,None on input; owning form Save contract
R24 Analytics,M,ANA-01,ANA-01-I03,initial;loading;populated;failure;permission_denied;session_expired;offline;reconnecting;empty;skeleton,visuals/desktop/ANA-01-default.svg;visuals/ios/ANA-01-default.svg,ANA-01-AT03,None: local UI/navigation; destination resource read only
R24 Analytics,M,ANA-01,ANA-01-I04,initial;loading;populated;failure;permission_denied;session_expired;offline;reconnecting;empty;skeleton,visuals/desktop/ANA-01-default.svg;visuals/ios/ANA-01-default.svg,ANA-01-AT04,None: local UI/navigation; destination resource read only
R24 Analytics,M,ANA-01,ANA-01-I05,initial;loading;populated;failure;permission_denied;session_expired;offline;reconnecting;empty;skeleton,visuals/desktop/ANA-01-default.svg;visuals/ios/ANA-01-default.svg,ANA-01-AT05,None: local UI/navigation; destination resource read only
R24 Analytics,M,ANA-01,ANA-01-I06,initial;loading;populated;failure;permission_denied;session_expired;offline;reconnecting;empty;skeleton,visuals/desktop/ANA-01-default.svg;visuals/ios/ANA-01-default.svg,ANA-01-AT06,None: local UI/navigation; destination resource read only
R24 Analytics,M,ANA-01,ANA-01-I07,initial;loading;populated;failure;permission_denied;session_expired;offline;reconnecting;empty;skeleton,visuals/desktop/ANA-01-default.svg;visuals/ios/ANA-01-default.svg,ANA-01-AT07,POST /v1/analytics/exports
R24 Analytics,M,ANA-01,ANA-01-I08,initial;loading;populated;failure;permission_denied;session_expired;offline;reconnecting;empty;skeleton,visuals/desktop/ANA-01-default.svg;visuals/ios/ANA-01-default.svg,ANA-01-AT08,POST /v1/analytics/refresh
R24 Analytics,M,ANA-02,ANA-02-I01,initial;loading;populated;failure;permission_denied;session_expired;offline;reconnecting,visuals/desktop/ANA-02-default.svg;visuals/ios/ANA-02-default.svg,ANA-02-AT01,None: local UI/navigation; destination resource read only
R24 Analytics,M,ANA-02,ANA-02-I02,initial;loading;populated;failure;permission_denied;session_expired;offline;reconnecting,visuals/desktop/ANA-02-default.svg;visuals/ios/ANA-02-default.svg,ANA-02-AT02,None on input; owning form Save contract
R24 Analytics,M,ANA-02,ANA-02-I03,initial;loading;populated;failure;permission_denied;session_expired;offline;reconnecting,visuals/desktop/ANA-02-default.svg;visuals/ios/ANA-02-default.svg,ANA-02-AT03,None: local UI/navigation; destination resource read only
R24 Analytics,M,ANA-02,ANA-02-I04,initial;loading;populated;failure;permission_denied;session_expired;offline;reconnecting,visuals/desktop/ANA-02-default.svg;visuals/ios/ANA-02-default.svg,ANA-02-AT04,None: local UI/navigation; destination resource read only
R24 Analytics,M,ANA-02,ANA-02-I05,initial;loading;populated;failure;permission_denied;session_expired;offline;reconnecting,visuals/desktop/ANA-02-default.svg;visuals/ios/ANA-02-default.svg,ANA-02-AT05,POST /v1/analytics/exports
R24 Analytics,M,ANA-02,ANA-02-I06,initial;loading;populated;failure;permission_denied;session_expired;offline;reconnecting,visuals/desktop/ANA-02-default.svg;visuals/ios/ANA-02-default.svg,ANA-02-AT06,None: local UI/navigation; destination resource read only
R24 Analytics,M,ANA-03,ANA-03-I01,initial;loading;populated;failure;permission_denied;session_expired;offline;reconnecting,visuals/desktop/ANA-03-default.svg;visuals/ios/ANA-03-default.svg,ANA-03-AT01,None: local UI/navigation; destination resource read only
R24 Analytics,M,ANA-03,ANA-03-I02,initial;loading;populated;failure;permission_denied;session_expired;offline;reconnecting,visuals/desktop/ANA-03-default.svg;visuals/ios/ANA-03-default.svg,ANA-03-AT02,None: local UI/navigation; destination resource read only
R24 Analytics,M,ANA-03,ANA-03-I03,initial;loading;populated;failure;permission_denied;session_expired;offline;reconnecting,visuals/desktop/ANA-03-default.svg;visuals/ios/ANA-03-default.svg,ANA-03-AT03,None on input; owning form Save contract
R24 Analytics,M,ANA-03,ANA-03-I04,initial;loading;populated;failure;permission_denied;session_expired;offline;reconnecting,visuals/desktop/ANA-03-default.svg;visuals/ios/ANA-03-default.svg,ANA-03-AT04,POST /v1/analytics/exports
R24 Analytics,M,ANA-03,ANA-03-I05,initial;loading;populated;failure;permission_denied;session_expired;offline;reconnecting,visuals/desktop/ANA-03-default.svg;visuals/ios/ANA-03-default.svg,ANA-03-AT05,None: local UI/navigation; destination resource read only
R25 Settings,N,SET-01,SET-01-I01,initial;loading;populated;failure;permission_denied;session_expired;offline;reconnecting;validation_error;unsaved;autosaving;saved;save_failed;conflict,visuals/desktop/SET-01-default.svg;visuals/ios/SET-01-default.svg,SET-01-AT01,None: local UI/navigation; destination resource read only
R25 Settings,N,SET-02,SET-02-I01,initial;loading;populated;failure;permission_denied;session_expired;offline;reconnecting;validation_error;unsaved;autosaving;saved;save_failed;conflict,visuals/desktop/SET-02-default.svg;visuals/ios/SET-02-default.svg,SET-02-AT01,None on input; owning form Save contract
R25 Settings,N,SET-02,SET-02-I02,initial;loading;populated;failure;permission_denied;session_expired;offline;reconnecting;validation_error;unsaved;autosaving;saved;save_failed;conflict,visuals/desktop/SET-02-default.svg;visuals/ios/SET-02-default.svg,SET-02-AT02,None on input; owning form Save contract
R25 Settings,N,SET-02,SET-02-I03,initial;loading;populated;failure;permission_denied;session_expired;offline;reconnecting;validation_error;unsaved;autosaving;saved;save_failed;conflict,visuals/desktop/SET-02-default.svg;visuals/ios/SET-02-default.svg,SET-02-AT03,None on input; owning form Save contract
R25 Settings,N,SET-02,SET-02-I04,initial;loading;populated;failure;permission_denied;session_expired;offline;reconnecting;validation_error;unsaved;autosaving;saved;save_failed;conflict,visuals/desktop/SET-02-default.svg;visuals/ios/SET-02-default.svg,SET-02-AT04,None on input; owning form Save contract
R25 Settings,N,SET-02,SET-02-I05,initial;loading;populated;failure;permission_denied;session_expired;offline;reconnecting;validation_error;unsaved;autosaving;saved;save_failed;conflict,visuals/desktop/SET-02-default.svg;visuals/ios/SET-02-default.svg,SET-02-AT05,None: local UI/navigation; destination resource read only
R25 Settings,B,SET-03,SET-03-I01,initial;loading;populated;failure;permission_denied;session_expired;offline;reconnecting;validation_error;unsaved;autosaving;saved;save_failed;conflict,visuals/desktop/SET-03-default.svg;visuals/ios/SET-03-default.svg,SET-03-AT01,None on input; owning form Save contract
R25 Settings,B,SET-03,SET-03-I02,initial;loading;populated;failure;permission_denied;session_expired;offline;reconnecting;validation_error;unsaved;autosaving;saved;save_failed;conflict,visuals/desktop/SET-03-default.svg;visuals/ios/SET-03-default.svg,SET-03-AT02,None on input; owning form Save contract
R25 Settings,B,SET-03,SET-03-I03,initial;loading;populated;failure;permission_denied;session_expired;offline;reconnecting;validation_error;unsaved;autosaving;saved;save_failed;conflict,visuals/desktop/SET-03-default.svg;visuals/ios/SET-03-default.svg,SET-03-AT03,None on input; owning form Save contract
R25 Settings,B,SET-03,SET-03-I04,initial;loading;populated;failure;permission_denied;session_expired;offline;reconnecting;validation_error;unsaved;autosaving;saved;save_failed;conflict,visuals/desktop/SET-03-default.svg;visuals/ios/SET-03-default.svg,SET-03-AT04,None on input; owning form Save contract
R25 Settings,B,SET-03,SET-03-I05,initial;loading;populated;failure;permission_denied;session_expired;offline;reconnecting;validation_error;unsaved;autosaving;saved;save_failed;conflict,visuals/desktop/SET-03-default.svg;visuals/ios/SET-03-default.svg,SET-03-AT05,None on input; owning form Save contract
R25 Settings,B,SET-03,SET-03-I06,initial;loading;populated;failure;permission_denied;session_expired;offline;reconnecting;validation_error;unsaved;autosaving;saved;save_failed;conflict,visuals/desktop/SET-03-default.svg;visuals/ios/SET-03-default.svg,SET-03-AT06,None: local UI/navigation; destination resource read only
R25 Settings,B,SET-03,SET-03-I07,initial;loading;populated;failure;permission_denied;session_expired;offline;reconnecting;validation_error;unsaved;autosaving;saved;save_failed;conflict,visuals/desktop/SET-03-default.svg;visuals/ios/SET-03-default.svg,SET-03-AT07,POST /v1/research/runs
R25 Settings,N,SET-10,SET-10-I01,initial;loading;populated;failure;permission_denied;session_expired;offline;reconnecting;validation_error;unsaved;autosaving;saved;save_failed;conflict,visuals/desktop/SET-10-default.svg;visuals/ios/SET-10-default.svg,SET-10-AT01,None on input; owning form Save contract
R25 Settings,N,SET-10,SET-10-I02,initial;loading;populated;failure;permission_denied;session_expired;offline;reconnecting;validation_error;unsaved;autosaving;saved;save_failed;conflict,visuals/desktop/SET-10-default.svg;visuals/ios/SET-10-default.svg,SET-10-AT02,PATCH /v1/workspaces/{workspaceId}/members/{memberId}
R25 Settings,N,SET-10,SET-10-I03,initial;loading;populated;failure;permission_denied;session_expired;offline;reconnecting;validation_error;unsaved;autosaving;saved;save_failed;conflict,visuals/desktop/SET-10-default.svg;visuals/ios/SET-10-default.svg,SET-10-AT03,POST /v1/workspaces/{workspaceId}/invitations
R25 Settings,N,SET-10,SET-10-I04,initial;loading;populated;failure;permission_denied;session_expired;offline;reconnecting;validation_error;unsaved;autosaving;saved;save_failed;conflict,visuals/desktop/SET-10-default.svg;visuals/ios/SET-10-default.svg,SET-10-AT04,DELETE /v1/workspaces/{workspaceId}/members/{memberId}
R25 Settings,N,SET-10,SET-10-I05,initial;loading;populated;failure;permission_denied;session_expired;offline;reconnecting;validation_error;unsaved;autosaving;saved;save_failed;conflict,visuals/desktop/SET-10-default.svg;visuals/ios/SET-10-default.svg,SET-10-AT05,None: local UI/navigation; destination resource read only
R26 AI providers,N,SET-04,SET-04-I01,initial;loading;populated;failure;permission_denied;session_expired;offline;reconnecting;validation_error;unsaved;autosaving;saved;save_failed;conflict,visuals/desktop/SET-04-default.svg;visuals/ios/SET-04-default.svg,SET-04-AT01,None: local UI/navigation; destination resource read only
R26 AI providers,N,SET-04,SET-04-I02,initial;loading;populated;failure;permission_denied;session_expired;offline;reconnecting;validation_error;unsaved;autosaving;saved;save_failed;conflict,visuals/desktop/SET-04-default.svg;visuals/ios/SET-04-default.svg,SET-04-AT02,None: local UI/navigation; destination resource read only
R26 AI providers,N,SET-04,SET-04-I03,initial;loading;populated;failure;permission_denied;session_expired;offline;reconnecting;validation_error;unsaved;autosaving;saved;save_failed;conflict,visuals/desktop/SET-04-default.svg;visuals/ios/SET-04-default.svg,SET-04-AT03,POST /v1/providers/{providerId}/test
R26 AI providers,N,SET-04,SET-04-I04,initial;loading;populated;failure;permission_denied;session_expired;offline;reconnecting;validation_error;unsaved;autosaving;saved;save_failed;conflict,visuals/desktop/SET-04-default.svg;visuals/ios/SET-04-default.svg,SET-04-AT04,DELETE /v1/providers/{providerId}/connection
R26 AI providers,N,SET-05,SET-05-I01,initial;loading;populated;failure;permission_denied;session_expired;offline;reconnecting;validation_error;unsaved;autosaving;saved;save_failed;conflict,visuals/desktop/SET-05-default.svg;visuals/ios/SET-05-default.svg,SET-05-AT01,None on input; owning form Save contract
R26 AI providers,N,SET-05,SET-05-I02,initial;loading;populated;failure;permission_denied;session_expired;offline;reconnecting;validation_error;unsaved;autosaving;saved;save_failed;conflict,visuals/desktop/SET-05-default.svg;visuals/ios/SET-05-default.svg,SET-05-AT02,None on input; owning form Save contract
R26 AI providers,N,SET-05,SET-05-I03,initial;loading;populated;failure;permission_denied;session_expired;offline;reconnecting;validation_error;unsaved;autosaving;saved;save_failed;conflict,visuals/desktop/SET-05-default.svg;visuals/ios/SET-05-default.svg,SET-05-AT03,POST /v1/providers/{providerId}/test
R26 AI providers,N,SET-05,SET-05-I04,initial;loading;populated;failure;permission_denied;session_expired;offline;reconnecting;validation_error;unsaved;autosaving;saved;save_failed;conflict,visuals/desktop/SET-05-default.svg;visuals/ios/SET-05-default.svg,SET-05-AT04,PUT /v1/providers/{providerId}/credentials
R26 AI providers,N,SET-05,SET-05-I05,initial;loading;populated;failure;permission_denied;session_expired;offline;reconnecting;validation_error;unsaved;autosaving;saved;save_failed;conflict,visuals/desktop/SET-05-default.svg;visuals/ios/SET-05-default.svg,SET-05-AT05,DELETE /v1/providers/{providerId}/connection
R26 AI providers,N,SET-05,SET-05-I06,initial;loading;populated;failure;permission_denied;session_expired;offline;reconnecting;validation_error;unsaved;autosaving;saved;save_failed;conflict,visuals/desktop/SET-05-default.svg;visuals/ios/SET-05-default.svg,SET-05-AT06,None: local UI/navigation; destination resource read only
R27 Security/account,N,SET-09,SET-09-I01,initial;loading;populated;failure;permission_denied;session_expired;offline;reconnecting;validation_error;unsaved;autosaving;saved;save_failed;conflict,visuals/desktop/SET-09-default.svg;visuals/ios/SET-09-default.svg,SET-09-AT01,DELETE /v1/sessions/{sessionId}
R27 Security/account,N,SET-09,SET-09-I02,initial;loading;populated;failure;permission_denied;session_expired;offline;reconnecting;validation_error;unsaved;autosaving;saved;save_failed;conflict,visuals/desktop/SET-09-default.svg;visuals/ios/SET-09-default.svg,SET-09-AT02,POST /v1/me/apple
R27 Security/account,N,SET-09,SET-09-I03,initial;loading;populated;failure;permission_denied;session_expired;offline;reconnecting;validation_error;unsaved;autosaving;saved;save_failed;conflict,visuals/desktop/SET-09-default.svg;visuals/ios/SET-09-default.svg,SET-09-AT03,POST /v1/auth/logout
R27 Security/account,N,SET-09,SET-09-I04,initial;loading;populated;failure;permission_denied;session_expired;offline;reconnecting;validation_error;unsaved;autosaving;saved;save_failed;conflict,visuals/desktop/SET-09-default.svg;visuals/ios/SET-09-default.svg,SET-09-AT04,POST /v1/auth/logout
R27 Security/account,N,SET-11,SET-11-I01,initial;loading;populated;failure;permission_denied;session_expired;offline;reconnecting;validation_error;unsaved;autosaving;saved;save_failed;conflict,visuals/desktop/SET-11-default.svg;visuals/ios/SET-11-default.svg,SET-11-AT01,POST /v1/data/exports
R27 Security/account,N,SET-11,SET-11-I02,initial;loading;populated;failure;permission_denied;session_expired;offline;reconnecting;validation_error;unsaved;autosaving;saved;save_failed;conflict,visuals/desktop/SET-11-default.svg;visuals/ios/SET-11-default.svg,SET-11-AT02,POST /v1/account/deletion
R27 Security/account,N,SET-11,SET-11-I03,initial;loading;populated;failure;permission_denied;session_expired;offline;reconnecting;validation_error;unsaved;autosaving;saved;save_failed;conflict,visuals/desktop/SET-11-default.svg;visuals/ios/SET-11-default.svg,SET-11-AT03,None: local UI/navigation; destination resource read only
R27 Security/account,N,SET-11,SET-11-I04,initial;loading;populated;failure;permission_denied;session_expired;offline;reconnecting;validation_error;unsaved;autosaving;saved;save_failed;conflict,visuals/desktop/SET-11-default.svg;visuals/ios/SET-11-default.svg,SET-11-AT04,None: local UI/navigation; destination resource read only
R27 Security/account,N,SET-11,SET-11-I05,initial;loading;populated;failure;permission_denied;session_expired;offline;reconnecting;validation_error;unsaved;autosaving;saved;save_failed;conflict,visuals/desktop/SET-11-default.svg;visuals/ios/SET-11-default.svg,SET-11-AT05,DELETE /v1/account/deletion
R27 Security/account,O,SYS-01,SYS-01-I01,initial;loading;populated;failure;permission_denied;session_expired;offline;reconnecting,visuals/desktop/SYS-01-default.svg;visuals/ios/SYS-01-default.svg,SYS-01-AT01,None: local UI/navigation; destination resource read only
R27 Security/account,O,SYS-01,SYS-01-I02,initial;loading;populated;failure;permission_denied;session_expired;offline;reconnecting,visuals/desktop/SYS-01-default.svg;visuals/ios/SYS-01-default.svg,SYS-01-AT02,None: local UI/navigation; destination resource read only
R27 Security/account,O,SYS-01,SYS-01-I03,initial;loading;populated;failure;permission_denied;session_expired;offline;reconnecting,visuals/desktop/SYS-01-default.svg;visuals/ios/SYS-01-default.svg,SYS-01-AT03,None: local UI/navigation; destination resource read only
R28 System recovery,O,SYS-01,SYS-01-I01,initial;loading;populated;failure;permission_denied;session_expired;offline;reconnecting,visuals/desktop/SYS-01-default.svg;visuals/ios/SYS-01-default.svg,SYS-01-AT01,None: local UI/navigation; destination resource read only
R28 System recovery,O,SYS-01,SYS-01-I02,initial;loading;populated;failure;permission_denied;session_expired;offline;reconnecting,visuals/desktop/SYS-01-default.svg;visuals/ios/SYS-01-default.svg,SYS-01-AT02,None: local UI/navigation; destination resource read only
R28 System recovery,O,SYS-01,SYS-01-I03,initial;loading;populated;failure;permission_denied;session_expired;offline;reconnecting,visuals/desktop/SYS-01-default.svg;visuals/ios/SYS-01-default.svg,SYS-01-AT03,None: local UI/navigation; destination resource read only
R28 System recovery,O,SYS-02,SYS-02-I01,initial;loading;populated;failure;permission_denied;session_expired;offline;reconnecting,visuals/desktop/SYS-02-default.svg;visuals/ios/SYS-02-default.svg,SYS-02-AT01,None: local UI/navigation; destination resource read only
R28 System recovery,O,SYS-02,SYS-02-I02,initial;loading;populated;failure;permission_denied;session_expired;offline;reconnecting,visuals/desktop/SYS-02-default.svg;visuals/ios/SYS-02-default.svg,SYS-02-AT02,None: local UI/navigation; destination resource read only
R28 System recovery,O,VER-01,VER-01-I01,initial;loading;populated;failure;permission_denied;session_expired;offline;reconnecting,visuals/desktop/VER-01-default.svg;visuals/ios/VER-01-default.svg,VER-01-AT01,None: local UI/navigation; destination resource read only
R28 System recovery,O,VER-01,VER-01-I02,initial;loading;populated;failure;permission_denied;session_expired;offline;reconnecting,visuals/desktop/VER-01-default.svg;visuals/ios/VER-01-default.svg,VER-01-AT02,None: local UI/navigation; destination resource read only
R28 System recovery,O,VER-01,VER-01-I03,initial;loading;populated;failure;permission_denied;session_expired;offline;reconnecting,visuals/desktop/VER-01-default.svg;visuals/ios/VER-01-default.svg,VER-01-AT03,POST /v1/outputs/{outputId}/restore
R28 System recovery,O,VER-01,VER-01-I04,initial;loading;populated;failure;permission_denied;session_expired;offline;reconnecting,visuals/desktop/VER-01-default.svg;visuals/ios/VER-01-default.svg,VER-01-AT04,None: local UI/navigation; destination resource read only
R29 Native iOS,AUTH,AUTH-01,AUTH-01-I01,initial;loading;populated;failure;permission_denied;session_expired;offline;reconnecting,visuals/desktop/AUTH-01-default.svg;visuals/ios/AUTH-01-default.svg,AUTH-01-AT01,None on input; owning form Save contract
R29 Native iOS,AUTH,AUTH-01,AUTH-01-I02,initial;loading;populated;failure;permission_denied;session_expired;offline;reconnecting,visuals/desktop/AUTH-01-default.svg;visuals/ios/AUTH-01-default.svg,AUTH-01-AT02,POST /v1/auth/email/challenges
R29 Native iOS,AUTH,AUTH-01,AUTH-01-I03,initial;loading;populated;failure;permission_denied;session_expired;offline;reconnecting,visuals/desktop/AUTH-01-default.svg;visuals/ios/AUTH-01-default.svg,AUTH-01-AT03,POST /v1/auth/apple
R29 Native iOS,AUTH,AUTH-01,AUTH-01-I04,initial;loading;populated;failure;permission_denied;session_expired;offline;reconnecting,visuals/desktop/AUTH-01-default.svg;visuals/ios/AUTH-01-default.svg,AUTH-01-AT04,None: local UI/navigation; destination resource read only
R29 Native iOS,AUTH,AUTH-02,AUTH-02-I01,initial;loading;populated;failure;permission_denied;session_expired;offline;reconnecting,visuals/desktop/AUTH-02-default.svg;visuals/ios/AUTH-02-default.svg,AUTH-02-AT01,None on input; owning form Save contract
R29 Native iOS,AUTH,AUTH-02,AUTH-02-I02,initial;loading;populated;failure;permission_denied;session_expired;offline;reconnecting,visuals/desktop/AUTH-02-default.svg;visuals/ios/AUTH-02-default.svg,AUTH-02-AT02,POST /v1/auth/email/verify
R29 Native iOS,AUTH,AUTH-02,AUTH-02-I03,initial;loading;populated;failure;permission_denied;session_expired;offline;reconnecting,visuals/desktop/AUTH-02-default.svg;visuals/ios/AUTH-02-default.svg,AUTH-02-AT03,POST /v1/auth/email/challenges
R29 Native iOS,AUTH,AUTH-02,AUTH-02-I04,initial;loading;populated;failure;permission_denied;session_expired;offline;reconnecting,visuals/desktop/AUTH-02-default.svg;visuals/ios/AUTH-02-default.svg,AUTH-02-AT04,None: local UI/navigation; destination resource read only
R29 Native iOS,AUTH,ONB-01,ONB-01-I01,initial;loading;populated;failure;permission_denied;session_expired;offline;reconnecting;validation_error;unsaved;autosaving;saved;save_failed;conflict,visuals/desktop/ONB-01-default.svg;visuals/ios/ONB-01-default.svg,ONB-01-AT01,None on input; owning form Save contract
R29 Native iOS,AUTH,ONB-01,ONB-01-I02,initial;loading;populated;failure;permission_denied;session_expired;offline;reconnecting;validation_error;unsaved;autosaving;saved;save_failed;conflict,visuals/desktop/ONB-01-default.svg;visuals/ios/ONB-01-default.svg,ONB-01-AT02,None on input; owning form Save contract
R29 Native iOS,AUTH,ONB-01,ONB-01-I03,initial;loading;populated;failure;permission_denied;session_expired;offline;reconnecting;validation_error;unsaved;autosaving;saved;save_failed;conflict,visuals/desktop/ONB-01-default.svg;visuals/ios/ONB-01-default.svg,ONB-01-AT03,None on input; owning form Save contract
R29 Native iOS,AUTH,ONB-01,ONB-01-I04,initial;loading;populated;failure;permission_denied;session_expired;offline;reconnecting;validation_error;unsaved;autosaving;saved;save_failed;conflict,visuals/desktop/ONB-01-default.svg;visuals/ios/ONB-01-default.svg,ONB-01-AT04,None on input; owning form Save contract
R29 Native iOS,AUTH,ONB-01,ONB-01-I05,initial;loading;populated;failure;permission_denied;session_expired;offline;reconnecting;validation_error;unsaved;autosaving;saved;save_failed;conflict,visuals/desktop/ONB-01-default.svg;visuals/ios/ONB-01-default.svg,ONB-01-AT05,POST /v1/workspaces
R29 Native iOS,A,HOME-01,HOME-01-I01,initial;loading;populated;failure;permission_denied;session_expired;offline;reconnecting,visuals/desktop/HOME-01-default.svg;visuals/ios/HOME-01-default.svg,HOME-01-AT01,None: local UI/navigation; destination resource read only
R29 Native iOS,A,HOME-01,HOME-01-I02,initial;loading;populated;failure;permission_denied;session_expired;offline;reconnecting,visuals/desktop/HOME-01-default.svg;visuals/ios/HOME-01-default.svg,HOME-01-AT02,None: local UI/navigation; destination resource read only
R29 Native iOS,A,HOME-01,HOME-01-I03,initial;loading;populated;failure;permission_denied;session_expired;offline;reconnecting,visuals/desktop/HOME-01-default.svg;visuals/ios/HOME-01-default.svg,HOME-01-AT03,None: local UI/navigation; destination resource read only
R29 Native iOS,A,HOME-01,HOME-01-I04,initial;loading;populated;failure;permission_denied;session_expired;offline;reconnecting,visuals/desktop/HOME-01-default.svg;visuals/ios/HOME-01-default.svg,HOME-01-AT04,None: local UI/navigation; destination resource read only
R29 Native iOS,A,HOME-01,HOME-01-I05,initial;loading;populated;failure;permission_denied;session_expired;offline;reconnecting,visuals/desktop/HOME-01-default.svg;visuals/ios/HOME-01-default.svg,HOME-01-AT05,POST /v1/research/runs
R29 Native iOS,A,HOME-01,HOME-01-I06,initial;loading;populated;failure;permission_denied;session_expired;offline;reconnecting,visuals/desktop/HOME-01-default.svg;visuals/ios/HOME-01-default.svg,HOME-01-AT06,None: local UI/navigation; destination resource read only
R29 Native iOS,A,DISC-01,DISC-01-I01,initial;loading;populated;failure;permission_denied;session_expired;offline;reconnecting;empty;skeleton,visuals/desktop/DISC-01-default.svg;visuals/ios/DISC-01-default.svg,DISC-01-AT01,GET /v1/research/runs/{runId}/findings?q=&category=&evidence=&priorityMin=&sort=&cursor=
R29 Native iOS,A,DISC-01,DISC-01-I02,initial;loading;populated;failure;permission_denied;session_expired;offline;reconnecting;empty;skeleton,visuals/desktop/DISC-01-default.svg;visuals/ios/DISC-01-default.svg,DISC-01-AT02,GET /v1/research/runs/{runId}/findings?q=&category=&evidence=&priorityMin=&sort=&cursor=
R29 Native iOS,A,DISC-01,DISC-01-I03,initial;loading;populated;failure;permission_denied;session_expired;offline;reconnecting;empty;skeleton,visuals/desktop/DISC-01-default.svg;visuals/ios/DISC-01-default.svg,DISC-01-AT03,GET /v1/research/runs/{runId}/findings?q=&category=&evidence=&priorityMin=&sort=&cursor=
R29 Native iOS,A,DISC-01,DISC-01-I04,initial;loading;populated;failure;permission_denied;session_expired;offline;reconnecting;empty;skeleton,visuals/desktop/DISC-01-default.svg;visuals/ios/DISC-01-default.svg,DISC-01-AT04,None: local UI/navigation; destination resource read only
R29 Native iOS,A,DISC-01,DISC-01-I05,initial;loading;populated;failure;permission_denied;session_expired;offline;reconnecting;empty;skeleton,visuals/desktop/DISC-01-default.svg;visuals/ios/DISC-01-default.svg,DISC-01-AT05,PUT /v1/topics/{topicId}/saved
R29 Native iOS,A,DISC-01,DISC-01-I06,initial;loading;populated;failure;permission_denied;session_expired;offline;reconnecting;empty;skeleton,visuals/desktop/DISC-01-default.svg;visuals/ios/DISC-01-default.svg,DISC-01-AT06,GET /v1/research/runs/{runId}/findings?q=&category=&evidence=&priorityMin=&sort=&cursor=
R29 Native iOS,A,DISC-01,DISC-01-I07,initial;loading;populated;failure;permission_denied;session_expired;offline;reconnecting;empty;skeleton,visuals/desktop/DISC-01-default.svg;visuals/ios/DISC-01-default.svg,DISC-01-AT07,POST /v1/research/runs
R29 Native iOS,A,DISC-01,DISC-01-R24-research-history,initial;loading;populated;failure;permission_denied;session_expired;offline;reconnecting;empty;skeleton,visuals/desktop/DISC-01-default.svg;visuals/ios/DISC-01-default.svg,DISC-01-R24-research-history-AT,None: navigation
R29 Native iOS,A,DISC-01,DISC-01-R24-ranking-explanation,initial;loading;populated;failure;permission_denied;session_expired;offline;reconnecting;empty;skeleton,visuals/desktop/DISC-01-default.svg;visuals/ios/DISC-01-default.svg,DISC-01-R24-ranking-explanation-AT,GET /v1/findings/{findingId}
R29 Native iOS,A,DISC-01,DISC-01-R24-show-all-findings,initial;loading;populated;failure;permission_denied;session_expired;offline;reconnecting;empty;skeleton,visuals/desktop/DISC-01-default.svg;visuals/ios/DISC-01-default.svg,DISC-01-R24-show-all-findings-AT,GET /v1/research/runs/{runId}/findings
R29 Native iOS,A,DISC-01,DISC-01-R24-duplicate-group,initial;loading;populated;failure;permission_denied;session_expired;offline;reconnecting;empty;skeleton,visuals/desktop/DISC-01-default.svg;visuals/ios/DISC-01-default.svg,DISC-01-R24-duplicate-group-AT,GET /v1/research/runs/{runId}/findings?duplicateGroupId=
R29 Native iOS,B,QUEUE-01,QUEUE-01-I01,initial;loading;populated;failure;permission_denied;session_expired;offline;reconnecting;empty;skeleton,visuals/desktop/QUEUE-01-default.svg;visuals/ios/QUEUE-01-default.svg,QUEUE-01-AT01,POST /topics/{topicId}/select
R29 Native iOS,B,QUEUE-01,QUEUE-01-I02,initial;loading;populated;failure;permission_denied;session_expired;offline;reconnecting;empty;skeleton,visuals/desktop/QUEUE-01-default.svg;visuals/ios/QUEUE-01-default.svg,QUEUE-01-AT02,PATCH /topics/{topicId}
R29 Native iOS,B,QUEUE-01,QUEUE-01-I03,initial;loading;populated;failure;permission_denied;session_expired;offline;reconnecting;empty;skeleton,visuals/desktop/QUEUE-01-default.svg;visuals/ios/QUEUE-01-default.svg,QUEUE-01-AT03,PATCH /topics/{topicId}
R29 Native iOS,B,QUEUE-01,QUEUE-01-I04,initial;loading;populated;failure;permission_denied;session_expired;offline;reconnecting;empty;skeleton,visuals/desktop/QUEUE-01-default.svg;visuals/ios/QUEUE-01-default.svg,QUEUE-01-AT04,PATCH /topics/{topicId}
R29 Native iOS,B,QUEUE-01,QUEUE-01-I05,initial;loading;populated;failure;permission_denied;session_expired;offline;reconnecting;empty;skeleton,visuals/desktop/QUEUE-01-default.svg;visuals/ios/QUEUE-01-default.svg,QUEUE-01-AT05,PATCH /topics/{topicId}
R29 Native iOS,B,QUEUE-01,QUEUE-01-I06,initial;loading;populated;failure;permission_denied;session_expired;offline;reconnecting;empty;skeleton,visuals/desktop/QUEUE-01-default.svg;visuals/ios/QUEUE-01-default.svg,QUEUE-01-AT06,None: local UI/navigation; destination resource read only
R29 Native iOS,C,TOPIC-01,TOPIC-01-I01,initial;loading;populated;failure;permission_denied;session_expired;offline;reconnecting,visuals/desktop/TOPIC-01-default.svg;visuals/ios/TOPIC-01-default.svg,TOPIC-01-AT01,None: local UI/navigation; destination resource read only
R29 Native iOS,C,TOPIC-01,TOPIC-01-I02,initial;loading;populated;failure;permission_denied;session_expired;offline;reconnecting,visuals/desktop/TOPIC-01-default.svg;visuals/ios/TOPIC-01-default.svg,TOPIC-01-AT02,PUT /v1/topics/{topicId}/saved
R29 Native iOS,C,TOPIC-01,TOPIC-01-I03,initial;loading;populated;failure;permission_denied;session_expired;offline;reconnecting,visuals/desktop/TOPIC-01-default.svg;visuals/ios/TOPIC-01-default.svg,TOPIC-01-AT03,None: local UI/navigation; destination resource read only
R29 Native iOS,C,TOPIC-01,TOPIC-01-I04,initial;loading;populated;failure;permission_denied;session_expired;offline;reconnecting,visuals/desktop/TOPIC-01-default.svg;visuals/ios/TOPIC-01-default.svg,TOPIC-01-AT04,PATCH /v1/topics/{topicId}/angle
R29 Native iOS,C,TOPIC-01,TOPIC-01-I05,initial;loading;populated;failure;permission_denied;session_expired;offline;reconnecting,visuals/desktop/TOPIC-01-default.svg;visuals/ios/TOPIC-01-default.svg,TOPIC-01-AT05,None: local UI/navigation; destination resource read only
R29 Native iOS,C,TOPIC-01,TOPIC-01-I06,initial;loading;populated;failure;permission_denied;session_expired;offline;reconnecting,visuals/desktop/TOPIC-01-default.svg;visuals/ios/TOPIC-01-default.svg,TOPIC-01-AT06,None: local UI/navigation; destination resource read only
R29 Native iOS,C,SOURCE-01,SOURCE-01-I01,initial;loading;populated;failure;permission_denied;session_expired;offline;reconnecting,visuals/desktop/SOURCE-01-default.svg;visuals/ios/SOURCE-01-default.svg,SOURCE-01-AT01,None: local UI/navigation; destination resource read only
R29 Native iOS,C,SOURCE-01,SOURCE-01-I02,initial;loading;populated;failure;permission_denied;session_expired;offline;reconnecting,visuals/desktop/SOURCE-01-default.svg;visuals/ios/SOURCE-01-default.svg,SOURCE-01-AT02,None: local UI/navigation; destination resource read only
R29 Native iOS,C,SOURCE-01,SOURCE-01-I03,initial;loading;populated;failure;permission_denied;session_expired;offline;reconnecting,visuals/desktop/SOURCE-01-default.svg;visuals/ios/SOURCE-01-default.svg,SOURCE-01-AT03,PATCH /v1/topics/{topicId}/sources/{sourceId}
R29 Native iOS,C,SOURCE-01,SOURCE-01-I04,initial;loading;populated;failure;permission_denied;session_expired;offline;reconnecting,visuals/desktop/SOURCE-01-default.svg;visuals/ios/SOURCE-01-default.svg,SOURCE-01-AT04,POST /topics/{topicId}/verify
R29 Native iOS,C,CLAIM-01,CLAIM-01-I01,initial;loading;populated;failure;permission_denied;session_expired;offline;reconnecting,visuals/desktop/CLAIM-01-default.svg;visuals/ios/CLAIM-01-default.svg,CLAIM-01-AT01,None: local UI/navigation; destination resource read only
R29 Native iOS,C,CLAIM-01,CLAIM-01-I02,initial;loading;populated;failure;permission_denied;session_expired;offline;reconnecting,visuals/desktop/CLAIM-01-default.svg;visuals/ios/CLAIM-01-default.svg,CLAIM-01-AT02,None: local UI/navigation; destination resource read only
R29 Native iOS,C,CLAIM-01,CLAIM-01-I03,initial;loading;populated;failure;permission_denied;session_expired;offline;reconnecting,visuals/desktop/CLAIM-01-default.svg;visuals/ios/CLAIM-01-default.svg,CLAIM-01-AT03,PATCH /v1/outputs/{outputId}/claims/{claimId}
R29 Native iOS,C,CLAIM-01,CLAIM-01-I04,initial;loading;populated;failure;permission_denied;session_expired;offline;reconnecting,visuals/desktop/CLAIM-01-default.svg;visuals/ios/CLAIM-01-default.svg,CLAIM-01-AT04,PATCH /v1/outputs/{outputId}/claims/{claimId}
R29 Native iOS,C,CLAIM-01,CLAIM-01-I05,initial;loading;populated;failure;permission_denied;session_expired;offline;reconnecting,visuals/desktop/CLAIM-01-default.svg;visuals/ios/CLAIM-01-default.svg,CLAIM-01-AT05,POST /v1/outputs/{outputId}/grounding
R29 Native iOS,A,IMPORT-01,IMPORT-01-I01,initial;loading;populated;failure;permission_denied;session_expired;offline;reconnecting;validation_error;unsaved;autosaving;saved;save_failed;conflict,visuals/desktop/IMPORT-01-default.svg;visuals/ios/IMPORT-01-default.svg,IMPORT-01-AT01,None on input; owning form Save contract
R29 Native iOS,A,IMPORT-01,IMPORT-01-I02,initial;loading;populated;failure;permission_denied;session_expired;offline;reconnecting;validation_error;unsaved;autosaving;saved;save_failed;conflict,visuals/desktop/IMPORT-01-default.svg;visuals/ios/IMPORT-01-default.svg,IMPORT-01-AT02,None on input; owning form Save contract
R29 Native iOS,A,IMPORT-01,IMPORT-01-I03,initial;loading;populated;failure;permission_denied;session_expired;offline;reconnecting;validation_error;unsaved;autosaving;saved;save_failed;conflict,visuals/desktop/IMPORT-01-default.svg;visuals/ios/IMPORT-01-default.svg,IMPORT-01-AT03,None on input; owning form Save contract
R29 Native iOS,A,IMPORT-01,IMPORT-01-I04,initial;loading;populated;failure;permission_denied;session_expired;offline;reconnecting;validation_error;unsaved;autosaving;saved;save_failed;conflict,visuals/desktop/IMPORT-01-default.svg;visuals/ios/IMPORT-01-default.svg,IMPORT-01-AT04,None on input; owning form Save contract
R29 Native iOS,A,IMPORT-01,IMPORT-01-I05,initial;loading;populated;failure;permission_denied;session_expired;offline;reconnecting;validation_error;unsaved;autosaving;saved;save_failed;conflict,visuals/desktop/IMPORT-01-default.svg;visuals/ios/IMPORT-01-default.svg,IMPORT-01-AT05,None on input; owning form Save contract
R29 Native iOS,A,IMPORT-01,IMPORT-01-I06,initial;loading;populated;failure;permission_denied;session_expired;offline;reconnecting;validation_error;unsaved;autosaving;saved;save_failed;conflict,visuals/desktop/IMPORT-01-default.svg;visuals/ios/IMPORT-01-default.svg,IMPORT-01-AT06,PATCH /topics/{topicId}
R29 Native iOS,A,IMPORT-01,IMPORT-01-I07,initial;loading;populated;failure;permission_denied;session_expired;offline;reconnecting;validation_error;unsaved;autosaving;saved;save_failed;conflict,visuals/desktop/IMPORT-01-default.svg;visuals/ios/IMPORT-01-default.svg,IMPORT-01-AT07,PATCH /topics/{topicId}
R29 Native iOS,A,IMPORT-01,IMPORT-01-I08,initial;loading;populated;failure;permission_denied;session_expired;offline;reconnecting;validation_error;unsaved;autosaving;saved;save_failed;conflict,visuals/desktop/IMPORT-01-default.svg;visuals/ios/IMPORT-01-default.svg,IMPORT-01-AT08,POST /topics
R29 Native iOS,A,IMPORT-01,IMPORT-01-I09,initial;loading;populated;failure;permission_denied;session_expired;offline;reconnecting;validation_error;unsaved;autosaving;saved;save_failed;conflict,visuals/desktop/IMPORT-01-default.svg;visuals/ios/IMPORT-01-default.svg,IMPORT-01-AT09,None: local radio
R29 Native iOS,A,IMPORT-01,IMPORT-01-I10,initial;loading;populated;failure;permission_denied;session_expired;offline;reconnecting;validation_error;unsaved;autosaving;saved;save_failed;conflict,visuals/desktop/IMPORT-01-default.svg;visuals/ios/IMPORT-01-default.svg,IMPORT-01-AT10,POST /v1/ideas
R29 Native iOS,A,IMPORT-01,IMPORT-01-I11,initial;loading;populated;failure;permission_denied;session_expired;offline;reconnecting;validation_error;unsaved;autosaving;saved;save_failed;conflict,visuals/desktop/IMPORT-01-default.svg;visuals/ios/IMPORT-01-default.svg,IMPORT-01-AT11,POST /v1/ideas/{ideaId}/confirm
R29 Native iOS,A,IMPORT-01,IMPORT-01-I12,initial;loading;populated;failure;permission_denied;session_expired;offline;reconnecting;validation_error;unsaved;autosaving;saved;save_failed;conflict,visuals/desktop/IMPORT-01-default.svg;visuals/ios/IMPORT-01-default.svg,IMPORT-01-AT12,POST /v1/jobs/{jobId}/cancel
R29 Native iOS,D,CREATE-01,CREATE-01-I01,initial;loading;populated;failure;permission_denied;session_expired;offline;reconnecting;validation_error;unsaved;autosaving;saved;save_failed;conflict,visuals/desktop/CREATE-01-default.svg;visuals/ios/CREATE-01-default.svg,CREATE-01-AT01,None: local UI/navigation; destination resource read only
R29 Native iOS,D,CREATE-01,CREATE-01-I02,initial;loading;populated;failure;permission_denied;session_expired;offline;reconnecting;validation_error;unsaved;autosaving;saved;save_failed;conflict,visuals/desktop/CREATE-01-default.svg;visuals/ios/CREATE-01-default.svg,CREATE-01-AT02,None: local UI/navigation; destination resource read only
R29 Native iOS,D,CREATE-01,CREATE-01-I03,initial;loading;populated;failure;permission_denied;session_expired;offline;reconnecting;validation_error;unsaved;autosaving;saved;save_failed;conflict,visuals/desktop/CREATE-01-default.svg;visuals/ios/CREATE-01-default.svg,CREATE-01-AT03,None: local UI/navigation; destination resource read only
R29 Native iOS,D,CREATE-01,CREATE-01-I04,initial;loading;populated;failure;permission_denied;session_expired;offline;reconnecting;validation_error;unsaved;autosaving;saved;save_failed;conflict,visuals/desktop/CREATE-01-default.svg;visuals/ios/CREATE-01-default.svg,CREATE-01-AT04,POST /v1/setups
R29 Native iOS,D,CREATE-01,CREATE-01-I05,initial;loading;populated;failure;permission_denied;session_expired;offline;reconnecting;validation_error;unsaved;autosaving;saved;save_failed;conflict,visuals/desktop/CREATE-01-default.svg;visuals/ios/CREATE-01-default.svg,CREATE-01-AT05,POST /v1/setups
R29 Native iOS,D,CREATE-01,CREATE-01-EX6,initial;loading;populated;failure;permission_denied;session_expired;offline;reconnecting;validation_error;unsaved;autosaving;saved;save_failed;conflict,visuals/desktop/CREATE-01-default.svg;visuals/ios/CREATE-01-default.svg,CREATE-01-EX6-AT,None: navigation
R29 Native iOS,D,CREATE-01,CREATE-01-EX7,initial;loading;populated;failure;permission_denied;session_expired;offline;reconnecting;validation_error;unsaved;autosaving;saved;save_failed;conflict,visuals/desktop/CREATE-01-default.svg;visuals/ios/CREATE-01-default.svg,CREATE-01-EX7-AT,GET /v1/topics?q=&cursor=
R29 Native iOS,D,CREATE-01,CREATE-01-EX8,initial;loading;populated;failure;permission_denied;session_expired;offline;reconnecting;validation_error;unsaved;autosaving;saved;save_failed;conflict,visuals/desktop/CREATE-01-default.svg;visuals/ios/CREATE-01-default.svg,CREATE-01-EX8-AT,None: navigation
R29 Native iOS,D,CREATE-02,CREATE-02-I01,initial;loading;populated;failure;permission_denied;session_expired;offline;reconnecting;validation_error;unsaved;autosaving;saved;save_failed;conflict,visuals/desktop/CREATE-02-default.svg;visuals/ios/CREATE-02-default.svg,CREATE-02-AT01,None on input; owning form Save contract
R29 Native iOS,D,CREATE-02,CREATE-02-I02,initial;loading;populated;failure;permission_denied;session_expired;offline;reconnecting;validation_error;unsaved;autosaving;saved;save_failed;conflict,visuals/desktop/CREATE-02-default.svg;visuals/ios/CREATE-02-default.svg,CREATE-02-AT02,None on input; owning form Save contract
R29 Native iOS,D,CREATE-02,CREATE-02-I03,initial;loading;populated;failure;permission_denied;session_expired;offline;reconnecting;validation_error;unsaved;autosaving;saved;save_failed;conflict,visuals/desktop/CREATE-02-default.svg;visuals/ios/CREATE-02-default.svg,CREATE-02-AT03,None on input; owning form Save contract
R29 Native iOS,D,CREATE-02,CREATE-02-I05,initial;loading;populated;failure;permission_denied;session_expired;offline;reconnecting;validation_error;unsaved;autosaving;saved;save_failed;conflict,visuals/desktop/CREATE-02-default.svg;visuals/ios/CREATE-02-default.svg,CREATE-02-AT05,None on input; owning form Save contract
R29 Native iOS,D,CREATE-02,CREATE-02-I06,initial;loading;populated;failure;permission_denied;session_expired;offline;reconnecting;validation_error;unsaved;autosaving;saved;save_failed;conflict,visuals/desktop/CREATE-02-default.svg;visuals/ios/CREATE-02-default.svg,CREATE-02-AT06,None on input; owning form Save contract
R29 Native iOS,D,CREATE-02,CREATE-02-I07,initial;loading;populated;failure;permission_denied;session_expired;offline;reconnecting;validation_error;unsaved;autosaving;saved;save_failed;conflict,visuals/desktop/CREATE-02-default.svg;visuals/ios/CREATE-02-default.svg,CREATE-02-AT07,PATCH /v1/outputs/{outputId}/timeline
R29 Native iOS,D,CREATE-02,CREATE-02-I08,initial;loading;populated;failure;permission_denied;session_expired;offline;reconnecting;validation_error;unsaved;autosaving;saved;save_failed;conflict,visuals/desktop/CREATE-02-default.svg;visuals/ios/CREATE-02-default.svg,CREATE-02-AT08,PATCH /v1/outputs/{outputId}/timeline
R29 Native iOS,D,CREATE-02,CREATE-02-I09,initial;loading;populated;failure;permission_denied;session_expired;offline;reconnecting;validation_error;unsaved;autosaving;saved;save_failed;conflict,visuals/desktop/CREATE-02-default.svg;visuals/ios/CREATE-02-default.svg,CREATE-02-AT09,None on input; owning form Save contract
R29 Native iOS,D,CREATE-02,CREATE-02-I10,initial;loading;populated;failure;permission_denied;session_expired;offline;reconnecting;validation_error;unsaved;autosaving;saved;save_failed;conflict,visuals/desktop/CREATE-02-default.svg;visuals/ios/CREATE-02-default.svg,CREATE-02-AT10,None: local UI/navigation; destination resource read only
R29 Native iOS,D,CREATE-02,CREATE-02-I11,initial;loading;populated;failure;permission_denied;session_expired;offline;reconnecting;validation_error;unsaved;autosaving;saved;save_failed;conflict,visuals/desktop/CREATE-02-default.svg;visuals/ios/CREATE-02-default.svg,CREATE-02-AT11,None: local UI/navigation; destination resource read only
R29 Native iOS,D,CREATE-02,CREATE-02-AI11,initial;loading;populated;failure;permission_denied;session_expired;offline;reconnecting;validation_error;unsaved;autosaving;saved;save_failed;conflict,visuals/desktop/CREATE-02-default.svg;visuals/ios/CREATE-02-default.svg,CREATE-02-AI11-AT,GET /v1/outputs/{outputId}/creative-plan
R29 Native iOS,D,CREATE-03,CREATE-03-I01,initial;loading;populated;failure;permission_denied;session_expired;offline;reconnecting;validation_error;unsaved;autosaving;saved;save_failed;conflict,visuals/desktop/CREATE-03-default.svg;visuals/ios/CREATE-03-default.svg,CREATE-03-AT01,None: local UI/navigation; destination resource read only
R29 Native iOS,D,CREATE-03,CREATE-03-I02,initial;loading;populated;failure;permission_denied;session_expired;offline;reconnecting;validation_error;unsaved;autosaving;saved;save_failed;conflict,visuals/desktop/CREATE-03-default.svg;visuals/ios/CREATE-03-default.svg,CREATE-03-AT02,POST /v1/setups/{setupId}/generate
R29 Native iOS,D,CREATE-03,CREATE-03-I03,initial;loading;populated;failure;permission_denied;session_expired;offline;reconnecting;validation_error;unsaved;autosaving;saved;save_failed;conflict,visuals/desktop/CREATE-03-default.svg;visuals/ios/CREATE-03-default.svg,CREATE-03-AT03,POST /v1/setups
R29 Native iOS,D,CREATE-03,CREATE-03-I04,initial;loading;populated;failure;permission_denied;session_expired;offline;reconnecting;validation_error;unsaved;autosaving;saved;save_failed;conflict,visuals/desktop/CREATE-03-default.svg;visuals/ios/CREATE-03-default.svg,CREATE-03-AT04,None: local UI/navigation; destination resource read only
R29 Native iOS,E,GEN-01,GEN-01-I01,initial;loading;populated;failure;permission_denied;session_expired;offline;reconnecting;queued;running;partial_success;stalled;cancelling;cancelled;completed;retryable_failure;permanent_failure,visuals/desktop/GEN-01-default.svg;visuals/ios/GEN-01-default.svg,GEN-01-AT01,None: local UI/navigation; destination resource read only
R29 Native iOS,E,GEN-01,GEN-01-I02,initial;loading;populated;failure;permission_denied;session_expired;offline;reconnecting;queued;running;partial_success;stalled;cancelling;cancelled;completed;retryable_failure;permanent_failure,visuals/desktop/GEN-01-default.svg;visuals/ios/GEN-01-default.svg,GEN-01-AT02,None: local UI/navigation; destination resource read only
R29 Native iOS,E,GEN-01,GEN-01-I03,initial;loading;populated;failure;permission_denied;session_expired;offline;reconnecting;queued;running;partial_success;stalled;cancelling;cancelled;completed;retryable_failure;permanent_failure,visuals/desktop/GEN-01-default.svg;visuals/ios/GEN-01-default.svg,GEN-01-AT03,None: local UI/navigation; destination resource read only
R29 Native iOS,E,GEN-01,GEN-01-I04,initial;loading;populated;failure;permission_denied;session_expired;offline;reconnecting;queued;running;partial_success;stalled;cancelling;cancelled;completed;retryable_failure;permanent_failure,visuals/desktop/GEN-01-default.svg;visuals/ios/GEN-01-default.svg,GEN-01-AT04,POST /v1/jobs/{jobId}/retry
R29 Native iOS,E,GEN-01,GEN-01-I05,initial;loading;populated;failure;permission_denied;session_expired;offline;reconnecting;queued;running;partial_success;stalled;cancelling;cancelled;completed;retryable_failure;permanent_failure,visuals/desktop/GEN-01-default.svg;visuals/ios/GEN-01-default.svg,GEN-01-AT05,POST /v1/jobs/{jobId}/cancel
R29 Native iOS,E,GEN-01,GEN-01-I06,initial;loading;populated;failure;permission_denied;session_expired;offline;reconnecting;queued;running;partial_success;stalled;cancelling;cancelled;completed;retryable_failure;permanent_failure,visuals/desktop/GEN-01-default.svg;visuals/ios/GEN-01-default.svg,GEN-01-AT06,None: local UI/navigation; destination resource read only
R29 Native iOS,E,GEN-01,GEN-01-EX7,initial;loading;populated;failure;permission_denied;session_expired;offline;reconnecting;queued;running;partial_success;stalled;cancelling;cancelled;completed;retryable_failure;permanent_failure,visuals/desktop/GEN-01-default.svg;visuals/ios/GEN-01-default.svg,GEN-01-EX7-AT,POST /v1/outputs/{outputId}/different-look
R29 Native iOS,E,GEN-01,GEN-01-EX8,initial;loading;populated;failure;permission_denied;session_expired;offline;reconnecting;queued;running;partial_success;stalled;cancelling;cancelled;completed;retryable_failure;permanent_failure,visuals/desktop/GEN-01-default.svg;visuals/ios/GEN-01-default.svg,GEN-01-EX8-AT,GET /v1/outputs/{outputId}/creative-plan
R29 Native iOS,F,CAR-01,CAR-01-I01,initial;loading;populated;failure;permission_denied;session_expired;offline;reconnecting;validation_error;unsaved;autosaving;saved;save_failed;conflict,visuals/desktop/CAR-01-default.svg;visuals/ios/CAR-01-default.svg,CAR-01-AT01,None: local UI/navigation; destination resource read only
R29 Native iOS,F,CAR-01,CAR-01-I02,initial;loading;populated;failure;permission_denied;session_expired;offline;reconnecting;validation_error;unsaved;autosaving;saved;save_failed;conflict,visuals/desktop/CAR-01-default.svg;visuals/ios/CAR-01-default.svg,CAR-01-AT02,PATCH /v1/outputs/{outputId}/slides/{slideId}
R29 Native iOS,F,CAR-01,CAR-01-I04,initial;loading;populated;failure;permission_denied;session_expired;offline;reconnecting;validation_error;unsaved;autosaving;saved;save_failed;conflict,visuals/desktop/CAR-01-default.svg;visuals/ios/CAR-01-default.svg,CAR-01-AT04,None: local UI/navigation; destination resource read only
R29 Native iOS,F,CAR-01,CAR-01-I05,initial;loading;populated;failure;permission_denied;session_expired;offline;reconnecting;validation_error;unsaved;autosaving;saved;save_failed;conflict,visuals/desktop/CAR-01-default.svg;visuals/ios/CAR-01-default.svg,CAR-01-AT05,PUT /v1/outputs/{outputId}/slide-order
R29 Native iOS,F,CAR-01,CAR-01-I06,initial;loading;populated;failure;permission_denied;session_expired;offline;reconnecting;validation_error;unsaved;autosaving;saved;save_failed;conflict,visuals/desktop/CAR-01-default.svg;visuals/ios/CAR-01-default.svg,CAR-01-AT06,POST /v1/outputs/{outputId}/slides
R29 Native iOS,F,CAR-01,CAR-01-I07,initial;loading;populated;failure;permission_denied;session_expired;offline;reconnecting;validation_error;unsaved;autosaving;saved;save_failed;conflict,visuals/desktop/CAR-01-default.svg;visuals/ios/CAR-01-default.svg,CAR-01-AT07,DELETE /v1/outputs/{outputId}/slides/{slideId}
R29 Native iOS,F,CAR-01,CAR-01-I08,initial;loading;populated;failure;permission_denied;session_expired;offline;reconnecting;validation_error;unsaved;autosaving;saved;save_failed;conflict,visuals/desktop/CAR-01-default.svg;visuals/ios/CAR-01-default.svg,CAR-01-AT08,None: local UI/navigation; destination resource read only
R29 Native iOS,F,CAR-01,CAR-01-I09,initial;loading;populated;failure;permission_denied;session_expired;offline;reconnecting;validation_error;unsaved;autosaving;saved;save_failed;conflict,visuals/desktop/CAR-01-default.svg;visuals/ios/CAR-01-default.svg,CAR-01-AT09,None: local UI/navigation; destination resource read only
R29 Native iOS,F,CAR-01,CAR-01-I10,initial;loading;populated;failure;permission_denied;session_expired;offline;reconnecting;validation_error;unsaved;autosaving;saved;save_failed;conflict,visuals/desktop/CAR-01-default.svg;visuals/ios/CAR-01-default.svg,CAR-01-AT10,None: local UI/navigation; destination resource read only
R29 Native iOS,F,CAR-01,CAR-01-I11,initial;loading;populated;failure;permission_denied;session_expired;offline;reconnecting;validation_error;unsaved;autosaving;saved;save_failed;conflict,visuals/desktop/CAR-01-default.svg;visuals/ios/CAR-01-default.svg,CAR-01-AT11,None: local UI/navigation; destination resource read only
R29 Native iOS,F,CAR-01,CAR-01-I12,initial;loading;populated;failure;permission_denied;session_expired;offline;reconnecting;validation_error;unsaved;autosaving;saved;save_failed;conflict,visuals/desktop/CAR-01-default.svg;visuals/ios/CAR-01-default.svg,CAR-01-AT12,None: local UI/navigation; destination resource read only
R29 Native iOS,F,CAR-01,CAR-01-I13,initial;loading;populated;failure;permission_denied;session_expired;offline;reconnecting;validation_error;unsaved;autosaving;saved;save_failed;conflict,visuals/desktop/CAR-01-default.svg;visuals/ios/CAR-01-default.svg,CAR-01-AT13,POST /v1/outputs/{outputId}/submit
R29 Native iOS,F,CAR-01,CAR-01-AI13,initial;loading;populated;failure;permission_denied;session_expired;offline;reconnecting;validation_error;unsaved;autosaving;saved;save_failed;conflict,visuals/desktop/CAR-01-default.svg;visuals/ios/CAR-01-default.svg,CAR-01-AI13-AT,POST /v1/outputs/{outputId}/different-look
R29 Native iOS,F,CAR-01,CAR-01-AI14,initial;loading;populated;failure;permission_denied;session_expired;offline;reconnecting;validation_error;unsaved;autosaving;saved;save_failed;conflict,visuals/desktop/CAR-01-default.svg;visuals/ios/CAR-01-default.svg,CAR-01-AI14-AT,GET /v1/outputs/{outputId}/creative-plan
R29 Native iOS,F,CAR-02,CAR-02-I01,initial;loading;populated;failure;permission_denied;session_expired;offline;reconnecting;validation_error;unsaved;autosaving;saved;save_failed;conflict,visuals/desktop/CAR-02-default.svg;visuals/ios/CAR-02-default.svg,CAR-02-AT01,PATCH /v1/outputs/{outputId}/slides/{slideId}
R29 Native iOS,F,CAR-02,CAR-02-I03,initial;loading;populated;failure;permission_denied;session_expired;offline;reconnecting;validation_error;unsaved;autosaving;saved;save_failed;conflict,visuals/desktop/CAR-02-default.svg;visuals/ios/CAR-02-default.svg,CAR-02-AT03,None: local UI/navigation; destination resource read only
R29 Native iOS,F,CAR-02,CAR-02-I04,initial;loading;populated;failure;permission_denied;session_expired;offline;reconnecting;validation_error;unsaved;autosaving;saved;save_failed;conflict,visuals/desktop/CAR-02-default.svg;visuals/ios/CAR-02-default.svg,CAR-02-AT04,None: local UI/navigation; destination resource read only
R29 Native iOS,F,CAR-02,CAR-02-I05,initial;loading;populated;failure;permission_denied;session_expired;offline;reconnecting;validation_error;unsaved;autosaving;saved;save_failed;conflict,visuals/desktop/CAR-02-default.svg;visuals/ios/CAR-02-default.svg,CAR-02-AT05,None: local UI/navigation; destination resource read only
R29 Native iOS,F,CAR-03,CAR-03-I02,initial;loading;populated;failure;permission_denied;session_expired;offline;reconnecting;validation_error;unsaved;autosaving;saved;save_failed;conflict,visuals/desktop/CAR-03-default.svg;visuals/ios/CAR-03-default.svg,CAR-03-AT02,POST /v1/outputs/{outputId}/slides/{slideId}/generate
R29 Native iOS,F,CAR-03,CAR-03-I03,initial;loading;populated;failure;permission_denied;session_expired;offline;reconnecting;validation_error;unsaved;autosaving;saved;save_failed;conflict,visuals/desktop/CAR-03-default.svg;visuals/ios/CAR-03-default.svg,CAR-03-AT03,None: local UI/navigation; destination resource read only
R29 Native iOS,F,CAR-03,CAR-03-AI3,initial;loading;populated;failure;permission_denied;session_expired;offline;reconnecting;validation_error;unsaved;autosaving;saved;save_failed;conflict,visuals/desktop/CAR-03-default.svg;visuals/ios/CAR-03-default.svg,CAR-03-AI3-AT,GET /v1/outputs/{outputId}/creative-plan
R29 Native iOS,O,VER-01,VER-01-I01,initial;loading;populated;failure;permission_denied;session_expired;offline;reconnecting,visuals/desktop/VER-01-default.svg;visuals/ios/VER-01-default.svg,VER-01-AT01,None: local UI/navigation; destination resource read only
R29 Native iOS,O,VER-01,VER-01-I02,initial;loading;populated;failure;permission_denied;session_expired;offline;reconnecting,visuals/desktop/VER-01-default.svg;visuals/ios/VER-01-default.svg,VER-01-AT02,None: local UI/navigation; destination resource read only
R29 Native iOS,O,VER-01,VER-01-I03,initial;loading;populated;failure;permission_denied;session_expired;offline;reconnecting,visuals/desktop/VER-01-default.svg;visuals/ios/VER-01-default.svg,VER-01-AT03,POST /v1/outputs/{outputId}/restore
R29 Native iOS,O,VER-01,VER-01-I04,initial;loading;populated;failure;permission_denied;session_expired;offline;reconnecting,visuals/desktop/VER-01-default.svg;visuals/ios/VER-01-default.svg,VER-01-AT04,None: local UI/navigation; destination resource read only
R29 Native iOS,H,REEL-01,REEL-01-I01,initial;loading;populated;failure;permission_denied;session_expired;offline;reconnecting;validation_error;unsaved;autosaving;saved;save_failed;conflict,visuals/desktop/REEL-01-default.svg;visuals/ios/REEL-01-default.svg,REEL-01-AT01,None: local UI/navigation; destination resource read only
R29 Native iOS,H,REEL-01,REEL-01-I02,initial;loading;populated;failure;permission_denied;session_expired;offline;reconnecting;validation_error;unsaved;autosaving;saved;save_failed;conflict,visuals/desktop/REEL-01-default.svg;visuals/ios/REEL-01-default.svg,REEL-01-AT02,None: local UI/navigation; destination resource read only
R29 Native iOS,H,REEL-01,REEL-01-I03,initial;loading;populated;failure;permission_denied;session_expired;offline;reconnecting;validation_error;unsaved;autosaving;saved;save_failed;conflict,visuals/desktop/REEL-01-default.svg;visuals/ios/REEL-01-default.svg,REEL-01-AT03,None: local UI/navigation; destination resource read only
R29 Native iOS,H,REEL-01,REEL-01-I04,initial;loading;populated;failure;permission_denied;session_expired;offline;reconnecting;validation_error;unsaved;autosaving;saved;save_failed;conflict,visuals/desktop/REEL-01-default.svg;visuals/ios/REEL-01-default.svg,REEL-01-AT04,None: local UI/navigation; destination resource read only
R29 Native iOS,H,REEL-01,REEL-01-I05,initial;loading;populated;failure;permission_denied;session_expired;offline;reconnecting;validation_error;unsaved;autosaving;saved;save_failed;conflict,visuals/desktop/REEL-01-default.svg;visuals/ios/REEL-01-default.svg,REEL-01-AT05,None on input; owning form Save contract
R29 Native iOS,H,REEL-01,REEL-01-I06,initial;loading;populated;failure;permission_denied;session_expired;offline;reconnecting;validation_error;unsaved;autosaving;saved;save_failed;conflict,visuals/desktop/REEL-01-default.svg;visuals/ios/REEL-01-default.svg,REEL-01-AT06,None: local UI/navigation; destination resource read only
R29 Native iOS,H,REEL-01,REEL-01-I07,initial;loading;populated;failure;permission_denied;session_expired;offline;reconnecting;validation_error;unsaved;autosaving;saved;save_failed;conflict,visuals/desktop/REEL-01-default.svg;visuals/ios/REEL-01-default.svg,REEL-01-AT07,PATCH /v1/outputs/{outputId}/timeline
R29 Native iOS,H,REEL-01,REEL-01-I08,initial;loading;populated;failure;permission_denied;session_expired;offline;reconnecting;validation_error;unsaved;autosaving;saved;save_failed;conflict,visuals/desktop/REEL-01-default.svg;visuals/ios/REEL-01-default.svg,REEL-01-AT08,PATCH /v1/outputs/{outputId}/timeline
R29 Native iOS,H,REEL-01,REEL-01-I09,initial;loading;populated;failure;permission_denied;session_expired;offline;reconnecting;validation_error;unsaved;autosaving;saved;save_failed;conflict,visuals/desktop/REEL-01-default.svg;visuals/ios/REEL-01-default.svg,REEL-01-AT09,PATCH /v1/outputs/{outputId}/timeline
R29 Native iOS,H,REEL-01,REEL-01-I10,initial;loading;populated;failure;permission_denied;session_expired;offline;reconnecting;validation_error;unsaved;autosaving;saved;save_failed;conflict,visuals/desktop/REEL-01-default.svg;visuals/ios/REEL-01-default.svg,REEL-01-AT10,None: navigation; target reads GET /v1/outputs/{outputId}/timeline
R29 Native iOS,H,REEL-01,REEL-01-I11,initial;loading;populated;failure;permission_denied;session_expired;offline;reconnecting;validation_error;unsaved;autosaving;saved;save_failed;conflict,visuals/desktop/REEL-01-default.svg;visuals/ios/REEL-01-default.svg,REEL-01-AT11,None: navigation; target reads GET /v1/outputs/{outputId}/timeline
R29 Native iOS,H,REEL-01,REEL-01-I12,initial;loading;populated;failure;permission_denied;session_expired;offline;reconnecting;validation_error;unsaved;autosaving;saved;save_failed;conflict,visuals/desktop/REEL-01-default.svg;visuals/ios/REEL-01-default.svg,REEL-01-AT12,None: navigation; target reads GET /v1/outputs/{outputId}/timeline
R29 Native iOS,H,REEL-01,REEL-01-I13,initial;loading;populated;failure;permission_denied;session_expired;offline;reconnecting;validation_error;unsaved;autosaving;saved;save_failed;conflict,visuals/desktop/REEL-01-default.svg;visuals/ios/REEL-01-default.svg,REEL-01-AT13,POST /v1/outputs/{outputId}/render
R29 Native iOS,H,REEL-01,REEL-01-I14,initial;loading;populated;failure;permission_denied;session_expired;offline;reconnecting;validation_error;unsaved;autosaving;saved;save_failed;conflict,visuals/desktop/REEL-01-default.svg;visuals/ios/REEL-01-default.svg,REEL-01-AT14,None: local UI/navigation; destination resource read only
R29 Native iOS,H,REEL-01,REEL-01-I15,initial;loading;populated;failure;permission_denied;session_expired;offline;reconnecting;validation_error;unsaved;autosaving;saved;save_failed;conflict,visuals/desktop/REEL-01-default.svg;visuals/ios/REEL-01-default.svg,REEL-01-AT15,None: local UI/navigation; destination resource read only
R29 Native iOS,H,REEL-01,REEL-01-I16,initial;loading;populated;failure;permission_denied;session_expired;offline;reconnecting;validation_error;unsaved;autosaving;saved;save_failed;conflict,visuals/desktop/REEL-01-default.svg;visuals/ios/REEL-01-default.svg,REEL-01-AT16,POST /v1/outputs/{outputId}/submit
R29 Native iOS,H,REEL-01,REEL-01-AI17,initial;loading;populated;failure;permission_denied;session_expired;offline;reconnecting;validation_error;unsaved;autosaving;saved;save_failed;conflict,visuals/desktop/REEL-01-default.svg;visuals/ios/REEL-01-default.svg,REEL-01-AI17-AT,POST /v1/outputs/{outputId}/different-look
R29 Native iOS,H,REEL-01,REEL-01-AI18,initial;loading;populated;failure;permission_denied;session_expired;offline;reconnecting;validation_error;unsaved;autosaving;saved;save_failed;conflict,visuals/desktop/REEL-01-default.svg;visuals/ios/REEL-01-default.svg,REEL-01-AI18-AT,GET /v1/outputs/{outputId}/creative-plan
R29 Native iOS,H,REEL-02,REEL-02-I01,initial;loading;populated;failure;permission_denied;session_expired;offline;reconnecting;validation_error;unsaved;autosaving;saved;save_failed;conflict,visuals/desktop/REEL-02-default.svg;visuals/ios/REEL-02-default.svg,REEL-02-AT01,PATCH /v1/outputs/{outputId}/timeline
R29 Native iOS,H,REEL-02,REEL-02-I02,initial;loading;populated;failure;permission_denied;session_expired;offline;reconnecting;validation_error;unsaved;autosaving;saved;save_failed;conflict,visuals/desktop/REEL-02-default.svg;visuals/ios/REEL-02-default.svg,REEL-02-AT02,POST /v1/outputs/{outputId}/script/suggestions
R29 Native iOS,H,REEL-02,REEL-02-I03,initial;loading;populated;failure;permission_denied;session_expired;offline;reconnecting;validation_error;unsaved;autosaving;saved;save_failed;conflict,visuals/desktop/REEL-02-default.svg;visuals/ios/REEL-02-default.svg,REEL-02-AT03,None: local UI/navigation; destination resource read only
R29 Native iOS,H,REEL-02,REEL-02-I04,initial;loading;populated;failure;permission_denied;session_expired;offline;reconnecting;validation_error;unsaved;autosaving;saved;save_failed;conflict,visuals/desktop/REEL-02-default.svg;visuals/ios/REEL-02-default.svg,REEL-02-AT04,None: local UI/navigation; destination resource read only
R29 Native iOS,H,REEL-03,REEL-03-I01,initial;loading;populated;failure;permission_denied;session_expired;offline;reconnecting;validation_error;unsaved;autosaving;saved;save_failed;conflict,visuals/desktop/REEL-03-default.svg;visuals/ios/REEL-03-default.svg,REEL-03-AT01,None: local UI/navigation; destination resource read only
R29 Native iOS,H,REEL-03,REEL-03-I02,initial;loading;populated;failure;permission_denied;session_expired;offline;reconnecting;validation_error;unsaved;autosaving;saved;save_failed;conflict,visuals/desktop/REEL-03-default.svg;visuals/ios/REEL-03-default.svg,REEL-03-AT02,PATCH /v1/outputs/{outputId}/timeline
R29 Native iOS,H,REEL-03,REEL-03-I03,initial;loading;populated;failure;permission_denied;session_expired;offline;reconnecting;validation_error;unsaved;autosaving;saved;save_failed;conflict,visuals/desktop/REEL-03-default.svg;visuals/ios/REEL-03-default.svg,REEL-03-AT03,PATCH /v1/outputs/{outputId}/timeline
R29 Native iOS,H,REEL-03,REEL-03-I04,initial;loading;populated;failure;permission_denied;session_expired;offline;reconnecting;validation_error;unsaved;autosaving;saved;save_failed;conflict,visuals/desktop/REEL-03-default.svg;visuals/ios/REEL-03-default.svg,REEL-03-AT04,PATCH /v1/outputs/{outputId}/timeline
R29 Native iOS,H,REEL-03,REEL-03-I05,initial;loading;populated;failure;permission_denied;session_expired;offline;reconnecting;validation_error;unsaved;autosaving;saved;save_failed;conflict,visuals/desktop/REEL-03-default.svg;visuals/ios/REEL-03-default.svg,REEL-03-AT05,None: local UI/navigation; destination resource read only
R29 Native iOS,H,REEL-04,REEL-04-I01,initial;loading;populated;failure;permission_denied;session_expired;offline;reconnecting;validation_error;unsaved;autosaving;saved;save_failed;conflict,visuals/desktop/REEL-04-default.svg;visuals/ios/REEL-04-default.svg,REEL-04-AT01,PATCH /v1/outputs/{outputId}/timeline
R29 Native iOS,H,REEL-04,REEL-04-I02,initial;loading;populated;failure;permission_denied;session_expired;offline;reconnecting;validation_error;unsaved;autosaving;saved;save_failed;conflict,visuals/desktop/REEL-04-default.svg;visuals/ios/REEL-04-default.svg,REEL-04-AT02,PATCH /v1/outputs/{outputId}/timeline
R29 Native iOS,H,REEL-04,REEL-04-I04,initial;loading;populated;failure;permission_denied;session_expired;offline;reconnecting;validation_error;unsaved;autosaving;saved;save_failed;conflict,visuals/desktop/REEL-04-default.svg;visuals/ios/REEL-04-default.svg,REEL-04-AT04,POST /v1/outputs/{outputId}/scenes/{sceneId}/generate
R29 Native iOS,H,REEL-04,REEL-04-I05,initial;loading;populated;failure;permission_denied;session_expired;offline;reconnecting;validation_error;unsaved;autosaving;saved;save_failed;conflict,visuals/desktop/REEL-04-default.svg;visuals/ios/REEL-04-default.svg,REEL-04-AT05,None: local UI/navigation; destination resource read only
R29 Native iOS,H,REEL-04,REEL-04-I06,initial;loading;populated;failure;permission_denied;session_expired;offline;reconnecting;validation_error;unsaved;autosaving;saved;save_failed;conflict,visuals/desktop/REEL-04-default.svg;visuals/ios/REEL-04-default.svg,REEL-04-AT06,None: local UI/navigation; destination resource read only
R29 Native iOS,H,REEL-05,REEL-05-I01,initial;loading;populated;failure;permission_denied;session_expired;offline;reconnecting;validation_error;unsaved;autosaving;saved;save_failed;conflict,visuals/desktop/REEL-05-default.svg;visuals/ios/REEL-05-default.svg,REEL-05-AT01,None: local UI/navigation; destination resource read only
R29 Native iOS,H,REEL-05,REEL-05-I02,initial;loading;populated;failure;permission_denied;session_expired;offline;reconnecting;validation_error;unsaved;autosaving;saved;save_failed;conflict,visuals/desktop/REEL-05-default.svg;visuals/ios/REEL-05-default.svg,REEL-05-AT02,PATCH /v1/outputs/{outputId}/timeline
R29 Native iOS,H,REEL-05,REEL-05-I03,initial;loading;populated;failure;permission_denied;session_expired;offline;reconnecting;validation_error;unsaved;autosaving;saved;save_failed;conflict,visuals/desktop/REEL-05-default.svg;visuals/ios/REEL-05-default.svg,REEL-05-AT03,PATCH /v1/outputs/{outputId}/timeline
R29 Native iOS,H,REEL-05,REEL-05-I04,initial;loading;populated;failure;permission_denied;session_expired;offline;reconnecting;validation_error;unsaved;autosaving;saved;save_failed;conflict,visuals/desktop/REEL-05-default.svg;visuals/ios/REEL-05-default.svg,REEL-05-AT04,POST /v1/outputs/{outputId}/audio/uploads
R29 Native iOS,H,REEL-05,REEL-05-I05,initial;loading;populated;failure;permission_denied;session_expired;offline;reconnecting;validation_error;unsaved;autosaving;saved;save_failed;conflict,visuals/desktop/REEL-05-default.svg;visuals/ios/REEL-05-default.svg,REEL-05-AT05,PATCH /v1/outputs/{outputId}/timeline
R29 Native iOS,H,REEL-05,REEL-05-I06,initial;loading;populated;failure;permission_denied;session_expired;offline;reconnecting;validation_error;unsaved;autosaving;saved;save_failed;conflict,visuals/desktop/REEL-05-default.svg;visuals/ios/REEL-05-default.svg,REEL-05-AT06,PATCH /v1/outputs/{outputId}/timeline
R29 Native iOS,H,REEL-05,REEL-05-I07,initial;loading;populated;failure;permission_denied;session_expired;offline;reconnecting;validation_error;unsaved;autosaving;saved;save_failed;conflict,visuals/desktop/REEL-05-default.svg;visuals/ios/REEL-05-default.svg,REEL-05-AT07,PATCH /v1/outputs/{outputId}/timeline
R29 Native iOS,H,REEL-05,REEL-05-I08,initial;loading;populated;failure;permission_denied;session_expired;offline;reconnecting;validation_error;unsaved;autosaving;saved;save_failed;conflict,visuals/desktop/REEL-05-default.svg;visuals/ios/REEL-05-default.svg,REEL-05-AT08,None: local UI/navigation; destination resource read only
R29 Native iOS,H,REEL-05,REEL-05-I09,initial;loading;populated;failure;permission_denied;session_expired;offline;reconnecting;validation_error;unsaved;autosaving;saved;save_failed;conflict,visuals/desktop/REEL-05-default.svg;visuals/ios/REEL-05-default.svg,REEL-05-AT09,None: local UI/navigation; destination resource read only
R29 Native iOS,H,REEL-05,REEL-05-I10,initial;loading;populated;failure;permission_denied;session_expired;offline;reconnecting;validation_error;unsaved;autosaving;saved;save_failed;conflict,visuals/desktop/REEL-05-default.svg;visuals/ios/REEL-05-default.svg,REEL-05-AT10,POST /v1/outputs/{outputId}/voiceover
R29 Native iOS,H,REEL-06,REEL-06-I01,initial;loading;populated;failure;permission_denied;session_expired;offline;reconnecting;validation_error;unsaved;autosaving;saved;save_failed;conflict,visuals/desktop/REEL-06-default.svg;visuals/ios/REEL-06-default.svg,REEL-06-AT01,None: local UI/navigation; destination resource read only
R29 Native iOS,H,REEL-06,REEL-06-I02,initial;loading;populated;failure;permission_denied;session_expired;offline;reconnecting;validation_error;unsaved;autosaving;saved;save_failed;conflict,visuals/desktop/REEL-06-default.svg;visuals/ios/REEL-06-default.svg,REEL-06-AT02,PATCH /v1/outputs/{outputId}/timeline
R29 Native iOS,H,REEL-06,REEL-06-I03,initial;loading;populated;failure;permission_denied;session_expired;offline;reconnecting;validation_error;unsaved;autosaving;saved;save_failed;conflict,visuals/desktop/REEL-06-default.svg;visuals/ios/REEL-06-default.svg,REEL-06-AT03,PATCH /v1/outputs/{outputId}/timeline
R29 Native iOS,H,REEL-06,REEL-06-I04,initial;loading;populated;failure;permission_denied;session_expired;offline;reconnecting;validation_error;unsaved;autosaving;saved;save_failed;conflict,visuals/desktop/REEL-06-default.svg;visuals/ios/REEL-06-default.svg,REEL-06-AT04,PATCH /v1/outputs/{outputId}/timeline
R29 Native iOS,H,REEL-06,REEL-06-I05,initial;loading;populated;failure;permission_denied;session_expired;offline;reconnecting;validation_error;unsaved;autosaving;saved;save_failed;conflict,visuals/desktop/REEL-06-default.svg;visuals/ios/REEL-06-default.svg,REEL-06-AT05,None: local UI/navigation; destination resource read only
R29 Native iOS,H,REEL-06,REEL-06-I06,initial;loading;populated;failure;permission_denied;session_expired;offline;reconnecting;validation_error;unsaved;autosaving;saved;save_failed;conflict,visuals/desktop/REEL-06-default.svg;visuals/ios/REEL-06-default.svg,REEL-06-AT06,None: local UI/navigation; destination resource read only
R29 Native iOS,H,REEL-06,REEL-06-I07,initial;loading;populated;failure;permission_denied;session_expired;offline;reconnecting;validation_error;unsaved;autosaving;saved;save_failed;conflict,visuals/desktop/REEL-06-default.svg;visuals/ios/REEL-06-default.svg,REEL-06-AT07,POST /v1/outputs/{outputId}/subtitles
R29 Native iOS,F,CAP-01,CAP-01-I01,initial;loading;populated;failure;permission_denied;session_expired;offline;reconnecting;validation_error;unsaved;autosaving;saved;save_failed;conflict,visuals/desktop/CAP-01-default.svg;visuals/ios/CAP-01-default.svg,CAP-01-AT01,PATCH /v1/outputs/{outputId}/caption
R29 Native iOS,F,CAP-01,CAP-01-I02,initial;loading;populated;failure;permission_denied;session_expired;offline;reconnecting;validation_error;unsaved;autosaving;saved;save_failed;conflict,visuals/desktop/CAP-01-default.svg;visuals/ios/CAP-01-default.svg,CAP-01-AT02,PATCH /v1/outputs/{outputId}/caption
R29 Native iOS,F,CAP-01,CAP-01-I03,initial;loading;populated;failure;permission_denied;session_expired;offline;reconnecting;validation_error;unsaved;autosaving;saved;save_failed;conflict,visuals/desktop/CAP-01-default.svg;visuals/ios/CAP-01-default.svg,CAP-01-AT03,POST /v1/outputs/{outputId}/caption/suggestions
R29 Native iOS,F,CAP-01,CAP-01-I04,initial;loading;populated;failure;permission_denied;session_expired;offline;reconnecting;validation_error;unsaved;autosaving;saved;save_failed;conflict,visuals/desktop/CAP-01-default.svg;visuals/ios/CAP-01-default.svg,CAP-01-AT04,None: local UI/navigation; destination resource read only
R29 Native iOS,F,CAP-01,CAP-01-I05,initial;loading;populated;failure;permission_denied;session_expired;offline;reconnecting;validation_error;unsaved;autosaving;saved;save_failed;conflict,visuals/desktop/CAP-01-default.svg;visuals/ios/CAP-01-default.svg,CAP-01-AT05,None: local UI/navigation; destination resource read only
R29 Native iOS,F,CAP-01,CAP-01-I06,initial;loading;populated;failure;permission_denied;session_expired;offline;reconnecting;validation_error;unsaved;autosaving;saved;save_failed;conflict,visuals/desktop/CAP-01-default.svg;visuals/ios/CAP-01-default.svg,CAP-01-AT06,None: local UI/navigation; destination resource read only
R29 Native iOS,I,PRE-01,PRE-01-I01,initial;loading;populated;failure;permission_denied;session_expired;offline;reconnecting,visuals/desktop/PRE-01-default.svg;visuals/ios/PRE-01-default.svg,PRE-01-AT01,None: local UI/navigation; destination resource read only
R29 Native iOS,I,PRE-01,PRE-01-I02,initial;loading;populated;failure;permission_denied;session_expired;offline;reconnecting,visuals/desktop/PRE-01-default.svg;visuals/ios/PRE-01-default.svg,PRE-01-AT02,None: local UI/navigation; destination resource read only
R29 Native iOS,I,PRE-01,PRE-01-I03,initial;loading;populated;failure;permission_denied;session_expired;offline;reconnecting,visuals/desktop/PRE-01-default.svg;visuals/ios/PRE-01-default.svg,PRE-01-AT03,None: local UI/navigation; destination resource read only
R29 Native iOS,I,PRE-01,PRE-01-I04,initial;loading;populated;failure;permission_denied;session_expired;offline;reconnecting,visuals/desktop/PRE-01-default.svg;visuals/ios/PRE-01-default.svg,PRE-01-AT04,None: local UI/navigation; destination resource read only
R29 Native iOS,I,PRE-01,PRE-01-I05,initial;loading;populated;failure;permission_denied;session_expired;offline;reconnecting,visuals/desktop/PRE-01-default.svg;visuals/ios/PRE-01-default.svg,PRE-01-AT05,GET /v1/outputs/{outputId}/exports/{revision}
R29 Native iOS,I,PRE-01,PRE-01-I06,initial;loading;populated;failure;permission_denied;session_expired;offline;reconnecting,visuals/desktop/PRE-01-default.svg;visuals/ios/PRE-01-default.svg,PRE-01-AT06,None: local UI/navigation; destination resource read only
R29 Native iOS,I,PRE-01,PRE-01-I07,initial;loading;populated;failure;permission_denied;session_expired;offline;reconnecting,visuals/desktop/PRE-01-default.svg;visuals/ios/PRE-01-default.svg,PRE-01-AT07,None: local UI/navigation; destination resource read only
R29 Native iOS,I,PRE-02,PRE-02-I01,initial;loading;populated;failure;permission_denied;session_expired;offline;reconnecting,visuals/desktop/PRE-02-default.svg;visuals/ios/PRE-02-default.svg,PRE-02-AT01,None: local UI/navigation; destination resource read only
R29 Native iOS,I,PRE-02,PRE-02-I02,initial;loading;populated;failure;permission_denied;session_expired;offline;reconnecting,visuals/desktop/PRE-02-default.svg;visuals/ios/PRE-02-default.svg,PRE-02-AT02,None: local UI/navigation; destination resource read only
R29 Native iOS,I,PRE-02,PRE-02-I03,initial;loading;populated;failure;permission_denied;session_expired;offline;reconnecting,visuals/desktop/PRE-02-default.svg;visuals/ios/PRE-02-default.svg,PRE-02-AT03,None: local UI/navigation; destination resource read only
R29 Native iOS,I,PRE-02,PRE-02-I04,initial;loading;populated;failure;permission_denied;session_expired;offline;reconnecting,visuals/desktop/PRE-02-default.svg;visuals/ios/PRE-02-default.svg,PRE-02-AT04,None: local UI/navigation; destination resource read only
R29 Native iOS,I,PRE-02,PRE-02-I05,initial;loading;populated;failure;permission_denied;session_expired;offline;reconnecting,visuals/desktop/PRE-02-default.svg;visuals/ios/PRE-02-default.svg,PRE-02-AT05,None: local UI/navigation; destination resource read only
R29 Native iOS,I,PRE-02,PRE-02-I06,initial;loading;populated;failure;permission_denied;session_expired;offline;reconnecting,visuals/desktop/PRE-02-default.svg;visuals/ios/PRE-02-default.svg,PRE-02-AT06,GET /v1/outputs/{outputId}/exports/{revision}
R29 Native iOS,I,PRE-02,PRE-02-I07,initial;loading;populated;failure;permission_denied;session_expired;offline;reconnecting,visuals/desktop/PRE-02-default.svg;visuals/ios/PRE-02-default.svg,PRE-02-AT07,None: local UI/navigation; destination resource read only
R29 Native iOS,I,PRE-02,PRE-02-I08,initial;loading;populated;failure;permission_denied;session_expired;offline;reconnecting,visuals/desktop/PRE-02-default.svg;visuals/ios/PRE-02-default.svg,PRE-02-AT08,None: local UI/navigation; destination resource read only
R29 Native iOS,I,REVIEW-01,REVIEW-01-I01,initial;loading;populated;failure;permission_denied;session_expired;offline;reconnecting;empty;skeleton,visuals/desktop/REVIEW-01-default.svg;visuals/ios/REVIEW-01-default.svg,REVIEW-01-AT01,None: local UI/navigation; destination resource read only
R29 Native iOS,I,REVIEW-01,REVIEW-01-I02,initial;loading;populated;failure;permission_denied;session_expired;offline;reconnecting;empty;skeleton,visuals/desktop/REVIEW-01-default.svg;visuals/ios/REVIEW-01-default.svg,REVIEW-01-AT02,None: local UI/navigation; destination resource read only
R29 Native iOS,I,REVIEW-01,REVIEW-01-I03,initial;loading;populated;failure;permission_denied;session_expired;offline;reconnecting;empty;skeleton,visuals/desktop/REVIEW-01-default.svg;visuals/ios/REVIEW-01-default.svg,REVIEW-01-AT03,None: local UI/navigation; destination resource read only
R29 Native iOS,I,REVIEW-02,REVIEW-02-I01,initial;loading;populated;failure;permission_denied;session_expired;offline;reconnecting,visuals/desktop/REVIEW-02-default.svg;visuals/ios/REVIEW-02-default.svg,REVIEW-02-AT01,None: local UI/navigation; destination resource read only
R29 Native iOS,I,REVIEW-02,REVIEW-02-I02,initial;loading;populated;failure;permission_denied;session_expired;offline;reconnecting,visuals/desktop/REVIEW-02-default.svg;visuals/ios/REVIEW-02-default.svg,REVIEW-02-AT02,None: local UI/navigation; destination resource read only
R29 Native iOS,I,REVIEW-02,REVIEW-02-I03,initial;loading;populated;failure;permission_denied;session_expired;offline;reconnecting,visuals/desktop/REVIEW-02-default.svg;visuals/ios/REVIEW-02-default.svg,REVIEW-02-AT03,None: local UI/navigation; destination resource read only
R29 Native iOS,I,REVIEW-02,REVIEW-02-I04,initial;loading;populated;failure;permission_denied;session_expired;offline;reconnecting,visuals/desktop/REVIEW-02-default.svg;visuals/ios/REVIEW-02-default.svg,REVIEW-02-AT04,None: local UI/navigation; destination resource read only
R29 Native iOS,I,REVIEW-02,REVIEW-02-I05,initial;loading;populated;failure;permission_denied;session_expired;offline;reconnecting,visuals/desktop/REVIEW-02-default.svg;visuals/ios/REVIEW-02-default.svg,REVIEW-02-AT05,POST /v1/outputs/{outputId}/approve
R29 Native iOS,I,REVIEW-02,REVIEW-02-I06,initial;loading;populated;failure;permission_denied;session_expired;offline;reconnecting,visuals/desktop/REVIEW-02-default.svg;visuals/ios/REVIEW-02-default.svg,REVIEW-02-AT06,None: local UI/navigation; destination resource read only
R29 Native iOS,I,REVIEW-02,REVIEW-02-I07,initial;loading;populated;failure;permission_denied;session_expired;offline;reconnecting,visuals/desktop/REVIEW-02-default.svg;visuals/ios/REVIEW-02-default.svg,REVIEW-02-AT07,None: local UI/navigation; destination resource read only
R29 Native iOS,I,REVIEW-02,REVIEW-02-I08,initial;loading;populated;failure;permission_denied;session_expired;offline;reconnecting,visuals/desktop/REVIEW-02-default.svg;visuals/ios/REVIEW-02-default.svg,REVIEW-02-AT08,None: local UI/navigation; destination resource read only
R29 Native iOS,I,REVIEW-02,REVIEW-02-EX9,initial;loading;populated;failure;permission_denied;session_expired;offline;reconnecting,visuals/desktop/REVIEW-02-default.svg;visuals/ios/REVIEW-02-default.svg,REVIEW-02-EX9-AT,POST /v1/outputs/{outputId}/diversity/acknowledge
R29 Native iOS,I,REVIEW-03,REVIEW-03-I01,initial;loading;populated;failure;permission_denied;session_expired;offline;reconnecting;validation_error;unsaved;autosaving;saved;save_failed;conflict,visuals/desktop/REVIEW-03-default.svg;visuals/ios/REVIEW-03-default.svg,REVIEW-03-AT01,None on input; owning form Save contract
R29 Native iOS,I,REVIEW-03,REVIEW-03-I02,initial;loading;populated;failure;permission_denied;session_expired;offline;reconnecting;validation_error;unsaved;autosaving;saved;save_failed;conflict,visuals/desktop/REVIEW-03-default.svg;visuals/ios/REVIEW-03-default.svg,REVIEW-03-AT02,None on input; owning form Save contract
R29 Native iOS,I,REVIEW-03,REVIEW-03-I03,initial;loading;populated;failure;permission_denied;session_expired;offline;reconnecting;validation_error;unsaved;autosaving;saved;save_failed;conflict,visuals/desktop/REVIEW-03-default.svg;visuals/ios/REVIEW-03-default.svg,REVIEW-03-AT03,POST /v1/outputs/{outputId}/changes
R29 Native iOS,I,REVIEW-03,REVIEW-03-I04,initial;loading;populated;failure;permission_denied;session_expired;offline;reconnecting;validation_error;unsaved;autosaving;saved;save_failed;conflict,visuals/desktop/REVIEW-03-default.svg;visuals/ios/REVIEW-03-default.svg,REVIEW-03-AT04,None: local UI/navigation; destination resource read only
R29 Native iOS,J,PUB-01,PUB-01-I01,initial;loading;populated;failure;permission_denied;session_expired;offline;reconnecting,visuals/desktop/PUB-01-default.svg;visuals/ios/PUB-01-default.svg,PUB-01-AT01,None on input; owning form Save contract
R29 Native iOS,J,PUB-01,PUB-01-I02,initial;loading;populated;failure;permission_denied;session_expired;offline;reconnecting,visuals/desktop/PUB-01-default.svg;visuals/ios/PUB-01-default.svg,PUB-01-AT02,None on input; owning form Save contract
R29 Native iOS,J,PUB-01,PUB-01-I03,initial;loading;populated;failure;permission_denied;session_expired;offline;reconnecting,visuals/desktop/PUB-01-default.svg;visuals/ios/PUB-01-default.svg,PUB-01-AT03,None on input; owning form Save contract
R29 Native iOS,J,PUB-01,PUB-01-I04,initial;loading;populated;failure;permission_denied;session_expired;offline;reconnecting,visuals/desktop/PUB-01-default.svg;visuals/ios/PUB-01-default.svg,PUB-01-AT04,None on input; owning form Save contract
R29 Native iOS,J,PUB-01,PUB-01-I05,initial;loading;populated;failure;permission_denied;session_expired;offline;reconnecting,visuals/desktop/PUB-01-default.svg;visuals/ios/PUB-01-default.svg,PUB-01-AT05,POST /v1/publications/preflight
R29 Native iOS,J,PUB-01,PUB-01-I06,initial;loading;populated;failure;permission_denied;session_expired;offline;reconnecting,visuals/desktop/PUB-01-default.svg;visuals/ios/PUB-01-default.svg,PUB-01-AT06,POST /v1/publications
R29 Native iOS,J,PUB-01,PUB-01-I07,initial;loading;populated;failure;permission_denied;session_expired;offline;reconnecting,visuals/desktop/PUB-01-default.svg;visuals/ios/PUB-01-default.svg,PUB-01-AT07,POST /v1/publications
R29 Native iOS,J,PUB-01,PUB-01-I08,initial;loading;populated;failure;permission_denied;session_expired;offline;reconnecting,visuals/desktop/PUB-01-default.svg;visuals/ios/PUB-01-default.svg,PUB-01-AT08,None: local UI/navigation; destination resource read only
R29 Native iOS,J,PUB-02,PUB-02-I01,initial;loading;populated;failure;permission_denied;session_expired;offline;reconnecting,visuals/desktop/PUB-02-default.svg;visuals/ios/PUB-02-default.svg,PUB-02-AT01,None: local UI/navigation; destination resource read only
R29 Native iOS,J,PUB-02,PUB-02-I02,initial;loading;populated;failure;permission_denied;session_expired;offline;reconnecting,visuals/desktop/PUB-02-default.svg;visuals/ios/PUB-02-default.svg,PUB-02-AT02,None: local UI/navigation; destination resource read only
R29 Native iOS,J,PUB-02,PUB-02-I03,initial;loading;populated;failure;permission_denied;session_expired;offline;reconnecting,visuals/desktop/PUB-02-default.svg;visuals/ios/PUB-02-default.svg,PUB-02-AT03,None: local UI/navigation; destination resource read only
R29 Native iOS,J,PUB-02,PUB-02-I04,initial;loading;populated;failure;permission_denied;session_expired;offline;reconnecting,visuals/desktop/PUB-02-default.svg;visuals/ios/PUB-02-default.svg,PUB-02-AT04,None: local UI/navigation; destination resource read only
R29 Native iOS,J,PUB-02,PUB-02-I05,initial;loading;populated;failure;permission_denied;session_expired;offline;reconnecting,visuals/desktop/PUB-02-default.svg;visuals/ios/PUB-02-default.svg,PUB-02-AT05,None: local UI/navigation; destination resource read only
R29 Native iOS,J,PUB-02,PUB-02-I06,initial;loading;populated;failure;permission_denied;session_expired;offline;reconnecting,visuals/desktop/PUB-02-default.svg;visuals/ios/PUB-02-default.svg,PUB-02-AT06,POST /v1/publications/{publicationId}/resume
R29 Native iOS,J,PUB-03,PUB-03-I01,initial;loading;populated;failure;permission_denied;session_expired;offline;reconnecting;validation_error;unsaved;autosaving;saved;save_failed;conflict,visuals/desktop/PUB-03-default.svg;visuals/ios/PUB-03-default.svg,PUB-03-AT01,None on input; owning form Save contract
R29 Native iOS,J,PUB-03,PUB-03-I02,initial;loading;populated;failure;permission_denied;session_expired;offline;reconnecting;validation_error;unsaved;autosaving;saved;save_failed;conflict,visuals/desktop/PUB-03-default.svg;visuals/ios/PUB-03-default.svg,PUB-03-AT02,None on input; owning form Save contract
R29 Native iOS,J,PUB-03,PUB-03-I03,initial;loading;populated;failure;permission_denied;session_expired;offline;reconnecting;validation_error;unsaved;autosaving;saved;save_failed;conflict,visuals/desktop/PUB-03-default.svg;visuals/ios/PUB-03-default.svg,PUB-03-AT03,None on input; owning form Save contract
R29 Native iOS,J,PUB-03,PUB-03-I04,initial;loading;populated;failure;permission_denied;session_expired;offline;reconnecting;validation_error;unsaved;autosaving;saved;save_failed;conflict,visuals/desktop/PUB-03-default.svg;visuals/ios/PUB-03-default.svg,PUB-03-AT04,POST /v1/publications/{publicationId}/reconcile
R29 Native iOS,J,PUB-03,PUB-03-I05,initial;loading;populated;failure;permission_denied;session_expired;offline;reconnecting;validation_error;unsaved;autosaving;saved;save_failed;conflict,visuals/desktop/PUB-03-default.svg;visuals/ios/PUB-03-default.svg,PUB-03-AT05,None: local UI/navigation; destination resource read only
R29 Native iOS,J,CAL-01,CAL-01-I01,initial;loading;populated;failure;permission_denied;session_expired;offline;reconnecting,visuals/desktop/CAL-01-default.svg;visuals/ios/CAL-01-default.svg,CAL-01-AT01,None: local UI/navigation; destination resource read only
R29 Native iOS,J,CAL-01,CAL-01-I02,initial;loading;populated;failure;permission_denied;session_expired;offline;reconnecting,visuals/desktop/CAL-01-default.svg;visuals/ios/CAL-01-default.svg,CAL-01-AT02,None: local UI/navigation; destination resource read only
R29 Native iOS,J,CAL-01,CAL-01-I03,initial;loading;populated;failure;permission_denied;session_expired;offline;reconnecting,visuals/desktop/CAL-01-default.svg;visuals/ios/CAL-01-default.svg,CAL-01-AT03,None: local UI/navigation; destination resource read only
R29 Native iOS,J,CAL-01,CAL-01-I04,initial;loading;populated;failure;permission_denied;session_expired;offline;reconnecting,visuals/desktop/CAL-01-default.svg;visuals/ios/CAL-01-default.svg,CAL-01-AT04,PATCH /v1/publications/{publicationId}/schedule
R29 Native iOS,J,CAL-01,CAL-01-I05,initial;loading;populated;failure;permission_denied;session_expired;offline;reconnecting,visuals/desktop/CAL-01-default.svg;visuals/ios/CAL-01-default.svg,CAL-01-AT05,POST /v1/publications/{publicationId}/cancel
R29 Native iOS,J,CAL-01,CAL-01-I06,initial;loading;populated;failure;permission_denied;session_expired;offline;reconnecting,visuals/desktop/CAL-01-default.svg;visuals/ios/CAL-01-default.svg,CAL-01-AT06,None on input; owning form Save contract
R29 Native iOS,K,LIB-01,LIB-01-I01,initial;loading;populated;failure;permission_denied;session_expired;offline;reconnecting;empty;skeleton,visuals/desktop/LIB-01-default.svg;visuals/ios/LIB-01-default.svg,LIB-01-AT01,None: local UI/navigation; destination resource read only
R29 Native iOS,K,LIB-01,LIB-01-I02,initial;loading;populated;failure;permission_denied;session_expired;offline;reconnecting;empty;skeleton,visuals/desktop/LIB-01-default.svg;visuals/ios/LIB-01-default.svg,LIB-01-AT02,None: local UI/navigation; destination resource read only
R29 Native iOS,K,LIB-01,LIB-01-I03,initial;loading;populated;failure;permission_denied;session_expired;offline;reconnecting;empty;skeleton,visuals/desktop/LIB-01-default.svg;visuals/ios/LIB-01-default.svg,LIB-01-AT03,None: local UI/navigation; destination resource read only
R29 Native iOS,K,LIB-01,LIB-01-I04,initial;loading;populated;failure;permission_denied;session_expired;offline;reconnecting;empty;skeleton,visuals/desktop/LIB-01-default.svg;visuals/ios/LIB-01-default.svg,LIB-01-AT04,None: local UI/navigation; destination resource read only
R29 Native iOS,K,LIB-01,LIB-01-I05,initial;loading;populated;failure;permission_denied;session_expired;offline;reconnecting;empty;skeleton,visuals/desktop/LIB-01-default.svg;visuals/ios/LIB-01-default.svg,LIB-01-AT05,None: local UI/navigation; destination resource read only
R29 Native iOS,K,LIB-01,LIB-01-I06,initial;loading;populated;failure;permission_denied;session_expired;offline;reconnecting;empty;skeleton,visuals/desktop/LIB-01-default.svg;visuals/ios/LIB-01-default.svg,LIB-01-AT06,None: local UI/navigation; destination resource read only
R29 Native iOS,K,LIB-01,LIB-01-I07,initial;loading;populated;failure;permission_denied;session_expired;offline;reconnecting;empty;skeleton,visuals/desktop/LIB-01-default.svg;visuals/ios/LIB-01-default.svg,LIB-01-AT07,None: local UI/navigation; destination resource read only
R29 Native iOS,K,LIB-01,LIB-01-I08,initial;loading;populated;failure;permission_denied;session_expired;offline;reconnecting;empty;skeleton,visuals/desktop/LIB-01-default.svg;visuals/ios/LIB-01-default.svg,LIB-01-AT08,None: local UI/navigation; destination resource read only
R29 Native iOS,K,LIB-02,LIB-02-I01,initial;loading;populated;failure;permission_denied;session_expired;offline;reconnecting,visuals/desktop/LIB-02-default.svg;visuals/ios/LIB-02-default.svg,LIB-02-AT01,None: local UI/navigation; destination resource read only
R29 Native iOS,K,LIB-02,LIB-02-I02,initial;loading;populated;failure;permission_denied;session_expired;offline;reconnecting,visuals/desktop/LIB-02-default.svg;visuals/ios/LIB-02-default.svg,LIB-02-AT02,None: local UI/navigation; destination resource read only
R29 Native iOS,K,LIB-02,LIB-02-I03,initial;loading;populated;failure;permission_denied;session_expired;offline;reconnecting,visuals/desktop/LIB-02-default.svg;visuals/ios/LIB-02-default.svg,LIB-02-AT03,POST /v1/content/{contentId}/duplicate
R29 Native iOS,K,LIB-02,LIB-02-I04,initial;loading;populated;failure;permission_denied;session_expired;offline;reconnecting,visuals/desktop/LIB-02-default.svg;visuals/ios/LIB-02-default.svg,LIB-02-AT04,POST /v1/content/{contentId}/archive
R29 Native iOS,K,LIB-02,LIB-02-I05,initial;loading;populated;failure;permission_denied;session_expired;offline;reconnecting,visuals/desktop/LIB-02-default.svg;visuals/ios/LIB-02-default.svg,LIB-02-AT05,POST /v1/content/{contentId}/trash
R29 Native iOS,K,LIB-02,LIB-02-I06,initial;loading;populated;failure;permission_denied;session_expired;offline;reconnecting,visuals/desktop/LIB-02-default.svg;visuals/ios/LIB-02-default.svg,LIB-02-AT06,POST /v1/content/{contentId}/exports
R29 Native iOS,K,LIB-02,LIB-02-I07,initial;loading;populated;failure;permission_denied;session_expired;offline;reconnecting,visuals/desktop/LIB-02-default.svg;visuals/ios/LIB-02-default.svg,LIB-02-AT07,None: local UI/navigation; destination resource read only
R29 Native iOS,K,LIB-02,LIB-02-I08,initial;loading;populated;failure;permission_denied;session_expired;offline;reconnecting,visuals/desktop/LIB-02-default.svg;visuals/ios/LIB-02-default.svg,LIB-02-AT08,None: local UI/navigation; destination resource read only
R29 Native iOS,K,TRASH-01,TRASH-01-I01,initial;loading;populated;failure;permission_denied;session_expired;offline;reconnecting;empty;skeleton,visuals/desktop/TRASH-01-default.svg;visuals/ios/TRASH-01-default.svg,TRASH-01-AT01,POST /v1/content/{contentId}/restore
R29 Native iOS,K,TRASH-01,TRASH-01-I02,initial;loading;populated;failure;permission_denied;session_expired;offline;reconnecting;empty;skeleton,visuals/desktop/TRASH-01-default.svg;visuals/ios/TRASH-01-default.svg,TRASH-01-AT02,DELETE /v1/content/{contentId}/purge
R29 Native iOS,K,TRASH-01,TRASH-01-I03,initial;loading;populated;failure;permission_denied;session_expired;offline;reconnecting;empty;skeleton,visuals/desktop/TRASH-01-default.svg;visuals/ios/TRASH-01-default.svg,TRASH-01-AT03,None: local UI/navigation; destination resource read only
R29 Native iOS,L,ACT-01,ACT-01-I01,initial;loading;populated;failure;permission_denied;session_expired;offline;reconnecting;queued;running;partial_success;stalled;cancelling;cancelled;completed;retryable_failure;permanent_failure;empty;skeleton,visuals/desktop/ACT-01-default.svg;visuals/ios/ACT-01-default.svg,ACT-01-AT01,None: local UI/navigation; destination resource read only
R29 Native iOS,L,ACT-01,ACT-01-I02,initial;loading;populated;failure;permission_denied;session_expired;offline;reconnecting;queued;running;partial_success;stalled;cancelling;cancelled;completed;retryable_failure;permanent_failure;empty;skeleton,visuals/desktop/ACT-01-default.svg;visuals/ios/ACT-01-default.svg,ACT-01-AT02,None: local UI/navigation; destination resource read only
R29 Native iOS,L,ACT-01,ACT-01-I03,initial;loading;populated;failure;permission_denied;session_expired;offline;reconnecting;queued;running;partial_success;stalled;cancelling;cancelled;completed;retryable_failure;permanent_failure;empty;skeleton,visuals/desktop/ACT-01-default.svg;visuals/ios/ACT-01-default.svg,ACT-01-AT03,None: local UI/navigation; destination resource read only
R29 Native iOS,L,ACT-01,ACT-01-I04,initial;loading;populated;failure;permission_denied;session_expired;offline;reconnecting;queued;running;partial_success;stalled;cancelling;cancelled;completed;retryable_failure;permanent_failure;empty;skeleton,visuals/desktop/ACT-01-default.svg;visuals/ios/ACT-01-default.svg,ACT-01-AT04,POST /v1/jobs/{jobId}/retry
R29 Native iOS,L,ACT-01,ACT-01-I05,initial;loading;populated;failure;permission_denied;session_expired;offline;reconnecting;queued;running;partial_success;stalled;cancelling;cancelled;completed;retryable_failure;permanent_failure;empty;skeleton,visuals/desktop/ACT-01-default.svg;visuals/ios/ACT-01-default.svg,ACT-01-AT05,None: local UI/navigation; destination resource read only
R29 Native iOS,L,ACT-01,ACT-01-I06,initial;loading;populated;failure;permission_denied;session_expired;offline;reconnecting;queued;running;partial_success;stalled;cancelling;cancelled;completed;retryable_failure;permanent_failure;empty;skeleton,visuals/desktop/ACT-01-default.svg;visuals/ios/ACT-01-default.svg,ACT-01-AT06,None: local UI/navigation; destination resource read only
R29 Native iOS,L,ACT-02,ACT-02-I01,initial;loading;populated;failure;permission_denied;session_expired;offline;reconnecting;queued;running;partial_success;stalled;cancelling;cancelled;completed;retryable_failure;permanent_failure,visuals/desktop/ACT-02-default.svg;visuals/ios/ACT-02-default.svg,ACT-02-AT01,None: local UI/navigation; destination resource read only
R29 Native iOS,L,ACT-02,ACT-02-I02,initial;loading;populated;failure;permission_denied;session_expired;offline;reconnecting;queued;running;partial_success;stalled;cancelling;cancelled;completed;retryable_failure;permanent_failure,visuals/desktop/ACT-02-default.svg;visuals/ios/ACT-02-default.svg,ACT-02-AT02,POST /v1/diagnostics/exports
R29 Native iOS,L,ACT-02,ACT-02-I03,initial;loading;populated;failure;permission_denied;session_expired;offline;reconnecting;queued;running;partial_success;stalled;cancelling;cancelled;completed;retryable_failure;permanent_failure,visuals/desktop/ACT-02-default.svg;visuals/ios/ACT-02-default.svg,ACT-02-AT03,POST /v1/jobs/{jobId}/retry
R29 Native iOS,L,ACT-02,ACT-02-I04,initial;loading;populated;failure;permission_denied;session_expired;offline;reconnecting;queued;running;partial_success;stalled;cancelling;cancelled;completed;retryable_failure;permanent_failure,visuals/desktop/ACT-02-default.svg;visuals/ios/ACT-02-default.svg,ACT-02-AT04,POST /v1/jobs/{jobId}/cancel
R29 Native iOS,L,ACT-02,ACT-02-I05,initial;loading;populated;failure;permission_denied;session_expired;offline;reconnecting;queued;running;partial_success;stalled;cancelling;cancelled;completed;retryable_failure;permanent_failure,visuals/desktop/ACT-02-default.svg;visuals/ios/ACT-02-default.svg,ACT-02-AT05,None: local UI/navigation; destination resource read only
R29 Native iOS,L,ACT-02,ACT-02-I06,initial;loading;populated;failure;permission_denied;session_expired;offline;reconnecting;queued;running;partial_success;stalled;cancelling;cancelled;completed;retryable_failure;permanent_failure,visuals/desktop/ACT-02-default.svg;visuals/ios/ACT-02-default.svg,ACT-02-AT06,None: local UI/navigation; destination resource read only
R29 Native iOS,L,NOT-01,NOT-01-I01,initial;loading;populated;failure;permission_denied;session_expired;offline;reconnecting;empty;skeleton,visuals/desktop/NOT-01-default.svg;visuals/ios/NOT-01-default.svg,NOT-01-AT01,None: local UI/navigation; destination resource read only
R29 Native iOS,L,NOT-01,NOT-01-I02,initial;loading;populated;failure;permission_denied;session_expired;offline;reconnecting;empty;skeleton,visuals/desktop/NOT-01-default.svg;visuals/ios/NOT-01-default.svg,NOT-01-AT02,PATCH /v1/notifications/{notificationId}/read
R29 Native iOS,L,NOT-01,NOT-01-I03,initial;loading;populated;failure;permission_denied;session_expired;offline;reconnecting;empty;skeleton,visuals/desktop/NOT-01-default.svg;visuals/ios/NOT-01-default.svg,NOT-01-AT03,POST /v1/notifications/read-all
R29 Native iOS,L,NOT-01,NOT-01-I04,initial;loading;populated;failure;permission_denied;session_expired;offline;reconnecting;empty;skeleton,visuals/desktop/NOT-01-default.svg;visuals/ios/NOT-01-default.svg,NOT-01-AT04,None on input; owning form Save contract
R29 Native iOS,L,NOT-01,NOT-01-I05,initial;loading;populated;failure;permission_denied;session_expired;offline;reconnecting;empty;skeleton,visuals/desktop/NOT-01-default.svg;visuals/ios/NOT-01-default.svg,NOT-01-AT05,None: local UI/navigation; destination resource read only
R29 Native iOS,M,ANA-01,ANA-01-I01,initial;loading;populated;failure;permission_denied;session_expired;offline;reconnecting;empty;skeleton,visuals/desktop/ANA-01-default.svg;visuals/ios/ANA-01-default.svg,ANA-01-AT01,None: local UI/navigation; destination resource read only
R29 Native iOS,M,ANA-01,ANA-01-I02,initial;loading;populated;failure;permission_denied;session_expired;offline;reconnecting;empty;skeleton,visuals/desktop/ANA-01-default.svg;visuals/ios/ANA-01-default.svg,ANA-01-AT02,None on input; owning form Save contract
R29 Native iOS,M,ANA-01,ANA-01-I03,initial;loading;populated;failure;permission_denied;session_expired;offline;reconnecting;empty;skeleton,visuals/desktop/ANA-01-default.svg;visuals/ios/ANA-01-default.svg,ANA-01-AT03,None: local UI/navigation; destination resource read only
R29 Native iOS,M,ANA-01,ANA-01-I04,initial;loading;populated;failure;permission_denied;session_expired;offline;reconnecting;empty;skeleton,visuals/desktop/ANA-01-default.svg;visuals/ios/ANA-01-default.svg,ANA-01-AT04,None: local UI/navigation; destination resource read only
R29 Native iOS,M,ANA-01,ANA-01-I05,initial;loading;populated;failure;permission_denied;session_expired;offline;reconnecting;empty;skeleton,visuals/desktop/ANA-01-default.svg;visuals/ios/ANA-01-default.svg,ANA-01-AT05,None: local UI/navigation; destination resource read only
R29 Native iOS,M,ANA-01,ANA-01-I06,initial;loading;populated;failure;permission_denied;session_expired;offline;reconnecting;empty;skeleton,visuals/desktop/ANA-01-default.svg;visuals/ios/ANA-01-default.svg,ANA-01-AT06,None: local UI/navigation; destination resource read only
R29 Native iOS,M,ANA-01,ANA-01-I07,initial;loading;populated;failure;permission_denied;session_expired;offline;reconnecting;empty;skeleton,visuals/desktop/ANA-01-default.svg;visuals/ios/ANA-01-default.svg,ANA-01-AT07,POST /v1/analytics/exports
R29 Native iOS,M,ANA-01,ANA-01-I08,initial;loading;populated;failure;permission_denied;session_expired;offline;reconnecting;empty;skeleton,visuals/desktop/ANA-01-default.svg;visuals/ios/ANA-01-default.svg,ANA-01-AT08,POST /v1/analytics/refresh
R29 Native iOS,M,ANA-02,ANA-02-I01,initial;loading;populated;failure;permission_denied;session_expired;offline;reconnecting,visuals/desktop/ANA-02-default.svg;visuals/ios/ANA-02-default.svg,ANA-02-AT01,None: local UI/navigation; destination resource read only
R29 Native iOS,M,ANA-02,ANA-02-I02,initial;loading;populated;failure;permission_denied;session_expired;offline;reconnecting,visuals/desktop/ANA-02-default.svg;visuals/ios/ANA-02-default.svg,ANA-02-AT02,None on input; owning form Save contract
R29 Native iOS,M,ANA-02,ANA-02-I03,initial;loading;populated;failure;permission_denied;session_expired;offline;reconnecting,visuals/desktop/ANA-02-default.svg;visuals/ios/ANA-02-default.svg,ANA-02-AT03,None: local UI/navigation; destination resource read only
R29 Native iOS,M,ANA-02,ANA-02-I04,initial;loading;populated;failure;permission_denied;session_expired;offline;reconnecting,visuals/desktop/ANA-02-default.svg;visuals/ios/ANA-02-default.svg,ANA-02-AT04,None: local UI/navigation; destination resource read only
R29 Native iOS,M,ANA-02,ANA-02-I05,initial;loading;populated;failure;permission_denied;session_expired;offline;reconnecting,visuals/desktop/ANA-02-default.svg;visuals/ios/ANA-02-default.svg,ANA-02-AT05,POST /v1/analytics/exports
R29 Native iOS,M,ANA-02,ANA-02-I06,initial;loading;populated;failure;permission_denied;session_expired;offline;reconnecting,visuals/desktop/ANA-02-default.svg;visuals/ios/ANA-02-default.svg,ANA-02-AT06,None: local UI/navigation; destination resource read only
R29 Native iOS,M,ANA-03,ANA-03-I01,initial;loading;populated;failure;permission_denied;session_expired;offline;reconnecting,visuals/desktop/ANA-03-default.svg;visuals/ios/ANA-03-default.svg,ANA-03-AT01,None: local UI/navigation; destination resource read only
R29 Native iOS,M,ANA-03,ANA-03-I02,initial;loading;populated;failure;permission_denied;session_expired;offline;reconnecting,visuals/desktop/ANA-03-default.svg;visuals/ios/ANA-03-default.svg,ANA-03-AT02,None: local UI/navigation; destination resource read only
R29 Native iOS,M,ANA-03,ANA-03-I03,initial;loading;populated;failure;permission_denied;session_expired;offline;reconnecting,visuals/desktop/ANA-03-default.svg;visuals/ios/ANA-03-default.svg,ANA-03-AT03,None on input; owning form Save contract
R29 Native iOS,M,ANA-03,ANA-03-I04,initial;loading;populated;failure;permission_denied;session_expired;offline;reconnecting,visuals/desktop/ANA-03-default.svg;visuals/ios/ANA-03-default.svg,ANA-03-AT04,POST /v1/analytics/exports
R29 Native iOS,M,ANA-03,ANA-03-I05,initial;loading;populated;failure;permission_denied;session_expired;offline;reconnecting,visuals/desktop/ANA-03-default.svg;visuals/ios/ANA-03-default.svg,ANA-03-AT05,None: local UI/navigation; destination resource read only
R29 Native iOS,N,SET-01,SET-01-I01,initial;loading;populated;failure;permission_denied;session_expired;offline;reconnecting;validation_error;unsaved;autosaving;saved;save_failed;conflict,visuals/desktop/SET-01-default.svg;visuals/ios/SET-01-default.svg,SET-01-AT01,None: local UI/navigation; destination resource read only
R29 Native iOS,N,SET-02,SET-02-I01,initial;loading;populated;failure;permission_denied;session_expired;offline;reconnecting;validation_error;unsaved;autosaving;saved;save_failed;conflict,visuals/desktop/SET-02-default.svg;visuals/ios/SET-02-default.svg,SET-02-AT01,None on input; owning form Save contract
R29 Native iOS,N,SET-02,SET-02-I02,initial;loading;populated;failure;permission_denied;session_expired;offline;reconnecting;validation_error;unsaved;autosaving;saved;save_failed;conflict,visuals/desktop/SET-02-default.svg;visuals/ios/SET-02-default.svg,SET-02-AT02,None on input; owning form Save contract
R29 Native iOS,N,SET-02,SET-02-I03,initial;loading;populated;failure;permission_denied;session_expired;offline;reconnecting;validation_error;unsaved;autosaving;saved;save_failed;conflict,visuals/desktop/SET-02-default.svg;visuals/ios/SET-02-default.svg,SET-02-AT03,None on input; owning form Save contract
R29 Native iOS,N,SET-02,SET-02-I04,initial;loading;populated;failure;permission_denied;session_expired;offline;reconnecting;validation_error;unsaved;autosaving;saved;save_failed;conflict,visuals/desktop/SET-02-default.svg;visuals/ios/SET-02-default.svg,SET-02-AT04,None on input; owning form Save contract
R29 Native iOS,N,SET-02,SET-02-I05,initial;loading;populated;failure;permission_denied;session_expired;offline;reconnecting;validation_error;unsaved;autosaving;saved;save_failed;conflict,visuals/desktop/SET-02-default.svg;visuals/ios/SET-02-default.svg,SET-02-AT05,None: local UI/navigation; destination resource read only
R29 Native iOS,B,SET-03,SET-03-I01,initial;loading;populated;failure;permission_denied;session_expired;offline;reconnecting;validation_error;unsaved;autosaving;saved;save_failed;conflict,visuals/desktop/SET-03-default.svg;visuals/ios/SET-03-default.svg,SET-03-AT01,None on input; owning form Save contract
R29 Native iOS,B,SET-03,SET-03-I02,initial;loading;populated;failure;permission_denied;session_expired;offline;reconnecting;validation_error;unsaved;autosaving;saved;save_failed;conflict,visuals/desktop/SET-03-default.svg;visuals/ios/SET-03-default.svg,SET-03-AT02,None on input; owning form Save contract
R29 Native iOS,B,SET-03,SET-03-I03,initial;loading;populated;failure;permission_denied;session_expired;offline;reconnecting;validation_error;unsaved;autosaving;saved;save_failed;conflict,visuals/desktop/SET-03-default.svg;visuals/ios/SET-03-default.svg,SET-03-AT03,None on input; owning form Save contract
R29 Native iOS,B,SET-03,SET-03-I04,initial;loading;populated;failure;permission_denied;session_expired;offline;reconnecting;validation_error;unsaved;autosaving;saved;save_failed;conflict,visuals/desktop/SET-03-default.svg;visuals/ios/SET-03-default.svg,SET-03-AT04,None on input; owning form Save contract
R29 Native iOS,B,SET-03,SET-03-I05,initial;loading;populated;failure;permission_denied;session_expired;offline;reconnecting;validation_error;unsaved;autosaving;saved;save_failed;conflict,visuals/desktop/SET-03-default.svg;visuals/ios/SET-03-default.svg,SET-03-AT05,None on input; owning form Save contract
R29 Native iOS,B,SET-03,SET-03-I06,initial;loading;populated;failure;permission_denied;session_expired;offline;reconnecting;validation_error;unsaved;autosaving;saved;save_failed;conflict,visuals/desktop/SET-03-default.svg;visuals/ios/SET-03-default.svg,SET-03-AT06,None: local UI/navigation; destination resource read only
R29 Native iOS,B,SET-03,SET-03-I07,initial;loading;populated;failure;permission_denied;session_expired;offline;reconnecting;validation_error;unsaved;autosaving;saved;save_failed;conflict,visuals/desktop/SET-03-default.svg;visuals/ios/SET-03-default.svg,SET-03-AT07,POST /v1/research/runs
R29 Native iOS,N,SET-04,SET-04-I01,initial;loading;populated;failure;permission_denied;session_expired;offline;reconnecting;validation_error;unsaved;autosaving;saved;save_failed;conflict,visuals/desktop/SET-04-default.svg;visuals/ios/SET-04-default.svg,SET-04-AT01,None: local UI/navigation; destination resource read only
R29 Native iOS,N,SET-04,SET-04-I02,initial;loading;populated;failure;permission_denied;session_expired;offline;reconnecting;validation_error;unsaved;autosaving;saved;save_failed;conflict,visuals/desktop/SET-04-default.svg;visuals/ios/SET-04-default.svg,SET-04-AT02,None: local UI/navigation; destination resource read only
R29 Native iOS,N,SET-04,SET-04-I03,initial;loading;populated;failure;permission_denied;session_expired;offline;reconnecting;validation_error;unsaved;autosaving;saved;save_failed;conflict,visuals/desktop/SET-04-default.svg;visuals/ios/SET-04-default.svg,SET-04-AT03,POST /v1/providers/{providerId}/test
R29 Native iOS,N,SET-04,SET-04-I04,initial;loading;populated;failure;permission_denied;session_expired;offline;reconnecting;validation_error;unsaved;autosaving;saved;save_failed;conflict,visuals/desktop/SET-04-default.svg;visuals/ios/SET-04-default.svg,SET-04-AT04,DELETE /v1/providers/{providerId}/connection
R29 Native iOS,N,SET-05,SET-05-I01,initial;loading;populated;failure;permission_denied;session_expired;offline;reconnecting;validation_error;unsaved;autosaving;saved;save_failed;conflict,visuals/desktop/SET-05-default.svg;visuals/ios/SET-05-default.svg,SET-05-AT01,None on input; owning form Save contract
R29 Native iOS,N,SET-05,SET-05-I02,initial;loading;populated;failure;permission_denied;session_expired;offline;reconnecting;validation_error;unsaved;autosaving;saved;save_failed;conflict,visuals/desktop/SET-05-default.svg;visuals/ios/SET-05-default.svg,SET-05-AT02,None on input; owning form Save contract
R29 Native iOS,N,SET-05,SET-05-I03,initial;loading;populated;failure;permission_denied;session_expired;offline;reconnecting;validation_error;unsaved;autosaving;saved;save_failed;conflict,visuals/desktop/SET-05-default.svg;visuals/ios/SET-05-default.svg,SET-05-AT03,POST /v1/providers/{providerId}/test
R29 Native iOS,N,SET-05,SET-05-I04,initial;loading;populated;failure;permission_denied;session_expired;offline;reconnecting;validation_error;unsaved;autosaving;saved;save_failed;conflict,visuals/desktop/SET-05-default.svg;visuals/ios/SET-05-default.svg,SET-05-AT04,PUT /v1/providers/{providerId}/credentials
R29 Native iOS,N,SET-05,SET-05-I05,initial;loading;populated;failure;permission_denied;session_expired;offline;reconnecting;validation_error;unsaved;autosaving;saved;save_failed;conflict,visuals/desktop/SET-05-default.svg;visuals/ios/SET-05-default.svg,SET-05-AT05,DELETE /v1/providers/{providerId}/connection
R29 Native iOS,N,SET-05,SET-05-I06,initial;loading;populated;failure;permission_denied;session_expired;offline;reconnecting;validation_error;unsaved;autosaving;saved;save_failed;conflict,visuals/desktop/SET-05-default.svg;visuals/ios/SET-05-default.svg,SET-05-AT06,None: local UI/navigation; destination resource read only
R29 Native iOS,N,SET-06,SET-06-I01,initial;loading;populated;failure;permission_denied;session_expired;offline;reconnecting;validation_error;unsaved;autosaving;saved;save_failed;conflict,visuals/desktop/SET-06-default.svg;visuals/ios/SET-06-default.svg,SET-06-AT01,POST /v1/instagram/oauth/start
R29 Native iOS,N,SET-06,SET-06-I02,initial;loading;populated;failure;permission_denied;session_expired;offline;reconnecting;validation_error;unsaved;autosaving;saved;save_failed;conflict,visuals/desktop/SET-06-default.svg;visuals/ios/SET-06-default.svg,SET-06-AT02,None: local UI/navigation; destination resource read only
R29 Native iOS,N,SET-06,SET-06-I03,initial;loading;populated;failure;permission_denied;session_expired;offline;reconnecting;validation_error;unsaved;autosaving;saved;save_failed;conflict,visuals/desktop/SET-06-default.svg;visuals/ios/SET-06-default.svg,SET-06-AT03,POST /v1/instagram/{accountId}/test
R29 Native iOS,N,SET-06,SET-06-I04,initial;loading;populated;failure;permission_denied;session_expired;offline;reconnecting;validation_error;unsaved;autosaving;saved;save_failed;conflict,visuals/desktop/SET-06-default.svg;visuals/ios/SET-06-default.svg,SET-06-AT04,POST /v1/instagram/{accountId}/reconnect
R29 Native iOS,N,SET-06,SET-06-I05,initial;loading;populated;failure;permission_denied;session_expired;offline;reconnecting;validation_error;unsaved;autosaving;saved;save_failed;conflict,visuals/desktop/SET-06-default.svg;visuals/ios/SET-06-default.svg,SET-06-AT05,DELETE /v1/instagram/{accountId}
R29 Native iOS,N,SET-07,SET-07-I01,initial;loading;populated;failure;permission_denied;session_expired;offline;reconnecting;validation_error;unsaved;autosaving;saved;save_failed;conflict,visuals/desktop/SET-07-default.svg;visuals/ios/SET-07-default.svg,SET-07-AT01,POST /v1/instagram/{accountId}/test
R29 Native iOS,N,SET-07,SET-07-I02,initial;loading;populated;failure;permission_denied;session_expired;offline;reconnecting;validation_error;unsaved;autosaving;saved;save_failed;conflict,visuals/desktop/SET-07-default.svg;visuals/ios/SET-07-default.svg,SET-07-AT02,POST /v1/instagram/{accountId}/reconnect
R29 Native iOS,N,SET-07,SET-07-I03,initial;loading;populated;failure;permission_denied;session_expired;offline;reconnecting;validation_error;unsaved;autosaving;saved;save_failed;conflict,visuals/desktop/SET-07-default.svg;visuals/ios/SET-07-default.svg,SET-07-AT03,DELETE /v1/instagram/{accountId}
R29 Native iOS,N,SET-07,SET-07-I04,initial;loading;populated;failure;permission_denied;session_expired;offline;reconnecting;validation_error;unsaved;autosaving;saved;save_failed;conflict,visuals/desktop/SET-07-default.svg;visuals/ios/SET-07-default.svg,SET-07-AT04,None: local UI/navigation; destination resource read only
R29 Native iOS,N,SET-07,SET-07-I05,initial;loading;populated;failure;permission_denied;session_expired;offline;reconnecting;validation_error;unsaved;autosaving;saved;save_failed;conflict,visuals/desktop/SET-07-default.svg;visuals/ios/SET-07-default.svg,SET-07-AT05,None: local UI/navigation; destination resource read only
R29 Native iOS,N,SET-08,SET-08-I01,initial;loading;populated;failure;permission_denied;session_expired;offline;reconnecting;validation_error;unsaved;autosaving;saved;save_failed;conflict,visuals/desktop/SET-08-default.svg;visuals/ios/SET-08-default.svg,SET-08-AT01,None on input; owning form Save contract
R29 Native iOS,N,SET-08,SET-08-I02,initial;loading;populated;failure;permission_denied;session_expired;offline;reconnecting;validation_error;unsaved;autosaving;saved;save_failed;conflict,visuals/desktop/SET-08-default.svg;visuals/ios/SET-08-default.svg,SET-08-AT02,None: local UI/navigation; destination resource read only
R29 Native iOS,N,SET-08,SET-08-I03,initial;loading;populated;failure;permission_denied;session_expired;offline;reconnecting;validation_error;unsaved;autosaving;saved;save_failed;conflict,visuals/desktop/SET-08-default.svg;visuals/ios/SET-08-default.svg,SET-08-AT03,None on input; owning form Save contract
R29 Native iOS,N,SET-08,SET-08-I04,initial;loading;populated;failure;permission_denied;session_expired;offline;reconnecting;validation_error;unsaved;autosaving;saved;save_failed;conflict,visuals/desktop/SET-08-default.svg;visuals/ios/SET-08-default.svg,SET-08-AT04,None: local UI/navigation; destination resource read only
R29 Native iOS,N,SET-08,SET-08-I05,initial;loading;populated;failure;permission_denied;session_expired;offline;reconnecting;validation_error;unsaved;autosaving;saved;save_failed;conflict,visuals/desktop/SET-08-default.svg;visuals/ios/SET-08-default.svg,SET-08-AT05,None: local UI/navigation; destination resource read only
R29 Native iOS,N,SET-09,SET-09-I01,initial;loading;populated;failure;permission_denied;session_expired;offline;reconnecting;validation_error;unsaved;autosaving;saved;save_failed;conflict,visuals/desktop/SET-09-default.svg;visuals/ios/SET-09-default.svg,SET-09-AT01,DELETE /v1/sessions/{sessionId}
R29 Native iOS,N,SET-09,SET-09-I02,initial;loading;populated;failure;permission_denied;session_expired;offline;reconnecting;validation_error;unsaved;autosaving;saved;save_failed;conflict,visuals/desktop/SET-09-default.svg;visuals/ios/SET-09-default.svg,SET-09-AT02,POST /v1/me/apple
R29 Native iOS,N,SET-09,SET-09-I03,initial;loading;populated;failure;permission_denied;session_expired;offline;reconnecting;validation_error;unsaved;autosaving;saved;save_failed;conflict,visuals/desktop/SET-09-default.svg;visuals/ios/SET-09-default.svg,SET-09-AT03,POST /v1/auth/logout
R29 Native iOS,N,SET-09,SET-09-I04,initial;loading;populated;failure;permission_denied;session_expired;offline;reconnecting;validation_error;unsaved;autosaving;saved;save_failed;conflict,visuals/desktop/SET-09-default.svg;visuals/ios/SET-09-default.svg,SET-09-AT04,POST /v1/auth/logout
R29 Native iOS,N,SET-10,SET-10-I01,initial;loading;populated;failure;permission_denied;session_expired;offline;reconnecting;validation_error;unsaved;autosaving;saved;save_failed;conflict,visuals/desktop/SET-10-default.svg;visuals/ios/SET-10-default.svg,SET-10-AT01,None on input; owning form Save contract
R29 Native iOS,N,SET-10,SET-10-I02,initial;loading;populated;failure;permission_denied;session_expired;offline;reconnecting;validation_error;unsaved;autosaving;saved;save_failed;conflict,visuals/desktop/SET-10-default.svg;visuals/ios/SET-10-default.svg,SET-10-AT02,PATCH /v1/workspaces/{workspaceId}/members/{memberId}
R29 Native iOS,N,SET-10,SET-10-I03,initial;loading;populated;failure;permission_denied;session_expired;offline;reconnecting;validation_error;unsaved;autosaving;saved;save_failed;conflict,visuals/desktop/SET-10-default.svg;visuals/ios/SET-10-default.svg,SET-10-AT03,POST /v1/workspaces/{workspaceId}/invitations
R29 Native iOS,N,SET-10,SET-10-I04,initial;loading;populated;failure;permission_denied;session_expired;offline;reconnecting;validation_error;unsaved;autosaving;saved;save_failed;conflict,visuals/desktop/SET-10-default.svg;visuals/ios/SET-10-default.svg,SET-10-AT04,DELETE /v1/workspaces/{workspaceId}/members/{memberId}
R29 Native iOS,N,SET-10,SET-10-I05,initial;loading;populated;failure;permission_denied;session_expired;offline;reconnecting;validation_error;unsaved;autosaving;saved;save_failed;conflict,visuals/desktop/SET-10-default.svg;visuals/ios/SET-10-default.svg,SET-10-AT05,None: local UI/navigation; destination resource read only
R29 Native iOS,N,SET-11,SET-11-I01,initial;loading;populated;failure;permission_denied;session_expired;offline;reconnecting;validation_error;unsaved;autosaving;saved;save_failed;conflict,visuals/desktop/SET-11-default.svg;visuals/ios/SET-11-default.svg,SET-11-AT01,POST /v1/data/exports
R29 Native iOS,N,SET-11,SET-11-I02,initial;loading;populated;failure;permission_denied;session_expired;offline;reconnecting;validation_error;unsaved;autosaving;saved;save_failed;conflict,visuals/desktop/SET-11-default.svg;visuals/ios/SET-11-default.svg,SET-11-AT02,POST /v1/account/deletion
R29 Native iOS,N,SET-11,SET-11-I03,initial;loading;populated;failure;permission_denied;session_expired;offline;reconnecting;validation_error;unsaved;autosaving;saved;save_failed;conflict,visuals/desktop/SET-11-default.svg;visuals/ios/SET-11-default.svg,SET-11-AT03,None: local UI/navigation; destination resource read only
R29 Native iOS,N,SET-11,SET-11-I04,initial;loading;populated;failure;permission_denied;session_expired;offline;reconnecting;validation_error;unsaved;autosaving;saved;save_failed;conflict,visuals/desktop/SET-11-default.svg;visuals/ios/SET-11-default.svg,SET-11-AT04,None: local UI/navigation; destination resource read only
R29 Native iOS,N,SET-11,SET-11-I05,initial;loading;populated;failure;permission_denied;session_expired;offline;reconnecting;validation_error;unsaved;autosaving;saved;save_failed;conflict,visuals/desktop/SET-11-default.svg;visuals/ios/SET-11-default.svg,SET-11-AT05,DELETE /v1/account/deletion
R29 Native iOS,N,HELP-01,HELP-01-I01,initial;loading;populated;failure;permission_denied;session_expired;offline;reconnecting,visuals/desktop/HELP-01-default.svg;visuals/ios/HELP-01-default.svg,HELP-01-AT01,None: local UI/navigation; destination resource read only
R29 Native iOS,N,HELP-01,HELP-01-I02,initial;loading;populated;failure;permission_denied;session_expired;offline;reconnecting,visuals/desktop/HELP-01-default.svg;visuals/ios/HELP-01-default.svg,HELP-01-AT02,None: local UI/navigation; destination resource read only
R29 Native iOS,N,HELP-01,HELP-01-I03,initial;loading;populated;failure;permission_denied;session_expired;offline;reconnecting,visuals/desktop/HELP-01-default.svg;visuals/ios/HELP-01-default.svg,HELP-01-AT03,POST /v1/diagnostics/exports
R29 Native iOS,N,HELP-01,HELP-01-I04,initial;loading;populated;failure;permission_denied;session_expired;offline;reconnecting,visuals/desktop/HELP-01-default.svg;visuals/ios/HELP-01-default.svg,HELP-01-AT04,None: local UI/navigation; destination resource read only
R29 Native iOS,O,SYS-01,SYS-01-I01,initial;loading;populated;failure;permission_denied;session_expired;offline;reconnecting,visuals/desktop/SYS-01-default.svg;visuals/ios/SYS-01-default.svg,SYS-01-AT01,None: local UI/navigation; destination resource read only
R29 Native iOS,O,SYS-01,SYS-01-I02,initial;loading;populated;failure;permission_denied;session_expired;offline;reconnecting,visuals/desktop/SYS-01-default.svg;visuals/ios/SYS-01-default.svg,SYS-01-AT02,None: local UI/navigation; destination resource read only
R29 Native iOS,O,SYS-01,SYS-01-I03,initial;loading;populated;failure;permission_denied;session_expired;offline;reconnecting,visuals/desktop/SYS-01-default.svg;visuals/ios/SYS-01-default.svg,SYS-01-AT03,None: local UI/navigation; destination resource read only
R29 Native iOS,O,SYS-02,SYS-02-I01,initial;loading;populated;failure;permission_denied;session_expired;offline;reconnecting,visuals/desktop/SYS-02-default.svg;visuals/ios/SYS-02-default.svg,SYS-02-AT01,None: local UI/navigation; destination resource read only
R29 Native iOS,O,SYS-02,SYS-02-I02,initial;loading;populated;failure;permission_denied;session_expired;offline;reconnecting,visuals/desktop/SYS-02-default.svg;visuals/ios/SYS-02-default.svg,SYS-02-AT02,None: local UI/navigation; destination resource read only
R29 Native iOS,G,GEN-02,GEN-02-I01,initial;loading;populated;failure;permission_denied;session_expired;offline;reconnecting;queued;running;partial_success;stalled;cancelling;cancelled;completed;retryable_failure;permanent_failure,visuals/desktop/GEN-02-default.svg;visuals/ios/GEN-02-default.svg,GEN-02-AT01,None: local UI/navigation; destination resource read only
R29 Native iOS,G,GEN-02,GEN-02-I02,initial;loading;populated;failure;permission_denied;session_expired;offline;reconnecting;queued;running;partial_success;stalled;cancelling;cancelled;completed;retryable_failure;permanent_failure,visuals/desktop/GEN-02-default.svg;visuals/ios/GEN-02-default.svg,GEN-02-AT02,POST /v1/jobs/{jobId}/retry
R29 Native iOS,G,GEN-02,GEN-02-I03,initial;loading;populated;failure;permission_denied;session_expired;offline;reconnecting;queued;running;partial_success;stalled;cancelling;cancelled;completed;retryable_failure;permanent_failure,visuals/desktop/GEN-02-default.svg;visuals/ios/GEN-02-default.svg,GEN-02-AT03,POST /v1/jobs/{jobId}/cancel
R29 Native iOS,G,GEN-02,GEN-02-I04,initial;loading;populated;failure;permission_denied;session_expired;offline;reconnecting;queued;running;partial_success;stalled;cancelling;cancelled;completed;retryable_failure;permanent_failure,visuals/desktop/GEN-02-default.svg;visuals/ios/GEN-02-default.svg,GEN-02-AT04,None: local UI/navigation; destination resource read only
R29 Native iOS,G,GEN-02,GEN-02-I05,initial;loading;populated;failure;permission_denied;session_expired;offline;reconnecting;queued;running;partial_success;stalled;cancelling;cancelled;completed;retryable_failure;permanent_failure,visuals/desktop/GEN-02-default.svg;visuals/ios/GEN-02-default.svg,GEN-02-AT05,None: local UI/navigation; destination resource read only
R29 Native iOS,G,GEN-02,GEN-02-EX6,initial;loading;populated;failure;permission_denied;session_expired;offline;reconnecting;queued;running;partial_success;stalled;cancelling;cancelled;completed;retryable_failure;permanent_failure,visuals/desktop/GEN-02-default.svg;visuals/ios/GEN-02-default.svg,GEN-02-EX6-AT,POST /v1/outputs/{outputId}/different-look
R29 Native iOS,G,GEN-02,GEN-02-EX7,initial;loading;populated;failure;permission_denied;session_expired;offline;reconnecting;queued;running;partial_success;stalled;cancelling;cancelled;completed;retryable_failure;permanent_failure,visuals/desktop/GEN-02-default.svg;visuals/ios/GEN-02-default.svg,GEN-02-EX7-AT,GET /v1/outputs/{outputId}/creative-plan
R29 Native iOS,B,DISC-02,DISC-02-R24-run-open,initial;loading;populated;empty;failure;offline;reconnecting;session_expired;permission_denied,visuals/desktop/DISC-02-default.svg;visuals/ios/DISC-02-default.svg,DISC-02-R24-run-open-AT,GET /v1/research/runs/{runId}/findings
R29 Native iOS,B,DISC-02,DISC-02-R24-coverage-details,initial;loading;populated;empty;failure;offline;reconnecting;session_expired;permission_denied,visuals/desktop/DISC-02-default.svg;visuals/ios/DISC-02-default.svg,DISC-02-R24-coverage-details-AT,GET /v1/research/runs/{runId}
R29 Native iOS,B,DISC-02,DISC-02-R24-retry-sources,initial;loading;populated;empty;failure;offline;reconnecting;session_expired;permission_denied,visuals/desktop/DISC-02-default.svg;visuals/ios/DISC-02-default.svg,DISC-02-R24-retry-sources-AT,POST /v1/research/runs/{runId}/retry-sources
R29 Native iOS,B,DISC-02,DISC-02-R24-history-filters,initial;loading;populated;empty;failure;offline;reconnecting;session_expired;permission_denied,visuals/desktop/DISC-02-default.svg;visuals/ios/DISC-02-default.svg,DISC-02-R24-history-filters-AT,GET /v1/research/runs?status=&from=&to=&cursor=
R29 Native iOS,B,DISC-02,DISC-02-R24-load-more,initial;loading;populated;empty;failure;offline;reconnecting;session_expired;permission_denied,visuals/desktop/DISC-02-default.svg;visuals/ios/DISC-02-default.svg,DISC-02-R24-load-more-AT,GET /v1/research/runs?cursor=
R29 Native iOS,B,DISC-02,DISC-02-R24-back,initial;loading;populated;empty;failure;offline;reconnecting;session_expired;permission_denied,visuals/desktop/DISC-02-default.svg;visuals/ios/DISC-02-default.svg,DISC-02-R24-back-AT,None: navigation
R30 AI autonomous varied artwork and complete Reels,D,CREATE-01,CREATE-01-I01,initial;loading;populated;failure;permission_denied;session_expired;offline;reconnecting;validation_error;unsaved;autosaving;saved;save_failed;conflict,visuals/desktop/CREATE-01-default.svg;visuals/ios/CREATE-01-default.svg,CREATE-01-AT01,None: local UI/navigation; destination resource read only
R30 AI autonomous varied artwork and complete Reels,D,CREATE-01,CREATE-01-I02,initial;loading;populated;failure;permission_denied;session_expired;offline;reconnecting;validation_error;unsaved;autosaving;saved;save_failed;conflict,visuals/desktop/CREATE-01-default.svg;visuals/ios/CREATE-01-default.svg,CREATE-01-AT02,None: local UI/navigation; destination resource read only
R30 AI autonomous varied artwork and complete Reels,D,CREATE-01,CREATE-01-I03,initial;loading;populated;failure;permission_denied;session_expired;offline;reconnecting;validation_error;unsaved;autosaving;saved;save_failed;conflict,visuals/desktop/CREATE-01-default.svg;visuals/ios/CREATE-01-default.svg,CREATE-01-AT03,None: local UI/navigation; destination resource read only
R30 AI autonomous varied artwork and complete Reels,D,CREATE-01,CREATE-01-I04,initial;loading;populated;failure;permission_denied;session_expired;offline;reconnecting;validation_error;unsaved;autosaving;saved;save_failed;conflict,visuals/desktop/CREATE-01-default.svg;visuals/ios/CREATE-01-default.svg,CREATE-01-AT04,POST /v1/setups
R30 AI autonomous varied artwork and complete Reels,D,CREATE-01,CREATE-01-I05,initial;loading;populated;failure;permission_denied;session_expired;offline;reconnecting;validation_error;unsaved;autosaving;saved;save_failed;conflict,visuals/desktop/CREATE-01-default.svg;visuals/ios/CREATE-01-default.svg,CREATE-01-AT05,POST /v1/setups
R30 AI autonomous varied artwork and complete Reels,D,CREATE-01,CREATE-01-EX6,initial;loading;populated;failure;permission_denied;session_expired;offline;reconnecting;validation_error;unsaved;autosaving;saved;save_failed;conflict,visuals/desktop/CREATE-01-default.svg;visuals/ios/CREATE-01-default.svg,CREATE-01-EX6-AT,None: navigation
R30 AI autonomous varied artwork and complete Reels,D,CREATE-01,CREATE-01-EX7,initial;loading;populated;failure;permission_denied;session_expired;offline;reconnecting;validation_error;unsaved;autosaving;saved;save_failed;conflict,visuals/desktop/CREATE-01-default.svg;visuals/ios/CREATE-01-default.svg,CREATE-01-EX7-AT,GET /v1/topics?q=&cursor=
R30 AI autonomous varied artwork and complete Reels,D,CREATE-01,CREATE-01-EX8,initial;loading;populated;failure;permission_denied;session_expired;offline;reconnecting;validation_error;unsaved;autosaving;saved;save_failed;conflict,visuals/desktop/CREATE-01-default.svg;visuals/ios/CREATE-01-default.svg,CREATE-01-EX8-AT,None: navigation
R30 AI autonomous varied artwork and complete Reels,D,CREATE-02,CREATE-02-I01,initial;loading;populated;failure;permission_denied;session_expired;offline;reconnecting;validation_error;unsaved;autosaving;saved;save_failed;conflict,visuals/desktop/CREATE-02-default.svg;visuals/ios/CREATE-02-default.svg,CREATE-02-AT01,None on input; owning form Save contract
R30 AI autonomous varied artwork and complete Reels,D,CREATE-02,CREATE-02-I02,initial;loading;populated;failure;permission_denied;session_expired;offline;reconnecting;validation_error;unsaved;autosaving;saved;save_failed;conflict,visuals/desktop/CREATE-02-default.svg;visuals/ios/CREATE-02-default.svg,CREATE-02-AT02,None on input; owning form Save contract
R30 AI autonomous varied artwork and complete Reels,D,CREATE-02,CREATE-02-I03,initial;loading;populated;failure;permission_denied;session_expired;offline;reconnecting;validation_error;unsaved;autosaving;saved;save_failed;conflict,visuals/desktop/CREATE-02-default.svg;visuals/ios/CREATE-02-default.svg,CREATE-02-AT03,None on input; owning form Save contract
R30 AI autonomous varied artwork and complete Reels,D,CREATE-02,CREATE-02-I05,initial;loading;populated;failure;permission_denied;session_expired;offline;reconnecting;validation_error;unsaved;autosaving;saved;save_failed;conflict,visuals/desktop/CREATE-02-default.svg;visuals/ios/CREATE-02-default.svg,CREATE-02-AT05,None on input; owning form Save contract
R30 AI autonomous varied artwork and complete Reels,D,CREATE-02,CREATE-02-I06,initial;loading;populated;failure;permission_denied;session_expired;offline;reconnecting;validation_error;unsaved;autosaving;saved;save_failed;conflict,visuals/desktop/CREATE-02-default.svg;visuals/ios/CREATE-02-default.svg,CREATE-02-AT06,None on input; owning form Save contract
R30 AI autonomous varied artwork and complete Reels,D,CREATE-02,CREATE-02-I07,initial;loading;populated;failure;permission_denied;session_expired;offline;reconnecting;validation_error;unsaved;autosaving;saved;save_failed;conflict,visuals/desktop/CREATE-02-default.svg;visuals/ios/CREATE-02-default.svg,CREATE-02-AT07,PATCH /v1/outputs/{outputId}/timeline
R30 AI autonomous varied artwork and complete Reels,D,CREATE-02,CREATE-02-I08,initial;loading;populated;failure;permission_denied;session_expired;offline;reconnecting;validation_error;unsaved;autosaving;saved;save_failed;conflict,visuals/desktop/CREATE-02-default.svg;visuals/ios/CREATE-02-default.svg,CREATE-02-AT08,PATCH /v1/outputs/{outputId}/timeline
R30 AI autonomous varied artwork and complete Reels,D,CREATE-02,CREATE-02-I09,initial;loading;populated;failure;permission_denied;session_expired;offline;reconnecting;validation_error;unsaved;autosaving;saved;save_failed;conflict,visuals/desktop/CREATE-02-default.svg;visuals/ios/CREATE-02-default.svg,CREATE-02-AT09,None on input; owning form Save contract
R30 AI autonomous varied artwork and complete Reels,D,CREATE-02,CREATE-02-I10,initial;loading;populated;failure;permission_denied;session_expired;offline;reconnecting;validation_error;unsaved;autosaving;saved;save_failed;conflict,visuals/desktop/CREATE-02-default.svg;visuals/ios/CREATE-02-default.svg,CREATE-02-AT10,None: local UI/navigation; destination resource read only
R30 AI autonomous varied artwork and complete Reels,D,CREATE-02,CREATE-02-I11,initial;loading;populated;failure;permission_denied;session_expired;offline;reconnecting;validation_error;unsaved;autosaving;saved;save_failed;conflict,visuals/desktop/CREATE-02-default.svg;visuals/ios/CREATE-02-default.svg,CREATE-02-AT11,None: local UI/navigation; destination resource read only
R30 AI autonomous varied artwork and complete Reels,D,CREATE-02,CREATE-02-AI11,initial;loading;populated;failure;permission_denied;session_expired;offline;reconnecting;validation_error;unsaved;autosaving;saved;save_failed;conflict,visuals/desktop/CREATE-02-default.svg;visuals/ios/CREATE-02-default.svg,CREATE-02-AI11-AT,GET /v1/outputs/{outputId}/creative-plan
R30 AI autonomous varied artwork and complete Reels,D,CREATE-03,CREATE-03-I01,initial;loading;populated;failure;permission_denied;session_expired;offline;reconnecting;validation_error;unsaved;autosaving;saved;save_failed;conflict,visuals/desktop/CREATE-03-default.svg;visuals/ios/CREATE-03-default.svg,CREATE-03-AT01,None: local UI/navigation; destination resource read only
R30 AI autonomous varied artwork and complete Reels,D,CREATE-03,CREATE-03-I02,initial;loading;populated;failure;permission_denied;session_expired;offline;reconnecting;validation_error;unsaved;autosaving;saved;save_failed;conflict,visuals/desktop/CREATE-03-default.svg;visuals/ios/CREATE-03-default.svg,CREATE-03-AT02,POST /v1/setups/{setupId}/generate
R30 AI autonomous varied artwork and complete Reels,D,CREATE-03,CREATE-03-I03,initial;loading;populated;failure;permission_denied;session_expired;offline;reconnecting;validation_error;unsaved;autosaving;saved;save_failed;conflict,visuals/desktop/CREATE-03-default.svg;visuals/ios/CREATE-03-default.svg,CREATE-03-AT03,POST /v1/setups
R30 AI autonomous varied artwork and complete Reels,D,CREATE-03,CREATE-03-I04,initial;loading;populated;failure;permission_denied;session_expired;offline;reconnecting;validation_error;unsaved;autosaving;saved;save_failed;conflict,visuals/desktop/CREATE-03-default.svg;visuals/ios/CREATE-03-default.svg,CREATE-03-AT04,None: local UI/navigation; destination resource read only
R30 AI autonomous varied artwork and complete Reels,E,GEN-01,GEN-01-I01,initial;loading;populated;failure;permission_denied;session_expired;offline;reconnecting;queued;running;partial_success;stalled;cancelling;cancelled;completed;retryable_failure;permanent_failure,visuals/desktop/GEN-01-default.svg;visuals/ios/GEN-01-default.svg,GEN-01-AT01,None: local UI/navigation; destination resource read only
R30 AI autonomous varied artwork and complete Reels,E,GEN-01,GEN-01-I02,initial;loading;populated;failure;permission_denied;session_expired;offline;reconnecting;queued;running;partial_success;stalled;cancelling;cancelled;completed;retryable_failure;permanent_failure,visuals/desktop/GEN-01-default.svg;visuals/ios/GEN-01-default.svg,GEN-01-AT02,None: local UI/navigation; destination resource read only
R30 AI autonomous varied artwork and complete Reels,E,GEN-01,GEN-01-I03,initial;loading;populated;failure;permission_denied;session_expired;offline;reconnecting;queued;running;partial_success;stalled;cancelling;cancelled;completed;retryable_failure;permanent_failure,visuals/desktop/GEN-01-default.svg;visuals/ios/GEN-01-default.svg,GEN-01-AT03,None: local UI/navigation; destination resource read only
R30 AI autonomous varied artwork and complete Reels,E,GEN-01,GEN-01-I04,initial;loading;populated;failure;permission_denied;session_expired;offline;reconnecting;queued;running;partial_success;stalled;cancelling;cancelled;completed;retryable_failure;permanent_failure,visuals/desktop/GEN-01-default.svg;visuals/ios/GEN-01-default.svg,GEN-01-AT04,POST /v1/jobs/{jobId}/retry
R30 AI autonomous varied artwork and complete Reels,E,GEN-01,GEN-01-I05,initial;loading;populated;failure;permission_denied;session_expired;offline;reconnecting;queued;running;partial_success;stalled;cancelling;cancelled;completed;retryable_failure;permanent_failure,visuals/desktop/GEN-01-default.svg;visuals/ios/GEN-01-default.svg,GEN-01-AT05,POST /v1/jobs/{jobId}/cancel
R30 AI autonomous varied artwork and complete Reels,E,GEN-01,GEN-01-I06,initial;loading;populated;failure;permission_denied;session_expired;offline;reconnecting;queued;running;partial_success;stalled;cancelling;cancelled;completed;retryable_failure;permanent_failure,visuals/desktop/GEN-01-default.svg;visuals/ios/GEN-01-default.svg,GEN-01-AT06,None: local UI/navigation; destination resource read only
R30 AI autonomous varied artwork and complete Reels,E,GEN-01,GEN-01-EX7,initial;loading;populated;failure;permission_denied;session_expired;offline;reconnecting;queued;running;partial_success;stalled;cancelling;cancelled;completed;retryable_failure;permanent_failure,visuals/desktop/GEN-01-default.svg;visuals/ios/GEN-01-default.svg,GEN-01-EX7-AT,POST /v1/outputs/{outputId}/different-look
R30 AI autonomous varied artwork and complete Reels,E,GEN-01,GEN-01-EX8,initial;loading;populated;failure;permission_denied;session_expired;offline;reconnecting;queued;running;partial_success;stalled;cancelling;cancelled;completed;retryable_failure;permanent_failure,visuals/desktop/GEN-01-default.svg;visuals/ios/GEN-01-default.svg,GEN-01-EX8-AT,GET /v1/outputs/{outputId}/creative-plan
R30 AI autonomous varied artwork and complete Reels,G,GEN-02,GEN-02-I01,initial;loading;populated;failure;permission_denied;session_expired;offline;reconnecting;queued;running;partial_success;stalled;cancelling;cancelled;completed;retryable_failure;permanent_failure,visuals/desktop/GEN-02-default.svg;visuals/ios/GEN-02-default.svg,GEN-02-AT01,None: local UI/navigation; destination resource read only
R30 AI autonomous varied artwork and complete Reels,G,GEN-02,GEN-02-I02,initial;loading;populated;failure;permission_denied;session_expired;offline;reconnecting;queued;running;partial_success;stalled;cancelling;cancelled;completed;retryable_failure;permanent_failure,visuals/desktop/GEN-02-default.svg;visuals/ios/GEN-02-default.svg,GEN-02-AT02,POST /v1/jobs/{jobId}/retry
R30 AI autonomous varied artwork and complete Reels,G,GEN-02,GEN-02-I03,initial;loading;populated;failure;permission_denied;session_expired;offline;reconnecting;queued;running;partial_success;stalled;cancelling;cancelled;completed;retryable_failure;permanent_failure,visuals/desktop/GEN-02-default.svg;visuals/ios/GEN-02-default.svg,GEN-02-AT03,POST /v1/jobs/{jobId}/cancel
R30 AI autonomous varied artwork and complete Reels,G,GEN-02,GEN-02-I04,initial;loading;populated;failure;permission_denied;session_expired;offline;reconnecting;queued;running;partial_success;stalled;cancelling;cancelled;completed;retryable_failure;permanent_failure,visuals/desktop/GEN-02-default.svg;visuals/ios/GEN-02-default.svg,GEN-02-AT04,None: local UI/navigation; destination resource read only
R30 AI autonomous varied artwork and complete Reels,G,GEN-02,GEN-02-I05,initial;loading;populated;failure;permission_denied;session_expired;offline;reconnecting;queued;running;partial_success;stalled;cancelling;cancelled;completed;retryable_failure;permanent_failure,visuals/desktop/GEN-02-default.svg;visuals/ios/GEN-02-default.svg,GEN-02-AT05,None: local UI/navigation; destination resource read only
R30 AI autonomous varied artwork and complete Reels,G,GEN-02,GEN-02-EX6,initial;loading;populated;failure;permission_denied;session_expired;offline;reconnecting;queued;running;partial_success;stalled;cancelling;cancelled;completed;retryable_failure;permanent_failure,visuals/desktop/GEN-02-default.svg;visuals/ios/GEN-02-default.svg,GEN-02-EX6-AT,POST /v1/outputs/{outputId}/different-look
R30 AI autonomous varied artwork and complete Reels,G,GEN-02,GEN-02-EX7,initial;loading;populated;failure;permission_denied;session_expired;offline;reconnecting;queued;running;partial_success;stalled;cancelling;cancelled;completed;retryable_failure;permanent_failure,visuals/desktop/GEN-02-default.svg;visuals/ios/GEN-02-default.svg,GEN-02-EX7-AT,GET /v1/outputs/{outputId}/creative-plan
R30 AI autonomous varied artwork and complete Reels,F,CAR-01,CAR-01-I01,initial;loading;populated;failure;permission_denied;session_expired;offline;reconnecting;validation_error;unsaved;autosaving;saved;save_failed;conflict,visuals/desktop/CAR-01-default.svg;visuals/ios/CAR-01-default.svg,CAR-01-AT01,None: local UI/navigation; destination resource read only
R30 AI autonomous varied artwork and complete Reels,F,CAR-01,CAR-01-I02,initial;loading;populated;failure;permission_denied;session_expired;offline;reconnecting;validation_error;unsaved;autosaving;saved;save_failed;conflict,visuals/desktop/CAR-01-default.svg;visuals/ios/CAR-01-default.svg,CAR-01-AT02,PATCH /v1/outputs/{outputId}/slides/{slideId}
R30 AI autonomous varied artwork and complete Reels,F,CAR-01,CAR-01-I04,initial;loading;populated;failure;permission_denied;session_expired;offline;reconnecting;validation_error;unsaved;autosaving;saved;save_failed;conflict,visuals/desktop/CAR-01-default.svg;visuals/ios/CAR-01-default.svg,CAR-01-AT04,None: local UI/navigation; destination resource read only
R30 AI autonomous varied artwork and complete Reels,F,CAR-01,CAR-01-I05,initial;loading;populated;failure;permission_denied;session_expired;offline;reconnecting;validation_error;unsaved;autosaving;saved;save_failed;conflict,visuals/desktop/CAR-01-default.svg;visuals/ios/CAR-01-default.svg,CAR-01-AT05,PUT /v1/outputs/{outputId}/slide-order
R30 AI autonomous varied artwork and complete Reels,F,CAR-01,CAR-01-I06,initial;loading;populated;failure;permission_denied;session_expired;offline;reconnecting;validation_error;unsaved;autosaving;saved;save_failed;conflict,visuals/desktop/CAR-01-default.svg;visuals/ios/CAR-01-default.svg,CAR-01-AT06,POST /v1/outputs/{outputId}/slides
R30 AI autonomous varied artwork and complete Reels,F,CAR-01,CAR-01-I07,initial;loading;populated;failure;permission_denied;session_expired;offline;reconnecting;validation_error;unsaved;autosaving;saved;save_failed;conflict,visuals/desktop/CAR-01-default.svg;visuals/ios/CAR-01-default.svg,CAR-01-AT07,DELETE /v1/outputs/{outputId}/slides/{slideId}
R30 AI autonomous varied artwork and complete Reels,F,CAR-01,CAR-01-I08,initial;loading;populated;failure;permission_denied;session_expired;offline;reconnecting;validation_error;unsaved;autosaving;saved;save_failed;conflict,visuals/desktop/CAR-01-default.svg;visuals/ios/CAR-01-default.svg,CAR-01-AT08,None: local UI/navigation; destination resource read only
R30 AI autonomous varied artwork and complete Reels,F,CAR-01,CAR-01-I09,initial;loading;populated;failure;permission_denied;session_expired;offline;reconnecting;validation_error;unsaved;autosaving;saved;save_failed;conflict,visuals/desktop/CAR-01-default.svg;visuals/ios/CAR-01-default.svg,CAR-01-AT09,None: local UI/navigation; destination resource read only
R30 AI autonomous varied artwork and complete Reels,F,CAR-01,CAR-01-I10,initial;loading;populated;failure;permission_denied;session_expired;offline;reconnecting;validation_error;unsaved;autosaving;saved;save_failed;conflict,visuals/desktop/CAR-01-default.svg;visuals/ios/CAR-01-default.svg,CAR-01-AT10,None: local UI/navigation; destination resource read only
R30 AI autonomous varied artwork and complete Reels,F,CAR-01,CAR-01-I11,initial;loading;populated;failure;permission_denied;session_expired;offline;reconnecting;validation_error;unsaved;autosaving;saved;save_failed;conflict,visuals/desktop/CAR-01-default.svg;visuals/ios/CAR-01-default.svg,CAR-01-AT11,None: local UI/navigation; destination resource read only
R30 AI autonomous varied artwork and complete Reels,F,CAR-01,CAR-01-I12,initial;loading;populated;failure;permission_denied;session_expired;offline;reconnecting;validation_error;unsaved;autosaving;saved;save_failed;conflict,visuals/desktop/CAR-01-default.svg;visuals/ios/CAR-01-default.svg,CAR-01-AT12,None: local UI/navigation; destination resource read only
R30 AI autonomous varied artwork and complete Reels,F,CAR-01,CAR-01-I13,initial;loading;populated;failure;permission_denied;session_expired;offline;reconnecting;validation_error;unsaved;autosaving;saved;save_failed;conflict,visuals/desktop/CAR-01-default.svg;visuals/ios/CAR-01-default.svg,CAR-01-AT13,POST /v1/outputs/{outputId}/submit
R30 AI autonomous varied artwork and complete Reels,F,CAR-01,CAR-01-AI13,initial;loading;populated;failure;permission_denied;session_expired;offline;reconnecting;validation_error;unsaved;autosaving;saved;save_failed;conflict,visuals/desktop/CAR-01-default.svg;visuals/ios/CAR-01-default.svg,CAR-01-AI13-AT,POST /v1/outputs/{outputId}/different-look
R30 AI autonomous varied artwork and complete Reels,F,CAR-01,CAR-01-AI14,initial;loading;populated;failure;permission_denied;session_expired;offline;reconnecting;validation_error;unsaved;autosaving;saved;save_failed;conflict,visuals/desktop/CAR-01-default.svg;visuals/ios/CAR-01-default.svg,CAR-01-AI14-AT,GET /v1/outputs/{outputId}/creative-plan
R30 AI autonomous varied artwork and complete Reels,F,CAR-03,CAR-03-I02,initial;loading;populated;failure;permission_denied;session_expired;offline;reconnecting;validation_error;unsaved;autosaving;saved;save_failed;conflict,visuals/desktop/CAR-03-default.svg;visuals/ios/CAR-03-default.svg,CAR-03-AT02,POST /v1/outputs/{outputId}/slides/{slideId}/generate
R30 AI autonomous varied artwork and complete Reels,F,CAR-03,CAR-03-I03,initial;loading;populated;failure;permission_denied;session_expired;offline;reconnecting;validation_error;unsaved;autosaving;saved;save_failed;conflict,visuals/desktop/CAR-03-default.svg;visuals/ios/CAR-03-default.svg,CAR-03-AT03,None: local UI/navigation; destination resource read only
R30 AI autonomous varied artwork and complete Reels,F,CAR-03,CAR-03-AI3,initial;loading;populated;failure;permission_denied;session_expired;offline;reconnecting;validation_error;unsaved;autosaving;saved;save_failed;conflict,visuals/desktop/CAR-03-default.svg;visuals/ios/CAR-03-default.svg,CAR-03-AI3-AT,GET /v1/outputs/{outputId}/creative-plan
R30 AI autonomous varied artwork and complete Reels,H,REEL-01,REEL-01-I01,initial;loading;populated;failure;permission_denied;session_expired;offline;reconnecting;validation_error;unsaved;autosaving;saved;save_failed;conflict,visuals/desktop/REEL-01-default.svg;visuals/ios/REEL-01-default.svg,REEL-01-AT01,None: local UI/navigation; destination resource read only
R30 AI autonomous varied artwork and complete Reels,H,REEL-01,REEL-01-I02,initial;loading;populated;failure;permission_denied;session_expired;offline;reconnecting;validation_error;unsaved;autosaving;saved;save_failed;conflict,visuals/desktop/REEL-01-default.svg;visuals/ios/REEL-01-default.svg,REEL-01-AT02,None: local UI/navigation; destination resource read only
R30 AI autonomous varied artwork and complete Reels,H,REEL-01,REEL-01-I03,initial;loading;populated;failure;permission_denied;session_expired;offline;reconnecting;validation_error;unsaved;autosaving;saved;save_failed;conflict,visuals/desktop/REEL-01-default.svg;visuals/ios/REEL-01-default.svg,REEL-01-AT03,None: local UI/navigation; destination resource read only
R30 AI autonomous varied artwork and complete Reels,H,REEL-01,REEL-01-I04,initial;loading;populated;failure;permission_denied;session_expired;offline;reconnecting;validation_error;unsaved;autosaving;saved;save_failed;conflict,visuals/desktop/REEL-01-default.svg;visuals/ios/REEL-01-default.svg,REEL-01-AT04,None: local UI/navigation; destination resource read only
R30 AI autonomous varied artwork and complete Reels,H,REEL-01,REEL-01-I05,initial;loading;populated;failure;permission_denied;session_expired;offline;reconnecting;validation_error;unsaved;autosaving;saved;save_failed;conflict,visuals/desktop/REEL-01-default.svg;visuals/ios/REEL-01-default.svg,REEL-01-AT05,None on input; owning form Save contract
R30 AI autonomous varied artwork and complete Reels,H,REEL-01,REEL-01-I06,initial;loading;populated;failure;permission_denied;session_expired;offline;reconnecting;validation_error;unsaved;autosaving;saved;save_failed;conflict,visuals/desktop/REEL-01-default.svg;visuals/ios/REEL-01-default.svg,REEL-01-AT06,None: local UI/navigation; destination resource read only
R30 AI autonomous varied artwork and complete Reels,H,REEL-01,REEL-01-I07,initial;loading;populated;failure;permission_denied;session_expired;offline;reconnecting;validation_error;unsaved;autosaving;saved;save_failed;conflict,visuals/desktop/REEL-01-default.svg;visuals/ios/REEL-01-default.svg,REEL-01-AT07,PATCH /v1/outputs/{outputId}/timeline
R30 AI autonomous varied artwork and complete Reels,H,REEL-01,REEL-01-I08,initial;loading;populated;failure;permission_denied;session_expired;offline;reconnecting;validation_error;unsaved;autosaving;saved;save_failed;conflict,visuals/desktop/REEL-01-default.svg;visuals/ios/REEL-01-default.svg,REEL-01-AT08,PATCH /v1/outputs/{outputId}/timeline
R30 AI autonomous varied artwork and complete Reels,H,REEL-01,REEL-01-I09,initial;loading;populated;failure;permission_denied;session_expired;offline;reconnecting;validation_error;unsaved;autosaving;saved;save_failed;conflict,visuals/desktop/REEL-01-default.svg;visuals/ios/REEL-01-default.svg,REEL-01-AT09,PATCH /v1/outputs/{outputId}/timeline
R30 AI autonomous varied artwork and complete Reels,H,REEL-01,REEL-01-I10,initial;loading;populated;failure;permission_denied;session_expired;offline;reconnecting;validation_error;unsaved;autosaving;saved;save_failed;conflict,visuals/desktop/REEL-01-default.svg;visuals/ios/REEL-01-default.svg,REEL-01-AT10,None: navigation; target reads GET /v1/outputs/{outputId}/timeline
R30 AI autonomous varied artwork and complete Reels,H,REEL-01,REEL-01-I11,initial;loading;populated;failure;permission_denied;session_expired;offline;reconnecting;validation_error;unsaved;autosaving;saved;save_failed;conflict,visuals/desktop/REEL-01-default.svg;visuals/ios/REEL-01-default.svg,REEL-01-AT11,None: navigation; target reads GET /v1/outputs/{outputId}/timeline
R30 AI autonomous varied artwork and complete Reels,H,REEL-01,REEL-01-I12,initial;loading;populated;failure;permission_denied;session_expired;offline;reconnecting;validation_error;unsaved;autosaving;saved;save_failed;conflict,visuals/desktop/REEL-01-default.svg;visuals/ios/REEL-01-default.svg,REEL-01-AT12,None: navigation; target reads GET /v1/outputs/{outputId}/timeline
R30 AI autonomous varied artwork and complete Reels,H,REEL-01,REEL-01-I13,initial;loading;populated;failure;permission_denied;session_expired;offline;reconnecting;validation_error;unsaved;autosaving;saved;save_failed;conflict,visuals/desktop/REEL-01-default.svg;visuals/ios/REEL-01-default.svg,REEL-01-AT13,POST /v1/outputs/{outputId}/render
R30 AI autonomous varied artwork and complete Reels,H,REEL-01,REEL-01-I14,initial;loading;populated;failure;permission_denied;session_expired;offline;reconnecting;validation_error;unsaved;autosaving;saved;save_failed;conflict,visuals/desktop/REEL-01-default.svg;visuals/ios/REEL-01-default.svg,REEL-01-AT14,None: local UI/navigation; destination resource read only
R30 AI autonomous varied artwork and complete Reels,H,REEL-01,REEL-01-I15,initial;loading;populated;failure;permission_denied;session_expired;offline;reconnecting;validation_error;unsaved;autosaving;saved;save_failed;conflict,visuals/desktop/REEL-01-default.svg;visuals/ios/REEL-01-default.svg,REEL-01-AT15,None: local UI/navigation; destination resource read only
R30 AI autonomous varied artwork and complete Reels,H,REEL-01,REEL-01-I16,initial;loading;populated;failure;permission_denied;session_expired;offline;reconnecting;validation_error;unsaved;autosaving;saved;save_failed;conflict,visuals/desktop/REEL-01-default.svg;visuals/ios/REEL-01-default.svg,REEL-01-AT16,POST /v1/outputs/{outputId}/submit
R30 AI autonomous varied artwork and complete Reels,H,REEL-01,REEL-01-AI17,initial;loading;populated;failure;permission_denied;session_expired;offline;reconnecting;validation_error;unsaved;autosaving;saved;save_failed;conflict,visuals/desktop/REEL-01-default.svg;visuals/ios/REEL-01-default.svg,REEL-01-AI17-AT,POST /v1/outputs/{outputId}/different-look
R30 AI autonomous varied artwork and complete Reels,H,REEL-01,REEL-01-AI18,initial;loading;populated;failure;permission_denied;session_expired;offline;reconnecting;validation_error;unsaved;autosaving;saved;save_failed;conflict,visuals/desktop/REEL-01-default.svg;visuals/ios/REEL-01-default.svg,REEL-01-AI18-AT,GET /v1/outputs/{outputId}/creative-plan
R30 AI autonomous varied artwork and complete Reels,D,CREATE-01,CREATE-01-I01,initial;loading;populated;failure;permission_denied;session_expired;offline;reconnecting;validation_error;unsaved;autosaving;saved;save_failed;conflict,visuals/desktop/CREATE-01-default.svg;visuals/ios/CREATE-01-default.svg,CREATE-01-AT01,None: local UI/navigation; destination resource read only
R30 AI autonomous varied artwork and complete Reels,D,CREATE-01,CREATE-01-I02,initial;loading;populated;failure;permission_denied;session_expired;offline;reconnecting;validation_error;unsaved;autosaving;saved;save_failed;conflict,visuals/desktop/CREATE-01-default.svg;visuals/ios/CREATE-01-default.svg,CREATE-01-AT02,None: local UI/navigation; destination resource read only
R30 AI autonomous varied artwork and complete Reels,D,CREATE-01,CREATE-01-I03,initial;loading;populated;failure;permission_denied;session_expired;offline;reconnecting;validation_error;unsaved;autosaving;saved;save_failed;conflict,visuals/desktop/CREATE-01-default.svg;visuals/ios/CREATE-01-default.svg,CREATE-01-AT03,None: local UI/navigation; destination resource read only
R30 AI autonomous varied artwork and complete Reels,D,CREATE-01,CREATE-01-I04,initial;loading;populated;failure;permission_denied;session_expired;offline;reconnecting;validation_error;unsaved;autosaving;saved;save_failed;conflict,visuals/desktop/CREATE-01-default.svg;visuals/ios/CREATE-01-default.svg,CREATE-01-AT04,POST /v1/setups
R30 AI autonomous varied artwork and complete Reels,D,CREATE-01,CREATE-01-I05,initial;loading;populated;failure;permission_denied;session_expired;offline;reconnecting;validation_error;unsaved;autosaving;saved;save_failed;conflict,visuals/desktop/CREATE-01-default.svg;visuals/ios/CREATE-01-default.svg,CREATE-01-AT05,POST /v1/setups
R30 AI autonomous varied artwork and complete Reels,D,CREATE-01,CREATE-01-EX6,initial;loading;populated;failure;permission_denied;session_expired;offline;reconnecting;validation_error;unsaved;autosaving;saved;save_failed;conflict,visuals/desktop/CREATE-01-default.svg;visuals/ios/CREATE-01-default.svg,CREATE-01-EX6-AT,None: navigation
R30 AI autonomous varied artwork and complete Reels,D,CREATE-01,CREATE-01-EX7,initial;loading;populated;failure;permission_denied;session_expired;offline;reconnecting;validation_error;unsaved;autosaving;saved;save_failed;conflict,visuals/desktop/CREATE-01-default.svg;visuals/ios/CREATE-01-default.svg,CREATE-01-EX7-AT,GET /v1/topics?q=&cursor=
R30 AI autonomous varied artwork and complete Reels,D,CREATE-01,CREATE-01-EX8,initial;loading;populated;failure;permission_denied;session_expired;offline;reconnecting;validation_error;unsaved;autosaving;saved;save_failed;conflict,visuals/desktop/CREATE-01-default.svg;visuals/ios/CREATE-01-default.svg,CREATE-01-EX8-AT,None: navigation
R30 AI autonomous varied artwork and complete Reels,D,CREATE-02,CREATE-02-I01,initial;loading;populated;failure;permission_denied;session_expired;offline;reconnecting;validation_error;unsaved;autosaving;saved;save_failed;conflict,visuals/desktop/CREATE-02-default.svg;visuals/ios/CREATE-02-default.svg,CREATE-02-AT01,None on input; owning form Save contract
R30 AI autonomous varied artwork and complete Reels,D,CREATE-02,CREATE-02-I02,initial;loading;populated;failure;permission_denied;session_expired;offline;reconnecting;validation_error;unsaved;autosaving;saved;save_failed;conflict,visuals/desktop/CREATE-02-default.svg;visuals/ios/CREATE-02-default.svg,CREATE-02-AT02,None on input; owning form Save contract
R30 AI autonomous varied artwork and complete Reels,D,CREATE-02,CREATE-02-I03,initial;loading;populated;failure;permission_denied;session_expired;offline;reconnecting;validation_error;unsaved;autosaving;saved;save_failed;conflict,visuals/desktop/CREATE-02-default.svg;visuals/ios/CREATE-02-default.svg,CREATE-02-AT03,None on input; owning form Save contract
R30 AI autonomous varied artwork and complete Reels,D,CREATE-02,CREATE-02-I05,initial;loading;populated;failure;permission_denied;session_expired;offline;reconnecting;validation_error;unsaved;autosaving;saved;save_failed;conflict,visuals/desktop/CREATE-02-default.svg;visuals/ios/CREATE-02-default.svg,CREATE-02-AT05,None on input; owning form Save contract
R30 AI autonomous varied artwork and complete Reels,D,CREATE-02,CREATE-02-I06,initial;loading;populated;failure;permission_denied;session_expired;offline;reconnecting;validation_error;unsaved;autosaving;saved;save_failed;conflict,visuals/desktop/CREATE-02-default.svg;visuals/ios/CREATE-02-default.svg,CREATE-02-AT06,None on input; owning form Save contract
R30 AI autonomous varied artwork and complete Reels,D,CREATE-02,CREATE-02-I07,initial;loading;populated;failure;permission_denied;session_expired;offline;reconnecting;validation_error;unsaved;autosaving;saved;save_failed;conflict,visuals/desktop/CREATE-02-default.svg;visuals/ios/CREATE-02-default.svg,CREATE-02-AT07,PATCH /v1/outputs/{outputId}/timeline
R30 AI autonomous varied artwork and complete Reels,D,CREATE-02,CREATE-02-I08,initial;loading;populated;failure;permission_denied;session_expired;offline;reconnecting;validation_error;unsaved;autosaving;saved;save_failed;conflict,visuals/desktop/CREATE-02-default.svg;visuals/ios/CREATE-02-default.svg,CREATE-02-AT08,PATCH /v1/outputs/{outputId}/timeline
R30 AI autonomous varied artwork and complete Reels,D,CREATE-02,CREATE-02-I09,initial;loading;populated;failure;permission_denied;session_expired;offline;reconnecting;validation_error;unsaved;autosaving;saved;save_failed;conflict,visuals/desktop/CREATE-02-default.svg;visuals/ios/CREATE-02-default.svg,CREATE-02-AT09,None on input; owning form Save contract
R30 AI autonomous varied artwork and complete Reels,D,CREATE-02,CREATE-02-I10,initial;loading;populated;failure;permission_denied;session_expired;offline;reconnecting;validation_error;unsaved;autosaving;saved;save_failed;conflict,visuals/desktop/CREATE-02-default.svg;visuals/ios/CREATE-02-default.svg,CREATE-02-AT10,None: local UI/navigation; destination resource read only
R30 AI autonomous varied artwork and complete Reels,D,CREATE-02,CREATE-02-I11,initial;loading;populated;failure;permission_denied;session_expired;offline;reconnecting;validation_error;unsaved;autosaving;saved;save_failed;conflict,visuals/desktop/CREATE-02-default.svg;visuals/ios/CREATE-02-default.svg,CREATE-02-AT11,None: local UI/navigation; destination resource read only
R30 AI autonomous varied artwork and complete Reels,D,CREATE-02,CREATE-02-AI11,initial;loading;populated;failure;permission_denied;session_expired;offline;reconnecting;validation_error;unsaved;autosaving;saved;save_failed;conflict,visuals/desktop/CREATE-02-default.svg;visuals/ios/CREATE-02-default.svg,CREATE-02-AI11-AT,GET /v1/outputs/{outputId}/creative-plan
R30 AI autonomous varied artwork and complete Reels,D,CREATE-03,CREATE-03-I01,initial;loading;populated;failure;permission_denied;session_expired;offline;reconnecting;validation_error;unsaved;autosaving;saved;save_failed;conflict,visuals/desktop/CREATE-03-default.svg;visuals/ios/CREATE-03-default.svg,CREATE-03-AT01,None: local UI/navigation; destination resource read only
R30 AI autonomous varied artwork and complete Reels,D,CREATE-03,CREATE-03-I02,initial;loading;populated;failure;permission_denied;session_expired;offline;reconnecting;validation_error;unsaved;autosaving;saved;save_failed;conflict,visuals/desktop/CREATE-03-default.svg;visuals/ios/CREATE-03-default.svg,CREATE-03-AT02,POST /v1/setups/{setupId}/generate
R30 AI autonomous varied artwork and complete Reels,D,CREATE-03,CREATE-03-I03,initial;loading;populated;failure;permission_denied;session_expired;offline;reconnecting;validation_error;unsaved;autosaving;saved;save_failed;conflict,visuals/desktop/CREATE-03-default.svg;visuals/ios/CREATE-03-default.svg,CREATE-03-AT03,POST /v1/setups
R30 AI autonomous varied artwork and complete Reels,D,CREATE-03,CREATE-03-I04,initial;loading;populated;failure;permission_denied;session_expired;offline;reconnecting;validation_error;unsaved;autosaving;saved;save_failed;conflict,visuals/desktop/CREATE-03-default.svg;visuals/ios/CREATE-03-default.svg,CREATE-03-AT04,None: local UI/navigation; destination resource read only
R30 AI autonomous varied artwork and complete Reels,E,GEN-01,GEN-01-I01,initial;loading;populated;failure;permission_denied;session_expired;offline;reconnecting;queued;running;partial_success;stalled;cancelling;cancelled;completed;retryable_failure;permanent_failure,visuals/desktop/GEN-01-default.svg;visuals/ios/GEN-01-default.svg,GEN-01-AT01,None: local UI/navigation; destination resource read only
R30 AI autonomous varied artwork and complete Reels,E,GEN-01,GEN-01-I02,initial;loading;populated;failure;permission_denied;session_expired;offline;reconnecting;queued;running;partial_success;stalled;cancelling;cancelled;completed;retryable_failure;permanent_failure,visuals/desktop/GEN-01-default.svg;visuals/ios/GEN-01-default.svg,GEN-01-AT02,None: local UI/navigation; destination resource read only
R30 AI autonomous varied artwork and complete Reels,E,GEN-01,GEN-01-I03,initial;loading;populated;failure;permission_denied;session_expired;offline;reconnecting;queued;running;partial_success;stalled;cancelling;cancelled;completed;retryable_failure;permanent_failure,visuals/desktop/GEN-01-default.svg;visuals/ios/GEN-01-default.svg,GEN-01-AT03,None: local UI/navigation; destination resource read only
R30 AI autonomous varied artwork and complete Reels,E,GEN-01,GEN-01-I04,initial;loading;populated;failure;permission_denied;session_expired;offline;reconnecting;queued;running;partial_success;stalled;cancelling;cancelled;completed;retryable_failure;permanent_failure,visuals/desktop/GEN-01-default.svg;visuals/ios/GEN-01-default.svg,GEN-01-AT04,POST /v1/jobs/{jobId}/retry
R30 AI autonomous varied artwork and complete Reels,E,GEN-01,GEN-01-I05,initial;loading;populated;failure;permission_denied;session_expired;offline;reconnecting;queued;running;partial_success;stalled;cancelling;cancelled;completed;retryable_failure;permanent_failure,visuals/desktop/GEN-01-default.svg;visuals/ios/GEN-01-default.svg,GEN-01-AT05,POST /v1/jobs/{jobId}/cancel
R30 AI autonomous varied artwork and complete Reels,E,GEN-01,GEN-01-I06,initial;loading;populated;failure;permission_denied;session_expired;offline;reconnecting;queued;running;partial_success;stalled;cancelling;cancelled;completed;retryable_failure;permanent_failure,visuals/desktop/GEN-01-default.svg;visuals/ios/GEN-01-default.svg,GEN-01-AT06,None: local UI/navigation; destination resource read only
R30 AI autonomous varied artwork and complete Reels,E,GEN-01,GEN-01-EX7,initial;loading;populated;failure;permission_denied;session_expired;offline;reconnecting;queued;running;partial_success;stalled;cancelling;cancelled;completed;retryable_failure;permanent_failure,visuals/desktop/GEN-01-default.svg;visuals/ios/GEN-01-default.svg,GEN-01-EX7-AT,POST /v1/outputs/{outputId}/different-look
R30 AI autonomous varied artwork and complete Reels,E,GEN-01,GEN-01-EX8,initial;loading;populated;failure;permission_denied;session_expired;offline;reconnecting;queued;running;partial_success;stalled;cancelling;cancelled;completed;retryable_failure;permanent_failure,visuals/desktop/GEN-01-default.svg;visuals/ios/GEN-01-default.svg,GEN-01-EX8-AT,GET /v1/outputs/{outputId}/creative-plan
R30 AI autonomous varied artwork and complete Reels,G,GEN-02,GEN-02-I01,initial;loading;populated;failure;permission_denied;session_expired;offline;reconnecting;queued;running;partial_success;stalled;cancelling;cancelled;completed;retryable_failure;permanent_failure,visuals/desktop/GEN-02-default.svg;visuals/ios/GEN-02-default.svg,GEN-02-AT01,None: local UI/navigation; destination resource read only
R30 AI autonomous varied artwork and complete Reels,G,GEN-02,GEN-02-I02,initial;loading;populated;failure;permission_denied;session_expired;offline;reconnecting;queued;running;partial_success;stalled;cancelling;cancelled;completed;retryable_failure;permanent_failure,visuals/desktop/GEN-02-default.svg;visuals/ios/GEN-02-default.svg,GEN-02-AT02,POST /v1/jobs/{jobId}/retry
R30 AI autonomous varied artwork and complete Reels,G,GEN-02,GEN-02-I03,initial;loading;populated;failure;permission_denied;session_expired;offline;reconnecting;queued;running;partial_success;stalled;cancelling;cancelled;completed;retryable_failure;permanent_failure,visuals/desktop/GEN-02-default.svg;visuals/ios/GEN-02-default.svg,GEN-02-AT03,POST /v1/jobs/{jobId}/cancel
R30 AI autonomous varied artwork and complete Reels,G,GEN-02,GEN-02-I04,initial;loading;populated;failure;permission_denied;session_expired;offline;reconnecting;queued;running;partial_success;stalled;cancelling;cancelled;completed;retryable_failure;permanent_failure,visuals/desktop/GEN-02-default.svg;visuals/ios/GEN-02-default.svg,GEN-02-AT04,None: local UI/navigation; destination resource read only
R30 AI autonomous varied artwork and complete Reels,G,GEN-02,GEN-02-I05,initial;loading;populated;failure;permission_denied;session_expired;offline;reconnecting;queued;running;partial_success;stalled;cancelling;cancelled;completed;retryable_failure;permanent_failure,visuals/desktop/GEN-02-default.svg;visuals/ios/GEN-02-default.svg,GEN-02-AT05,None: local UI/navigation; destination resource read only
R30 AI autonomous varied artwork and complete Reels,G,GEN-02,GEN-02-EX6,initial;loading;populated;failure;permission_denied;session_expired;offline;reconnecting;queued;running;partial_success;stalled;cancelling;cancelled;completed;retryable_failure;permanent_failure,visuals/desktop/GEN-02-default.svg;visuals/ios/GEN-02-default.svg,GEN-02-EX6-AT,POST /v1/outputs/{outputId}/different-look
R30 AI autonomous varied artwork and complete Reels,G,GEN-02,GEN-02-EX7,initial;loading;populated;failure;permission_denied;session_expired;offline;reconnecting;queued;running;partial_success;stalled;cancelling;cancelled;completed;retryable_failure;permanent_failure,visuals/desktop/GEN-02-default.svg;visuals/ios/GEN-02-default.svg,GEN-02-EX7-AT,GET /v1/outputs/{outputId}/creative-plan
R30 AI autonomous varied artwork and complete Reels,F,CAR-01,CAR-01-I01,initial;loading;populated;failure;permission_denied;session_expired;offline;reconnecting;validation_error;unsaved;autosaving;saved;save_failed;conflict,visuals/desktop/CAR-01-default.svg;visuals/ios/CAR-01-default.svg,CAR-01-AT01,None: local UI/navigation; destination resource read only
R30 AI autonomous varied artwork and complete Reels,F,CAR-01,CAR-01-I02,initial;loading;populated;failure;permission_denied;session_expired;offline;reconnecting;validation_error;unsaved;autosaving;saved;save_failed;conflict,visuals/desktop/CAR-01-default.svg;visuals/ios/CAR-01-default.svg,CAR-01-AT02,PATCH /v1/outputs/{outputId}/slides/{slideId}
R30 AI autonomous varied artwork and complete Reels,F,CAR-01,CAR-01-I04,initial;loading;populated;failure;permission_denied;session_expired;offline;reconnecting;validation_error;unsaved;autosaving;saved;save_failed;conflict,visuals/desktop/CAR-01-default.svg;visuals/ios/CAR-01-default.svg,CAR-01-AT04,None: local UI/navigation; destination resource read only
R30 AI autonomous varied artwork and complete Reels,F,CAR-01,CAR-01-I05,initial;loading;populated;failure;permission_denied;session_expired;offline;reconnecting;validation_error;unsaved;autosaving;saved;save_failed;conflict,visuals/desktop/CAR-01-default.svg;visuals/ios/CAR-01-default.svg,CAR-01-AT05,PUT /v1/outputs/{outputId}/slide-order
R30 AI autonomous varied artwork and complete Reels,F,CAR-01,CAR-01-I06,initial;loading;populated;failure;permission_denied;session_expired;offline;reconnecting;validation_error;unsaved;autosaving;saved;save_failed;conflict,visuals/desktop/CAR-01-default.svg;visuals/ios/CAR-01-default.svg,CAR-01-AT06,POST /v1/outputs/{outputId}/slides
R30 AI autonomous varied artwork and complete Reels,F,CAR-01,CAR-01-I07,initial;loading;populated;failure;permission_denied;session_expired;offline;reconnecting;validation_error;unsaved;autosaving;saved;save_failed;conflict,visuals/desktop/CAR-01-default.svg;visuals/ios/CAR-01-default.svg,CAR-01-AT07,DELETE /v1/outputs/{outputId}/slides/{slideId}
R30 AI autonomous varied artwork and complete Reels,F,CAR-01,CAR-01-I08,initial;loading;populated;failure;permission_denied;session_expired;offline;reconnecting;validation_error;unsaved;autosaving;saved;save_failed;conflict,visuals/desktop/CAR-01-default.svg;visuals/ios/CAR-01-default.svg,CAR-01-AT08,None: local UI/navigation; destination resource read only
R30 AI autonomous varied artwork and complete Reels,F,CAR-01,CAR-01-I09,initial;loading;populated;failure;permission_denied;session_expired;offline;reconnecting;validation_error;unsaved;autosaving;saved;save_failed;conflict,visuals/desktop/CAR-01-default.svg;visuals/ios/CAR-01-default.svg,CAR-01-AT09,None: local UI/navigation; destination resource read only
R30 AI autonomous varied artwork and complete Reels,F,CAR-01,CAR-01-I10,initial;loading;populated;failure;permission_denied;session_expired;offline;reconnecting;validation_error;unsaved;autosaving;saved;save_failed;conflict,visuals/desktop/CAR-01-default.svg;visuals/ios/CAR-01-default.svg,CAR-01-AT10,None: local UI/navigation; destination resource read only
R30 AI autonomous varied artwork and complete Reels,F,CAR-01,CAR-01-I11,initial;loading;populated;failure;permission_denied;session_expired;offline;reconnecting;validation_error;unsaved;autosaving;saved;save_failed;conflict,visuals/desktop/CAR-01-default.svg;visuals/ios/CAR-01-default.svg,CAR-01-AT11,None: local UI/navigation; destination resource read only
R30 AI autonomous varied artwork and complete Reels,F,CAR-01,CAR-01-I12,initial;loading;populated;failure;permission_denied;session_expired;offline;reconnecting;validation_error;unsaved;autosaving;saved;save_failed;conflict,visuals/desktop/CAR-01-default.svg;visuals/ios/CAR-01-default.svg,CAR-01-AT12,None: local UI/navigation; destination resource read only
R30 AI autonomous varied artwork and complete Reels,F,CAR-01,CAR-01-I13,initial;loading;populated;failure;permission_denied;session_expired;offline;reconnecting;validation_error;unsaved;autosaving;saved;save_failed;conflict,visuals/desktop/CAR-01-default.svg;visuals/ios/CAR-01-default.svg,CAR-01-AT13,POST /v1/outputs/{outputId}/submit
R30 AI autonomous varied artwork and complete Reels,F,CAR-01,CAR-01-AI13,initial;loading;populated;failure;permission_denied;session_expired;offline;reconnecting;validation_error;unsaved;autosaving;saved;save_failed;conflict,visuals/desktop/CAR-01-default.svg;visuals/ios/CAR-01-default.svg,CAR-01-AI13-AT,POST /v1/outputs/{outputId}/different-look
R30 AI autonomous varied artwork and complete Reels,F,CAR-01,CAR-01-AI14,initial;loading;populated;failure;permission_denied;session_expired;offline;reconnecting;validation_error;unsaved;autosaving;saved;save_failed;conflict,visuals/desktop/CAR-01-default.svg;visuals/ios/CAR-01-default.svg,CAR-01-AI14-AT,GET /v1/outputs/{outputId}/creative-plan
R30 AI autonomous varied artwork and complete Reels,F,CAR-03,CAR-03-I02,initial;loading;populated;failure;permission_denied;session_expired;offline;reconnecting;validation_error;unsaved;autosaving;saved;save_failed;conflict,visuals/desktop/CAR-03-default.svg;visuals/ios/CAR-03-default.svg,CAR-03-AT02,POST /v1/outputs/{outputId}/slides/{slideId}/generate
R30 AI autonomous varied artwork and complete Reels,F,CAR-03,CAR-03-I03,initial;loading;populated;failure;permission_denied;session_expired;offline;reconnecting;validation_error;unsaved;autosaving;saved;save_failed;conflict,visuals/desktop/CAR-03-default.svg;visuals/ios/CAR-03-default.svg,CAR-03-AT03,None: local UI/navigation; destination resource read only
R30 AI autonomous varied artwork and complete Reels,F,CAR-03,CAR-03-AI3,initial;loading;populated;failure;permission_denied;session_expired;offline;reconnecting;validation_error;unsaved;autosaving;saved;save_failed;conflict,visuals/desktop/CAR-03-default.svg;visuals/ios/CAR-03-default.svg,CAR-03-AI3-AT,GET /v1/outputs/{outputId}/creative-plan
R30 AI autonomous varied artwork and complete Reels,H,REEL-01,REEL-01-I01,initial;loading;populated;failure;permission_denied;session_expired;offline;reconnecting;validation_error;unsaved;autosaving;saved;save_failed;conflict,visuals/desktop/REEL-01-default.svg;visuals/ios/REEL-01-default.svg,REEL-01-AT01,None: local UI/navigation; destination resource read only
R30 AI autonomous varied artwork and complete Reels,H,REEL-01,REEL-01-I02,initial;loading;populated;failure;permission_denied;session_expired;offline;reconnecting;validation_error;unsaved;autosaving;saved;save_failed;conflict,visuals/desktop/REEL-01-default.svg;visuals/ios/REEL-01-default.svg,REEL-01-AT02,None: local UI/navigation; destination resource read only
R30 AI autonomous varied artwork and complete Reels,H,REEL-01,REEL-01-I03,initial;loading;populated;failure;permission_denied;session_expired;offline;reconnecting;validation_error;unsaved;autosaving;saved;save_failed;conflict,visuals/desktop/REEL-01-default.svg;visuals/ios/REEL-01-default.svg,REEL-01-AT03,None: local UI/navigation; destination resource read only
R30 AI autonomous varied artwork and complete Reels,H,REEL-01,REEL-01-I04,initial;loading;populated;failure;permission_denied;session_expired;offline;reconnecting;validation_error;unsaved;autosaving;saved;save_failed;conflict,visuals/desktop/REEL-01-default.svg;visuals/ios/REEL-01-default.svg,REEL-01-AT04,None: local UI/navigation; destination resource read only
R30 AI autonomous varied artwork and complete Reels,H,REEL-01,REEL-01-I05,initial;loading;populated;failure;permission_denied;session_expired;offline;reconnecting;validation_error;unsaved;autosaving;saved;save_failed;conflict,visuals/desktop/REEL-01-default.svg;visuals/ios/REEL-01-default.svg,REEL-01-AT05,None on input; owning form Save contract
R30 AI autonomous varied artwork and complete Reels,H,REEL-01,REEL-01-I06,initial;loading;populated;failure;permission_denied;session_expired;offline;reconnecting;validation_error;unsaved;autosaving;saved;save_failed;conflict,visuals/desktop/REEL-01-default.svg;visuals/ios/REEL-01-default.svg,REEL-01-AT06,None: local UI/navigation; destination resource read only
R30 AI autonomous varied artwork and complete Reels,H,REEL-01,REEL-01-I07,initial;loading;populated;failure;permission_denied;session_expired;offline;reconnecting;validation_error;unsaved;autosaving;saved;save_failed;conflict,visuals/desktop/REEL-01-default.svg;visuals/ios/REEL-01-default.svg,REEL-01-AT07,PATCH /v1/outputs/{outputId}/timeline
R30 AI autonomous varied artwork and complete Reels,H,REEL-01,REEL-01-I08,initial;loading;populated;failure;permission_denied;session_expired;offline;reconnecting;validation_error;unsaved;autosaving;saved;save_failed;conflict,visuals/desktop/REEL-01-default.svg;visuals/ios/REEL-01-default.svg,REEL-01-AT08,PATCH /v1/outputs/{outputId}/timeline
R30 AI autonomous varied artwork and complete Reels,H,REEL-01,REEL-01-I09,initial;loading;populated;failure;permission_denied;session_expired;offline;reconnecting;validation_error;unsaved;autosaving;saved;save_failed;conflict,visuals/desktop/REEL-01-default.svg;visuals/ios/REEL-01-default.svg,REEL-01-AT09,PATCH /v1/outputs/{outputId}/timeline
R30 AI autonomous varied artwork and complete Reels,H,REEL-01,REEL-01-I10,initial;loading;populated;failure;permission_denied;session_expired;offline;reconnecting;validation_error;unsaved;autosaving;saved;save_failed;conflict,visuals/desktop/REEL-01-default.svg;visuals/ios/REEL-01-default.svg,REEL-01-AT10,None: navigation; target reads GET /v1/outputs/{outputId}/timeline
R30 AI autonomous varied artwork and complete Reels,H,REEL-01,REEL-01-I11,initial;loading;populated;failure;permission_denied;session_expired;offline;reconnecting;validation_error;unsaved;autosaving;saved;save_failed;conflict,visuals/desktop/REEL-01-default.svg;visuals/ios/REEL-01-default.svg,REEL-01-AT11,None: navigation; target reads GET /v1/outputs/{outputId}/timeline
R30 AI autonomous varied artwork and complete Reels,H,REEL-01,REEL-01-I12,initial;loading;populated;failure;permission_denied;session_expired;offline;reconnecting;validation_error;unsaved;autosaving;saved;save_failed;conflict,visuals/desktop/REEL-01-default.svg;visuals/ios/REEL-01-default.svg,REEL-01-AT12,None: navigation; target reads GET /v1/outputs/{outputId}/timeline
R30 AI autonomous varied artwork and complete Reels,H,REEL-01,REEL-01-I13,initial;loading;populated;failure;permission_denied;session_expired;offline;reconnecting;validation_error;unsaved;autosaving;saved;save_failed;conflict,visuals/desktop/REEL-01-default.svg;visuals/ios/REEL-01-default.svg,REEL-01-AT13,POST /v1/outputs/{outputId}/render
R30 AI autonomous varied artwork and complete Reels,H,REEL-01,REEL-01-I14,initial;loading;populated;failure;permission_denied;session_expired;offline;reconnecting;validation_error;unsaved;autosaving;saved;save_failed;conflict,visuals/desktop/REEL-01-default.svg;visuals/ios/REEL-01-default.svg,REEL-01-AT14,None: local UI/navigation; destination resource read only
R30 AI autonomous varied artwork and complete Reels,H,REEL-01,REEL-01-I15,initial;loading;populated;failure;permission_denied;session_expired;offline;reconnecting;validation_error;unsaved;autosaving;saved;save_failed;conflict,visuals/desktop/REEL-01-default.svg;visuals/ios/REEL-01-default.svg,REEL-01-AT15,None: local UI/navigation; destination resource read only
R30 AI autonomous varied artwork and complete Reels,H,REEL-01,REEL-01-I16,initial;loading;populated;failure;permission_denied;session_expired;offline;reconnecting;validation_error;unsaved;autosaving;saved;save_failed;conflict,visuals/desktop/REEL-01-default.svg;visuals/ios/REEL-01-default.svg,REEL-01-AT16,POST /v1/outputs/{outputId}/submit
R30 AI autonomous varied artwork and complete Reels,H,REEL-01,REEL-01-AI17,initial;loading;populated;failure;permission_denied;session_expired;offline;reconnecting;validation_error;unsaved;autosaving;saved;save_failed;conflict,visuals/desktop/REEL-01-default.svg;visuals/ios/REEL-01-default.svg,REEL-01-AI17-AT,POST /v1/outputs/{outputId}/different-look
R30 AI autonomous varied artwork and complete Reels,H,REEL-01,REEL-01-AI18,initial;loading;populated;failure;permission_denied;session_expired;offline;reconnecting;validation_error;unsaved;autosaving;saved;save_failed;conflict,visuals/desktop/REEL-01-default.svg;visuals/ios/REEL-01-default.svg,REEL-01-AI18-AT,GET /v1/outputs/{outputId}/creative-plan
R31 Last24hourdeveloperresearch allrankedfindings,A,HOME-01,HOME-01-I01,initial;loading;populated;failure;permission_denied;session_expired;offline;reconnecting,visuals/desktop/HOME-01-default.svg;visuals/ios/HOME-01-default.svg,HOME-01-AT01,None: local UI/navigation; destination resource read only
R31 Last24hourdeveloperresearch allrankedfindings,A,HOME-01,HOME-01-I02,initial;loading;populated;failure;permission_denied;session_expired;offline;reconnecting,visuals/desktop/HOME-01-default.svg;visuals/ios/HOME-01-default.svg,HOME-01-AT02,None: local UI/navigation; destination resource read only
R31 Last24hourdeveloperresearch allrankedfindings,A,HOME-01,HOME-01-I03,initial;loading;populated;failure;permission_denied;session_expired;offline;reconnecting,visuals/desktop/HOME-01-default.svg;visuals/ios/HOME-01-default.svg,HOME-01-AT03,None: local UI/navigation; destination resource read only
R31 Last24hourdeveloperresearch allrankedfindings,A,HOME-01,HOME-01-I04,initial;loading;populated;failure;permission_denied;session_expired;offline;reconnecting,visuals/desktop/HOME-01-default.svg;visuals/ios/HOME-01-default.svg,HOME-01-AT04,None: local UI/navigation; destination resource read only
R31 Last24hourdeveloperresearch allrankedfindings,A,HOME-01,HOME-01-I05,initial;loading;populated;failure;permission_denied;session_expired;offline;reconnecting,visuals/desktop/HOME-01-default.svg;visuals/ios/HOME-01-default.svg,HOME-01-AT05,POST /v1/research/runs
R31 Last24hourdeveloperresearch allrankedfindings,A,HOME-01,HOME-01-I06,initial;loading;populated;failure;permission_denied;session_expired;offline;reconnecting,visuals/desktop/HOME-01-default.svg;visuals/ios/HOME-01-default.svg,HOME-01-AT06,None: local UI/navigation; destination resource read only
R31 Last24hourdeveloperresearch allrankedfindings,A,DISC-01,DISC-01-I01,initial;loading;populated;failure;permission_denied;session_expired;offline;reconnecting;empty;skeleton,visuals/desktop/DISC-01-default.svg;visuals/ios/DISC-01-default.svg,DISC-01-AT01,GET /v1/research/runs/{runId}/findings?q=&category=&evidence=&priorityMin=&sort=&cursor=
R31 Last24hourdeveloperresearch allrankedfindings,A,DISC-01,DISC-01-I02,initial;loading;populated;failure;permission_denied;session_expired;offline;reconnecting;empty;skeleton,visuals/desktop/DISC-01-default.svg;visuals/ios/DISC-01-default.svg,DISC-01-AT02,GET /v1/research/runs/{runId}/findings?q=&category=&evidence=&priorityMin=&sort=&cursor=
R31 Last24hourdeveloperresearch allrankedfindings,A,DISC-01,DISC-01-I03,initial;loading;populated;failure;permission_denied;session_expired;offline;reconnecting;empty;skeleton,visuals/desktop/DISC-01-default.svg;visuals/ios/DISC-01-default.svg,DISC-01-AT03,GET /v1/research/runs/{runId}/findings?q=&category=&evidence=&priorityMin=&sort=&cursor=
R31 Last24hourdeveloperresearch allrankedfindings,A,DISC-01,DISC-01-I04,initial;loading;populated;failure;permission_denied;session_expired;offline;reconnecting;empty;skeleton,visuals/desktop/DISC-01-default.svg;visuals/ios/DISC-01-default.svg,DISC-01-AT04,None: local UI/navigation; destination resource read only
R31 Last24hourdeveloperresearch allrankedfindings,A,DISC-01,DISC-01-I05,initial;loading;populated;failure;permission_denied;session_expired;offline;reconnecting;empty;skeleton,visuals/desktop/DISC-01-default.svg;visuals/ios/DISC-01-default.svg,DISC-01-AT05,PUT /v1/topics/{topicId}/saved
R31 Last24hourdeveloperresearch allrankedfindings,A,DISC-01,DISC-01-I06,initial;loading;populated;failure;permission_denied;session_expired;offline;reconnecting;empty;skeleton,visuals/desktop/DISC-01-default.svg;visuals/ios/DISC-01-default.svg,DISC-01-AT06,GET /v1/research/runs/{runId}/findings?q=&category=&evidence=&priorityMin=&sort=&cursor=
R31 Last24hourdeveloperresearch allrankedfindings,A,DISC-01,DISC-01-I07,initial;loading;populated;failure;permission_denied;session_expired;offline;reconnecting;empty;skeleton,visuals/desktop/DISC-01-default.svg;visuals/ios/DISC-01-default.svg,DISC-01-AT07,POST /v1/research/runs
R31 Last24hourdeveloperresearch allrankedfindings,A,DISC-01,DISC-01-R24-research-history,initial;loading;populated;failure;permission_denied;session_expired;offline;reconnecting;empty;skeleton,visuals/desktop/DISC-01-default.svg;visuals/ios/DISC-01-default.svg,DISC-01-R24-research-history-AT,None: navigation
R31 Last24hourdeveloperresearch allrankedfindings,A,DISC-01,DISC-01-R24-ranking-explanation,initial;loading;populated;failure;permission_denied;session_expired;offline;reconnecting;empty;skeleton,visuals/desktop/DISC-01-default.svg;visuals/ios/DISC-01-default.svg,DISC-01-R24-ranking-explanation-AT,GET /v1/findings/{findingId}
R31 Last24hourdeveloperresearch allrankedfindings,A,DISC-01,DISC-01-R24-show-all-findings,initial;loading;populated;failure;permission_denied;session_expired;offline;reconnecting;empty;skeleton,visuals/desktop/DISC-01-default.svg;visuals/ios/DISC-01-default.svg,DISC-01-R24-show-all-findings-AT,GET /v1/research/runs/{runId}/findings
R31 Last24hourdeveloperresearch allrankedfindings,A,DISC-01,DISC-01-R24-duplicate-group,initial;loading;populated;failure;permission_denied;session_expired;offline;reconnecting;empty;skeleton,visuals/desktop/DISC-01-default.svg;visuals/ios/DISC-01-default.svg,DISC-01-R24-duplicate-group-AT,GET /v1/research/runs/{runId}/findings?duplicateGroupId=
R31 Last24hourdeveloperresearch allrankedfindings,B,DISC-02,DISC-02-R24-run-open,initial;loading;populated;empty;failure;offline;reconnecting;session_expired;permission_denied,visuals/desktop/DISC-02-default.svg;visuals/ios/DISC-02-default.svg,DISC-02-R24-run-open-AT,GET /v1/research/runs/{runId}/findings
R31 Last24hourdeveloperresearch allrankedfindings,B,DISC-02,DISC-02-R24-coverage-details,initial;loading;populated;empty;failure;offline;reconnecting;session_expired;permission_denied,visuals/desktop/DISC-02-default.svg;visuals/ios/DISC-02-default.svg,DISC-02-R24-coverage-details-AT,GET /v1/research/runs/{runId}
R31 Last24hourdeveloperresearch allrankedfindings,B,DISC-02,DISC-02-R24-retry-sources,initial;loading;populated;empty;failure;offline;reconnecting;session_expired;permission_denied,visuals/desktop/DISC-02-default.svg;visuals/ios/DISC-02-default.svg,DISC-02-R24-retry-sources-AT,POST /v1/research/runs/{runId}/retry-sources
R31 Last24hourdeveloperresearch allrankedfindings,B,DISC-02,DISC-02-R24-history-filters,initial;loading;populated;empty;failure;offline;reconnecting;session_expired;permission_denied,visuals/desktop/DISC-02-default.svg;visuals/ios/DISC-02-default.svg,DISC-02-R24-history-filters-AT,GET /v1/research/runs?status=&from=&to=&cursor=
R31 Last24hourdeveloperresearch allrankedfindings,B,DISC-02,DISC-02-R24-load-more,initial;loading;populated;empty;failure;offline;reconnecting;session_expired;permission_denied,visuals/desktop/DISC-02-default.svg;visuals/ios/DISC-02-default.svg,DISC-02-R24-load-more-AT,GET /v1/research/runs?cursor=
R31 Last24hourdeveloperresearch allrankedfindings,B,DISC-02,DISC-02-R24-back,initial;loading;populated;empty;failure;offline;reconnecting;session_expired;permission_denied,visuals/desktop/DISC-02-default.svg;visuals/ios/DISC-02-default.svg,DISC-02-R24-back-AT,None: navigation
R31 Last24hourdeveloperresearch allrankedfindings,C,TOPIC-01,TOPIC-01-I01,initial;loading;populated;failure;permission_denied;session_expired;offline;reconnecting,visuals/desktop/TOPIC-01-default.svg;visuals/ios/TOPIC-01-default.svg,TOPIC-01-AT01,None: local UI/navigation; destination resource read only
R31 Last24hourdeveloperresearch allrankedfindings,C,TOPIC-01,TOPIC-01-I02,initial;loading;populated;failure;permission_denied;session_expired;offline;reconnecting,visuals/desktop/TOPIC-01-default.svg;visuals/ios/TOPIC-01-default.svg,TOPIC-01-AT02,PUT /v1/topics/{topicId}/saved
R31 Last24hourdeveloperresearch allrankedfindings,C,TOPIC-01,TOPIC-01-I03,initial;loading;populated;failure;permission_denied;session_expired;offline;reconnecting,visuals/desktop/TOPIC-01-default.svg;visuals/ios/TOPIC-01-default.svg,TOPIC-01-AT03,None: local UI/navigation; destination resource read only
R31 Last24hourdeveloperresearch allrankedfindings,C,TOPIC-01,TOPIC-01-I04,initial;loading;populated;failure;permission_denied;session_expired;offline;reconnecting,visuals/desktop/TOPIC-01-default.svg;visuals/ios/TOPIC-01-default.svg,TOPIC-01-AT04,PATCH /v1/topics/{topicId}/angle
R31 Last24hourdeveloperresearch allrankedfindings,C,TOPIC-01,TOPIC-01-I05,initial;loading;populated;failure;permission_denied;session_expired;offline;reconnecting,visuals/desktop/TOPIC-01-default.svg;visuals/ios/TOPIC-01-default.svg,TOPIC-01-AT05,None: local UI/navigation; destination resource read only
R31 Last24hourdeveloperresearch allrankedfindings,C,TOPIC-01,TOPIC-01-I06,initial;loading;populated;failure;permission_denied;session_expired;offline;reconnecting,visuals/desktop/TOPIC-01-default.svg;visuals/ios/TOPIC-01-default.svg,TOPIC-01-AT06,None: local UI/navigation; destination resource read only
R31 Last24hourdeveloperresearch allrankedfindings,L,ACT-02,ACT-02-I01,initial;loading;populated;failure;permission_denied;session_expired;offline;reconnecting;queued;running;partial_success;stalled;cancelling;cancelled;completed;retryable_failure;permanent_failure,visuals/desktop/ACT-02-default.svg;visuals/ios/ACT-02-default.svg,ACT-02-AT01,None: local UI/navigation; destination resource read only
R31 Last24hourdeveloperresearch allrankedfindings,L,ACT-02,ACT-02-I02,initial;loading;populated;failure;permission_denied;session_expired;offline;reconnecting;queued;running;partial_success;stalled;cancelling;cancelled;completed;retryable_failure;permanent_failure,visuals/desktop/ACT-02-default.svg;visuals/ios/ACT-02-default.svg,ACT-02-AT02,POST /v1/diagnostics/exports
R31 Last24hourdeveloperresearch allrankedfindings,L,ACT-02,ACT-02-I03,initial;loading;populated;failure;permission_denied;session_expired;offline;reconnecting;queued;running;partial_success;stalled;cancelling;cancelled;completed;retryable_failure;permanent_failure,visuals/desktop/ACT-02-default.svg;visuals/ios/ACT-02-default.svg,ACT-02-AT03,POST /v1/jobs/{jobId}/retry
R31 Last24hourdeveloperresearch allrankedfindings,L,ACT-02,ACT-02-I04,initial;loading;populated;failure;permission_denied;session_expired;offline;reconnecting;queued;running;partial_success;stalled;cancelling;cancelled;completed;retryable_failure;permanent_failure,visuals/desktop/ACT-02-default.svg;visuals/ios/ACT-02-default.svg,ACT-02-AT04,POST /v1/jobs/{jobId}/cancel
R31 Last24hourdeveloperresearch allrankedfindings,L,ACT-02,ACT-02-I05,initial;loading;populated;failure;permission_denied;session_expired;offline;reconnecting;queued;running;partial_success;stalled;cancelling;cancelled;completed;retryable_failure;permanent_failure,visuals/desktop/ACT-02-default.svg;visuals/ios/ACT-02-default.svg,ACT-02-AT05,None: local UI/navigation; destination resource read only
R31 Last24hourdeveloperresearch allrankedfindings,L,ACT-02,ACT-02-I06,initial;loading;populated;failure;permission_denied;session_expired;offline;reconnecting;queued;running;partial_success;stalled;cancelling;cancelled;completed;retryable_failure;permanent_failure,visuals/desktop/ACT-02-default.svg;visuals/ios/ACT-02-default.svg,ACT-02-AT06,None: local UI/navigation; destination resource read only
R31 Last24hourdeveloperresearch allrankedfindings,B,SET-03,SET-03-I01,initial;loading;populated;failure;permission_denied;session_expired;offline;reconnecting;validation_error;unsaved;autosaving;saved;save_failed;conflict,visuals/desktop/SET-03-default.svg;visuals/ios/SET-03-default.svg,SET-03-AT01,None on input; owning form Save contract
R31 Last24hourdeveloperresearch allrankedfindings,B,SET-03,SET-03-I02,initial;loading;populated;failure;permission_denied;session_expired;offline;reconnecting;validation_error;unsaved;autosaving;saved;save_failed;conflict,visuals/desktop/SET-03-default.svg;visuals/ios/SET-03-default.svg,SET-03-AT02,None on input; owning form Save contract
R31 Last24hourdeveloperresearch allrankedfindings,B,SET-03,SET-03-I03,initial;loading;populated;failure;permission_denied;session_expired;offline;reconnecting;validation_error;unsaved;autosaving;saved;save_failed;conflict,visuals/desktop/SET-03-default.svg;visuals/ios/SET-03-default.svg,SET-03-AT03,None on input; owning form Save contract
R31 Last24hourdeveloperresearch allrankedfindings,B,SET-03,SET-03-I04,initial;loading;populated;failure;permission_denied;session_expired;offline;reconnecting;validation_error;unsaved;autosaving;saved;save_failed;conflict,visuals/desktop/SET-03-default.svg;visuals/ios/SET-03-default.svg,SET-03-AT04,None on input; owning form Save contract
R31 Last24hourdeveloperresearch allrankedfindings,B,SET-03,SET-03-I05,initial;loading;populated;failure;permission_denied;session_expired;offline;reconnecting;validation_error;unsaved;autosaving;saved;save_failed;conflict,visuals/desktop/SET-03-default.svg;visuals/ios/SET-03-default.svg,SET-03-AT05,None on input; owning form Save contract
R31 Last24hourdeveloperresearch allrankedfindings,B,SET-03,SET-03-I06,initial;loading;populated;failure;permission_denied;session_expired;offline;reconnecting;validation_error;unsaved;autosaving;saved;save_failed;conflict,visuals/desktop/SET-03-default.svg;visuals/ios/SET-03-default.svg,SET-03-AT06,None: local UI/navigation; destination resource read only
R31 Last24hourdeveloperresearch allrankedfindings,B,SET-03,SET-03-I07,initial;loading;populated;failure;permission_denied;session_expired;offline;reconnecting;validation_error;unsaved;autosaving;saved;save_failed;conflict,visuals/desktop/SET-03-default.svg;visuals/ios/SET-03-default.svg,SET-03-AT07,POST /v1/research/runs
R30 AI autonomous varied artwork and complete Reels,D,CREATE-01,CREATE-01-I01,initial;loading;populated;failure;permission_denied;session_expired;offline;reconnecting;validation_error;unsaved;autosaving;saved;save_failed;conflict,visuals/desktop/CREATE-01-default.svg;visuals/ios/CREATE-01-default.svg,CREATE-01-AT01,None: local UI/navigation; destination resource read only
R30 AI autonomous varied artwork and complete Reels,D,CREATE-01,CREATE-01-I02,initial;loading;populated;failure;permission_denied;session_expired;offline;reconnecting;validation_error;unsaved;autosaving;saved;save_failed;conflict,visuals/desktop/CREATE-01-default.svg;visuals/ios/CREATE-01-default.svg,CREATE-01-AT02,None: local UI/navigation; destination resource read only
R30 AI autonomous varied artwork and complete Reels,D,CREATE-01,CREATE-01-I03,initial;loading;populated;failure;permission_denied;session_expired;offline;reconnecting;validation_error;unsaved;autosaving;saved;save_failed;conflict,visuals/desktop/CREATE-01-default.svg;visuals/ios/CREATE-01-default.svg,CREATE-01-AT03,None: local UI/navigation; destination resource read only
R30 AI autonomous varied artwork and complete Reels,D,CREATE-01,CREATE-01-I04,initial;loading;populated;failure;permission_denied;session_expired;offline;reconnecting;validation_error;unsaved;autosaving;saved;save_failed;conflict,visuals/desktop/CREATE-01-default.svg;visuals/ios/CREATE-01-default.svg,CREATE-01-AT04,POST /v1/setups
R30 AI autonomous varied artwork and complete Reels,D,CREATE-01,CREATE-01-I05,initial;loading;populated;failure;permission_denied;session_expired;offline;reconnecting;validation_error;unsaved;autosaving;saved;save_failed;conflict,visuals/desktop/CREATE-01-default.svg;visuals/ios/CREATE-01-default.svg,CREATE-01-AT05,POST /v1/setups
R30 AI autonomous varied artwork and complete Reels,D,CREATE-01,CREATE-01-EX6,initial;loading;populated;failure;permission_denied;session_expired;offline;reconnecting;validation_error;unsaved;autosaving;saved;save_failed;conflict,visuals/desktop/CREATE-01-default.svg;visuals/ios/CREATE-01-default.svg,CREATE-01-EX6-AT,None: navigation
R30 AI autonomous varied artwork and complete Reels,D,CREATE-01,CREATE-01-EX7,initial;loading;populated;failure;permission_denied;session_expired;offline;reconnecting;validation_error;unsaved;autosaving;saved;save_failed;conflict,visuals/desktop/CREATE-01-default.svg;visuals/ios/CREATE-01-default.svg,CREATE-01-EX7-AT,GET /v1/topics?q=&cursor=
R30 AI autonomous varied artwork and complete Reels,D,CREATE-01,CREATE-01-EX8,initial;loading;populated;failure;permission_denied;session_expired;offline;reconnecting;validation_error;unsaved;autosaving;saved;save_failed;conflict,visuals/desktop/CREATE-01-default.svg;visuals/ios/CREATE-01-default.svg,CREATE-01-EX8-AT,None: navigation
R30 AI autonomous varied artwork and complete Reels,D,CREATE-02,CREATE-02-I01,initial;loading;populated;failure;permission_denied;session_expired;offline;reconnecting;validation_error;unsaved;autosaving;saved;save_failed;conflict,visuals/desktop/CREATE-02-default.svg;visuals/ios/CREATE-02-default.svg,CREATE-02-AT01,None on input; owning form Save contract
R30 AI autonomous varied artwork and complete Reels,D,CREATE-02,CREATE-02-I02,initial;loading;populated;failure;permission_denied;session_expired;offline;reconnecting;validation_error;unsaved;autosaving;saved;save_failed;conflict,visuals/desktop/CREATE-02-default.svg;visuals/ios/CREATE-02-default.svg,CREATE-02-AT02,None on input; owning form Save contract
R30 AI autonomous varied artwork and complete Reels,D,CREATE-02,CREATE-02-I03,initial;loading;populated;failure;permission_denied;session_expired;offline;reconnecting;validation_error;unsaved;autosaving;saved;save_failed;conflict,visuals/desktop/CREATE-02-default.svg;visuals/ios/CREATE-02-default.svg,CREATE-02-AT03,None on input; owning form Save contract
R30 AI autonomous varied artwork and complete Reels,D,CREATE-02,CREATE-02-I05,initial;loading;populated;failure;permission_denied;session_expired;offline;reconnecting;validation_error;unsaved;autosaving;saved;save_failed;conflict,visuals/desktop/CREATE-02-default.svg;visuals/ios/CREATE-02-default.svg,CREATE-02-AT05,None on input; owning form Save contract
R30 AI autonomous varied artwork and complete Reels,D,CREATE-02,CREATE-02-I06,initial;loading;populated;failure;permission_denied;session_expired;offline;reconnecting;validation_error;unsaved;autosaving;saved;save_failed;conflict,visuals/desktop/CREATE-02-default.svg;visuals/ios/CREATE-02-default.svg,CREATE-02-AT06,None on input; owning form Save contract
R30 AI autonomous varied artwork and complete Reels,D,CREATE-02,CREATE-02-I07,initial;loading;populated;failure;permission_denied;session_expired;offline;reconnecting;validation_error;unsaved;autosaving;saved;save_failed;conflict,visuals/desktop/CREATE-02-default.svg;visuals/ios/CREATE-02-default.svg,CREATE-02-AT07,PATCH /v1/outputs/{outputId}/timeline
R30 AI autonomous varied artwork and complete Reels,D,CREATE-02,CREATE-02-I08,initial;loading;populated;failure;permission_denied;session_expired;offline;reconnecting;validation_error;unsaved;autosaving;saved;save_failed;conflict,visuals/desktop/CREATE-02-default.svg;visuals/ios/CREATE-02-default.svg,CREATE-02-AT08,PATCH /v1/outputs/{outputId}/timeline
R30 AI autonomous varied artwork and complete Reels,D,CREATE-02,CREATE-02-I09,initial;loading;populated;failure;permission_denied;session_expired;offline;reconnecting;validation_error;unsaved;autosaving;saved;save_failed;conflict,visuals/desktop/CREATE-02-default.svg;visuals/ios/CREATE-02-default.svg,CREATE-02-AT09,None on input; owning form Save contract
R30 AI autonomous varied artwork and complete Reels,D,CREATE-02,CREATE-02-I10,initial;loading;populated;failure;permission_denied;session_expired;offline;reconnecting;validation_error;unsaved;autosaving;saved;save_failed;conflict,visuals/desktop/CREATE-02-default.svg;visuals/ios/CREATE-02-default.svg,CREATE-02-AT10,None: local UI/navigation; destination resource read only
R30 AI autonomous varied artwork and complete Reels,D,CREATE-02,CREATE-02-I11,initial;loading;populated;failure;permission_denied;session_expired;offline;reconnecting;validation_error;unsaved;autosaving;saved;save_failed;conflict,visuals/desktop/CREATE-02-default.svg;visuals/ios/CREATE-02-default.svg,CREATE-02-AT11,None: local UI/navigation; destination resource read only
R30 AI autonomous varied artwork and complete Reels,D,CREATE-02,CREATE-02-AI11,initial;loading;populated;failure;permission_denied;session_expired;offline;reconnecting;validation_error;unsaved;autosaving;saved;save_failed;conflict,visuals/desktop/CREATE-02-default.svg;visuals/ios/CREATE-02-default.svg,CREATE-02-AI11-AT,GET /v1/outputs/{outputId}/creative-plan
R30 AI autonomous varied artwork and complete Reels,D,CREATE-03,CREATE-03-I01,initial;loading;populated;failure;permission_denied;session_expired;offline;reconnecting;validation_error;unsaved;autosaving;saved;save_failed;conflict,visuals/desktop/CREATE-03-default.svg;visuals/ios/CREATE-03-default.svg,CREATE-03-AT01,None: local UI/navigation; destination resource read only
R30 AI autonomous varied artwork and complete Reels,D,CREATE-03,CREATE-03-I02,initial;loading;populated;failure;permission_denied;session_expired;offline;reconnecting;validation_error;unsaved;autosaving;saved;save_failed;conflict,visuals/desktop/CREATE-03-default.svg;visuals/ios/CREATE-03-default.svg,CREATE-03-AT02,POST /v1/setups/{setupId}/generate
R30 AI autonomous varied artwork and complete Reels,D,CREATE-03,CREATE-03-I03,initial;loading;populated;failure;permission_denied;session_expired;offline;reconnecting;validation_error;unsaved;autosaving;saved;save_failed;conflict,visuals/desktop/CREATE-03-default.svg;visuals/ios/CREATE-03-default.svg,CREATE-03-AT03,POST /v1/setups
R30 AI autonomous varied artwork and complete Reels,D,CREATE-03,CREATE-03-I04,initial;loading;populated;failure;permission_denied;session_expired;offline;reconnecting;validation_error;unsaved;autosaving;saved;save_failed;conflict,visuals/desktop/CREATE-03-default.svg;visuals/ios/CREATE-03-default.svg,CREATE-03-AT04,None: local UI/navigation; destination resource read only
R30 AI autonomous varied artwork and complete Reels,E,GEN-01,GEN-01-I01,initial;loading;populated;failure;permission_denied;session_expired;offline;reconnecting;queued;running;partial_success;stalled;cancelling;cancelled;completed;retryable_failure;permanent_failure,visuals/desktop/GEN-01-default.svg;visuals/ios/GEN-01-default.svg,GEN-01-AT01,None: local UI/navigation; destination resource read only
R30 AI autonomous varied artwork and complete Reels,E,GEN-01,GEN-01-I02,initial;loading;populated;failure;permission_denied;session_expired;offline;reconnecting;queued;running;partial_success;stalled;cancelling;cancelled;completed;retryable_failure;permanent_failure,visuals/desktop/GEN-01-default.svg;visuals/ios/GEN-01-default.svg,GEN-01-AT02,None: local UI/navigation; destination resource read only
R30 AI autonomous varied artwork and complete Reels,E,GEN-01,GEN-01-I03,initial;loading;populated;failure;permission_denied;session_expired;offline;reconnecting;queued;running;partial_success;stalled;cancelling;cancelled;completed;retryable_failure;permanent_failure,visuals/desktop/GEN-01-default.svg;visuals/ios/GEN-01-default.svg,GEN-01-AT03,None: local UI/navigation; destination resource read only
R30 AI autonomous varied artwork and complete Reels,E,GEN-01,GEN-01-I04,initial;loading;populated;failure;permission_denied;session_expired;offline;reconnecting;queued;running;partial_success;stalled;cancelling;cancelled;completed;retryable_failure;permanent_failure,visuals/desktop/GEN-01-default.svg;visuals/ios/GEN-01-default.svg,GEN-01-AT04,POST /v1/jobs/{jobId}/retry
R30 AI autonomous varied artwork and complete Reels,E,GEN-01,GEN-01-I05,initial;loading;populated;failure;permission_denied;session_expired;offline;reconnecting;queued;running;partial_success;stalled;cancelling;cancelled;completed;retryable_failure;permanent_failure,visuals/desktop/GEN-01-default.svg;visuals/ios/GEN-01-default.svg,GEN-01-AT05,POST /v1/jobs/{jobId}/cancel
R30 AI autonomous varied artwork and complete Reels,E,GEN-01,GEN-01-I06,initial;loading;populated;failure;permission_denied;session_expired;offline;reconnecting;queued;running;partial_success;stalled;cancelling;cancelled;completed;retryable_failure;permanent_failure,visuals/desktop/GEN-01-default.svg;visuals/ios/GEN-01-default.svg,GEN-01-AT06,None: local UI/navigation; destination resource read only
R30 AI autonomous varied artwork and complete Reels,E,GEN-01,GEN-01-EX7,initial;loading;populated;failure;permission_denied;session_expired;offline;reconnecting;queued;running;partial_success;stalled;cancelling;cancelled;completed;retryable_failure;permanent_failure,visuals/desktop/GEN-01-default.svg;visuals/ios/GEN-01-default.svg,GEN-01-EX7-AT,POST /v1/outputs/{outputId}/different-look
R30 AI autonomous varied artwork and complete Reels,E,GEN-01,GEN-01-EX8,initial;loading;populated;failure;permission_denied;session_expired;offline;reconnecting;queued;running;partial_success;stalled;cancelling;cancelled;completed;retryable_failure;permanent_failure,visuals/desktop/GEN-01-default.svg;visuals/ios/GEN-01-default.svg,GEN-01-EX8-AT,GET /v1/outputs/{outputId}/creative-plan
R30 AI autonomous varied artwork and complete Reels,G,GEN-02,GEN-02-I01,initial;loading;populated;failure;permission_denied;session_expired;offline;reconnecting;queued;running;partial_success;stalled;cancelling;cancelled;completed;retryable_failure;permanent_failure,visuals/desktop/GEN-02-default.svg;visuals/ios/GEN-02-default.svg,GEN-02-AT01,None: local UI/navigation; destination resource read only
R30 AI autonomous varied artwork and complete Reels,G,GEN-02,GEN-02-I02,initial;loading;populated;failure;permission_denied;session_expired;offline;reconnecting;queued;running;partial_success;stalled;cancelling;cancelled;completed;retryable_failure;permanent_failure,visuals/desktop/GEN-02-default.svg;visuals/ios/GEN-02-default.svg,GEN-02-AT02,POST /v1/jobs/{jobId}/retry
R30 AI autonomous varied artwork and complete Reels,G,GEN-02,GEN-02-I03,initial;loading;populated;failure;permission_denied;session_expired;offline;reconnecting;queued;running;partial_success;stalled;cancelling;cancelled;completed;retryable_failure;permanent_failure,visuals/desktop/GEN-02-default.svg;visuals/ios/GEN-02-default.svg,GEN-02-AT03,POST /v1/jobs/{jobId}/cancel
R30 AI autonomous varied artwork and complete Reels,G,GEN-02,GEN-02-I04,initial;loading;populated;failure;permission_denied;session_expired;offline;reconnecting;queued;running;partial_success;stalled;cancelling;cancelled;completed;retryable_failure;permanent_failure,visuals/desktop/GEN-02-default.svg;visuals/ios/GEN-02-default.svg,GEN-02-AT04,None: local UI/navigation; destination resource read only
R30 AI autonomous varied artwork and complete Reels,G,GEN-02,GEN-02-I05,initial;loading;populated;failure;permission_denied;session_expired;offline;reconnecting;queued;running;partial_success;stalled;cancelling;cancelled;completed;retryable_failure;permanent_failure,visuals/desktop/GEN-02-default.svg;visuals/ios/GEN-02-default.svg,GEN-02-AT05,None: local UI/navigation; destination resource read only
R30 AI autonomous varied artwork and complete Reels,G,GEN-02,GEN-02-EX6,initial;loading;populated;failure;permission_denied;session_expired;offline;reconnecting;queued;running;partial_success;stalled;cancelling;cancelled;completed;retryable_failure;permanent_failure,visuals/desktop/GEN-02-default.svg;visuals/ios/GEN-02-default.svg,GEN-02-EX6-AT,POST /v1/outputs/{outputId}/different-look
R30 AI autonomous varied artwork and complete Reels,G,GEN-02,GEN-02-EX7,initial;loading;populated;failure;permission_denied;session_expired;offline;reconnecting;queued;running;partial_success;stalled;cancelling;cancelled;completed;retryable_failure;permanent_failure,visuals/desktop/GEN-02-default.svg;visuals/ios/GEN-02-default.svg,GEN-02-EX7-AT,GET /v1/outputs/{outputId}/creative-plan
R30 AI autonomous varied artwork and complete Reels,F,CAR-01,CAR-01-I01,initial;loading;populated;failure;permission_denied;session_expired;offline;reconnecting;validation_error;unsaved;autosaving;saved;save_failed;conflict,visuals/desktop/CAR-01-default.svg;visuals/ios/CAR-01-default.svg,CAR-01-AT01,None: local UI/navigation; destination resource read only
R30 AI autonomous varied artwork and complete Reels,F,CAR-01,CAR-01-I02,initial;loading;populated;failure;permission_denied;session_expired;offline;reconnecting;validation_error;unsaved;autosaving;saved;save_failed;conflict,visuals/desktop/CAR-01-default.svg;visuals/ios/CAR-01-default.svg,CAR-01-AT02,PATCH /v1/outputs/{outputId}/slides/{slideId}
R30 AI autonomous varied artwork and complete Reels,F,CAR-01,CAR-01-I04,initial;loading;populated;failure;permission_denied;session_expired;offline;reconnecting;validation_error;unsaved;autosaving;saved;save_failed;conflict,visuals/desktop/CAR-01-default.svg;visuals/ios/CAR-01-default.svg,CAR-01-AT04,None: local UI/navigation; destination resource read only
R30 AI autonomous varied artwork and complete Reels,F,CAR-01,CAR-01-I05,initial;loading;populated;failure;permission_denied;session_expired;offline;reconnecting;validation_error;unsaved;autosaving;saved;save_failed;conflict,visuals/desktop/CAR-01-default.svg;visuals/ios/CAR-01-default.svg,CAR-01-AT05,PUT /v1/outputs/{outputId}/slide-order
R30 AI autonomous varied artwork and complete Reels,F,CAR-01,CAR-01-I06,initial;loading;populated;failure;permission_denied;session_expired;offline;reconnecting;validation_error;unsaved;autosaving;saved;save_failed;conflict,visuals/desktop/CAR-01-default.svg;visuals/ios/CAR-01-default.svg,CAR-01-AT06,POST /v1/outputs/{outputId}/slides
R30 AI autonomous varied artwork and complete Reels,F,CAR-01,CAR-01-I07,initial;loading;populated;failure;permission_denied;session_expired;offline;reconnecting;validation_error;unsaved;autosaving;saved;save_failed;conflict,visuals/desktop/CAR-01-default.svg;visuals/ios/CAR-01-default.svg,CAR-01-AT07,DELETE /v1/outputs/{outputId}/slides/{slideId}
R30 AI autonomous varied artwork and complete Reels,F,CAR-01,CAR-01-I08,initial;loading;populated;failure;permission_denied;session_expired;offline;reconnecting;validation_error;unsaved;autosaving;saved;save_failed;conflict,visuals/desktop/CAR-01-default.svg;visuals/ios/CAR-01-default.svg,CAR-01-AT08,None: local UI/navigation; destination resource read only
R30 AI autonomous varied artwork and complete Reels,F,CAR-01,CAR-01-I09,initial;loading;populated;failure;permission_denied;session_expired;offline;reconnecting;validation_error;unsaved;autosaving;saved;save_failed;conflict,visuals/desktop/CAR-01-default.svg;visuals/ios/CAR-01-default.svg,CAR-01-AT09,None: local UI/navigation; destination resource read only
R30 AI autonomous varied artwork and complete Reels,F,CAR-01,CAR-01-I10,initial;loading;populated;failure;permission_denied;session_expired;offline;reconnecting;validation_error;unsaved;autosaving;saved;save_failed;conflict,visuals/desktop/CAR-01-default.svg;visuals/ios/CAR-01-default.svg,CAR-01-AT10,None: local UI/navigation; destination resource read only
R30 AI autonomous varied artwork and complete Reels,F,CAR-01,CAR-01-I11,initial;loading;populated;failure;permission_denied;session_expired;offline;reconnecting;validation_error;unsaved;autosaving;saved;save_failed;conflict,visuals/desktop/CAR-01-default.svg;visuals/ios/CAR-01-default.svg,CAR-01-AT11,None: local UI/navigation; destination resource read only
R30 AI autonomous varied artwork and complete Reels,F,CAR-01,CAR-01-I12,initial;loading;populated;failure;permission_denied;session_expired;offline;reconnecting;validation_error;unsaved;autosaving;saved;save_failed;conflict,visuals/desktop/CAR-01-default.svg;visuals/ios/CAR-01-default.svg,CAR-01-AT12,None: local UI/navigation; destination resource read only
R30 AI autonomous varied artwork and complete Reels,F,CAR-01,CAR-01-I13,initial;loading;populated;failure;permission_denied;session_expired;offline;reconnecting;validation_error;unsaved;autosaving;saved;save_failed;conflict,visuals/desktop/CAR-01-default.svg;visuals/ios/CAR-01-default.svg,CAR-01-AT13,POST /v1/outputs/{outputId}/submit
R30 AI autonomous varied artwork and complete Reels,F,CAR-01,CAR-01-AI13,initial;loading;populated;failure;permission_denied;session_expired;offline;reconnecting;validation_error;unsaved;autosaving;saved;save_failed;conflict,visuals/desktop/CAR-01-default.svg;visuals/ios/CAR-01-default.svg,CAR-01-AI13-AT,POST /v1/outputs/{outputId}/different-look
R30 AI autonomous varied artwork and complete Reels,F,CAR-01,CAR-01-AI14,initial;loading;populated;failure;permission_denied;session_expired;offline;reconnecting;validation_error;unsaved;autosaving;saved;save_failed;conflict,visuals/desktop/CAR-01-default.svg;visuals/ios/CAR-01-default.svg,CAR-01-AI14-AT,GET /v1/outputs/{outputId}/creative-plan
R30 AI autonomous varied artwork and complete Reels,F,CAR-03,CAR-03-I02,initial;loading;populated;failure;permission_denied;session_expired;offline;reconnecting;validation_error;unsaved;autosaving;saved;save_failed;conflict,visuals/desktop/CAR-03-default.svg;visuals/ios/CAR-03-default.svg,CAR-03-AT02,POST /v1/outputs/{outputId}/slides/{slideId}/generate
R30 AI autonomous varied artwork and complete Reels,F,CAR-03,CAR-03-I03,initial;loading;populated;failure;permission_denied;session_expired;offline;reconnecting;validation_error;unsaved;autosaving;saved;save_failed;conflict,visuals/desktop/CAR-03-default.svg;visuals/ios/CAR-03-default.svg,CAR-03-AT03,None: local UI/navigation; destination resource read only
R30 AI autonomous varied artwork and complete Reels,F,CAR-03,CAR-03-AI3,initial;loading;populated;failure;permission_denied;session_expired;offline;reconnecting;validation_error;unsaved;autosaving;saved;save_failed;conflict,visuals/desktop/CAR-03-default.svg;visuals/ios/CAR-03-default.svg,CAR-03-AI3-AT,GET /v1/outputs/{outputId}/creative-plan
R30 AI autonomous varied artwork and complete Reels,H,REEL-01,REEL-01-I01,initial;loading;populated;failure;permission_denied;session_expired;offline;reconnecting;validation_error;unsaved;autosaving;saved;save_failed;conflict,visuals/desktop/REEL-01-default.svg;visuals/ios/REEL-01-default.svg,REEL-01-AT01,None: local UI/navigation; destination resource read only
R30 AI autonomous varied artwork and complete Reels,H,REEL-01,REEL-01-I02,initial;loading;populated;failure;permission_denied;session_expired;offline;reconnecting;validation_error;unsaved;autosaving;saved;save_failed;conflict,visuals/desktop/REEL-01-default.svg;visuals/ios/REEL-01-default.svg,REEL-01-AT02,None: local UI/navigation; destination resource read only
R30 AI autonomous varied artwork and complete Reels,H,REEL-01,REEL-01-I03,initial;loading;populated;failure;permission_denied;session_expired;offline;reconnecting;validation_error;unsaved;autosaving;saved;save_failed;conflict,visuals/desktop/REEL-01-default.svg;visuals/ios/REEL-01-default.svg,REEL-01-AT03,None: local UI/navigation; destination resource read only
R30 AI autonomous varied artwork and complete Reels,H,REEL-01,REEL-01-I04,initial;loading;populated;failure;permission_denied;session_expired;offline;reconnecting;validation_error;unsaved;autosaving;saved;save_failed;conflict,visuals/desktop/REEL-01-default.svg;visuals/ios/REEL-01-default.svg,REEL-01-AT04,None: local UI/navigation; destination resource read only
R30 AI autonomous varied artwork and complete Reels,H,REEL-01,REEL-01-I05,initial;loading;populated;failure;permission_denied;session_expired;offline;reconnecting;validation_error;unsaved;autosaving;saved;save_failed;conflict,visuals/desktop/REEL-01-default.svg;visuals/ios/REEL-01-default.svg,REEL-01-AT05,None on input; owning form Save contract
R30 AI autonomous varied artwork and complete Reels,H,REEL-01,REEL-01-I06,initial;loading;populated;failure;permission_denied;session_expired;offline;reconnecting;validation_error;unsaved;autosaving;saved;save_failed;conflict,visuals/desktop/REEL-01-default.svg;visuals/ios/REEL-01-default.svg,REEL-01-AT06,None: local UI/navigation; destination resource read only
R30 AI autonomous varied artwork and complete Reels,H,REEL-01,REEL-01-I07,initial;loading;populated;failure;permission_denied;session_expired;offline;reconnecting;validation_error;unsaved;autosaving;saved;save_failed;conflict,visuals/desktop/REEL-01-default.svg;visuals/ios/REEL-01-default.svg,REEL-01-AT07,PATCH /v1/outputs/{outputId}/timeline
R30 AI autonomous varied artwork and complete Reels,H,REEL-01,REEL-01-I08,initial;loading;populated;failure;permission_denied;session_expired;offline;reconnecting;validation_error;unsaved;autosaving;saved;save_failed;conflict,visuals/desktop/REEL-01-default.svg;visuals/ios/REEL-01-default.svg,REEL-01-AT08,PATCH /v1/outputs/{outputId}/timeline
R30 AI autonomous varied artwork and complete Reels,H,REEL-01,REEL-01-I09,initial;loading;populated;failure;permission_denied;session_expired;offline;reconnecting;validation_error;unsaved;autosaving;saved;save_failed;conflict,visuals/desktop/REEL-01-default.svg;visuals/ios/REEL-01-default.svg,REEL-01-AT09,PATCH /v1/outputs/{outputId}/timeline
R30 AI autonomous varied artwork and complete Reels,H,REEL-01,REEL-01-I10,initial;loading;populated;failure;permission_denied;session_expired;offline;reconnecting;validation_error;unsaved;autosaving;saved;save_failed;conflict,visuals/desktop/REEL-01-default.svg;visuals/ios/REEL-01-default.svg,REEL-01-AT10,None: navigation; target reads GET /v1/outputs/{outputId}/timeline
R30 AI autonomous varied artwork and complete Reels,H,REEL-01,REEL-01-I11,initial;loading;populated;failure;permission_denied;session_expired;offline;reconnecting;validation_error;unsaved;autosaving;saved;save_failed;conflict,visuals/desktop/REEL-01-default.svg;visuals/ios/REEL-01-default.svg,REEL-01-AT11,None: navigation; target reads GET /v1/outputs/{outputId}/timeline
R30 AI autonomous varied artwork and complete Reels,H,REEL-01,REEL-01-I12,initial;loading;populated;failure;permission_denied;session_expired;offline;reconnecting;validation_error;unsaved;autosaving;saved;save_failed;conflict,visuals/desktop/REEL-01-default.svg;visuals/ios/REEL-01-default.svg,REEL-01-AT12,None: navigation; target reads GET /v1/outputs/{outputId}/timeline
R30 AI autonomous varied artwork and complete Reels,H,REEL-01,REEL-01-I13,initial;loading;populated;failure;permission_denied;session_expired;offline;reconnecting;validation_error;unsaved;autosaving;saved;save_failed;conflict,visuals/desktop/REEL-01-default.svg;visuals/ios/REEL-01-default.svg,REEL-01-AT13,POST /v1/outputs/{outputId}/render
R30 AI autonomous varied artwork and complete Reels,H,REEL-01,REEL-01-I14,initial;loading;populated;failure;permission_denied;session_expired;offline;reconnecting;validation_error;unsaved;autosaving;saved;save_failed;conflict,visuals/desktop/REEL-01-default.svg;visuals/ios/REEL-01-default.svg,REEL-01-AT14,None: local UI/navigation; destination resource read only
R30 AI autonomous varied artwork and complete Reels,H,REEL-01,REEL-01-I15,initial;loading;populated;failure;permission_denied;session_expired;offline;reconnecting;validation_error;unsaved;autosaving;saved;save_failed;conflict,visuals/desktop/REEL-01-default.svg;visuals/ios/REEL-01-default.svg,REEL-01-AT15,None: local UI/navigation; destination resource read only
R30 AI autonomous varied artwork and complete Reels,H,REEL-01,REEL-01-I16,initial;loading;populated;failure;permission_denied;session_expired;offline;reconnecting;validation_error;unsaved;autosaving;saved;save_failed;conflict,visuals/desktop/REEL-01-default.svg;visuals/ios/REEL-01-default.svg,REEL-01-AT16,POST /v1/outputs/{outputId}/submit
R30 AI autonomous varied artwork and complete Reels,H,REEL-01,REEL-01-AI17,initial;loading;populated;failure;permission_denied;session_expired;offline;reconnecting;validation_error;unsaved;autosaving;saved;save_failed;conflict,visuals/desktop/REEL-01-default.svg;visuals/ios/REEL-01-default.svg,REEL-01-AI17-AT,POST /v1/outputs/{outputId}/different-look
R30 AI autonomous varied artwork and complete Reels,H,REEL-01,REEL-01-AI18,initial;loading;populated;failure;permission_denied;session_expired;offline;reconnecting;validation_error;unsaved;autosaving;saved;save_failed;conflict,visuals/desktop/REEL-01-default.svg;visuals/ios/REEL-01-default.svg,REEL-01-AI18-AT,GET /v1/outputs/{outputId}/creative-plan
R30 AI autonomous varied artwork and complete Reels,D,CREATE-01,CREATE-01-I01,initial;loading;populated;failure;permission_denied;session_expired;offline;reconnecting;validation_error;unsaved;autosaving;saved;save_failed;conflict,visuals/desktop/CREATE-01-default.svg;visuals/ios/CREATE-01-default.svg,CREATE-01-AT01,None: local UI/navigation; destination resource read only
R30 AI autonomous varied artwork and complete Reels,D,CREATE-01,CREATE-01-I02,initial;loading;populated;failure;permission_denied;session_expired;offline;reconnecting;validation_error;unsaved;autosaving;saved;save_failed;conflict,visuals/desktop/CREATE-01-default.svg;visuals/ios/CREATE-01-default.svg,CREATE-01-AT02,None: local UI/navigation; destination resource read only
R30 AI autonomous varied artwork and complete Reels,D,CREATE-01,CREATE-01-I03,initial;loading;populated;failure;permission_denied;session_expired;offline;reconnecting;validation_error;unsaved;autosaving;saved;save_failed;conflict,visuals/desktop/CREATE-01-default.svg;visuals/ios/CREATE-01-default.svg,CREATE-01-AT03,None: local UI/navigation; destination resource read only
R30 AI autonomous varied artwork and complete Reels,D,CREATE-01,CREATE-01-I04,initial;loading;populated;failure;permission_denied;session_expired;offline;reconnecting;validation_error;unsaved;autosaving;saved;save_failed;conflict,visuals/desktop/CREATE-01-default.svg;visuals/ios/CREATE-01-default.svg,CREATE-01-AT04,POST /v1/setups
R30 AI autonomous varied artwork and complete Reels,D,CREATE-01,CREATE-01-I05,initial;loading;populated;failure;permission_denied;session_expired;offline;reconnecting;validation_error;unsaved;autosaving;saved;save_failed;conflict,visuals/desktop/CREATE-01-default.svg;visuals/ios/CREATE-01-default.svg,CREATE-01-AT05,POST /v1/setups
R30 AI autonomous varied artwork and complete Reels,D,CREATE-01,CREATE-01-EX6,initial;loading;populated;failure;permission_denied;session_expired;offline;reconnecting;validation_error;unsaved;autosaving;saved;save_failed;conflict,visuals/desktop/CREATE-01-default.svg;visuals/ios/CREATE-01-default.svg,CREATE-01-EX6-AT,None: navigation
R30 AI autonomous varied artwork and complete Reels,D,CREATE-01,CREATE-01-EX7,initial;loading;populated;failure;permission_denied;session_expired;offline;reconnecting;validation_error;unsaved;autosaving;saved;save_failed;conflict,visuals/desktop/CREATE-01-default.svg;visuals/ios/CREATE-01-default.svg,CREATE-01-EX7-AT,GET /v1/topics?q=&cursor=
R30 AI autonomous varied artwork and complete Reels,D,CREATE-01,CREATE-01-EX8,initial;loading;populated;failure;permission_denied;session_expired;offline;reconnecting;validation_error;unsaved;autosaving;saved;save_failed;conflict,visuals/desktop/CREATE-01-default.svg;visuals/ios/CREATE-01-default.svg,CREATE-01-EX8-AT,None: navigation
R30 AI autonomous varied artwork and complete Reels,D,CREATE-02,CREATE-02-I01,initial;loading;populated;failure;permission_denied;session_expired;offline;reconnecting;validation_error;unsaved;autosaving;saved;save_failed;conflict,visuals/desktop/CREATE-02-default.svg;visuals/ios/CREATE-02-default.svg,CREATE-02-AT01,None on input; owning form Save contract
R30 AI autonomous varied artwork and complete Reels,D,CREATE-02,CREATE-02-I02,initial;loading;populated;failure;permission_denied;session_expired;offline;reconnecting;validation_error;unsaved;autosaving;saved;save_failed;conflict,visuals/desktop/CREATE-02-default.svg;visuals/ios/CREATE-02-default.svg,CREATE-02-AT02,None on input; owning form Save contract
R30 AI autonomous varied artwork and complete Reels,D,CREATE-02,CREATE-02-I03,initial;loading;populated;failure;permission_denied;session_expired;offline;reconnecting;validation_error;unsaved;autosaving;saved;save_failed;conflict,visuals/desktop/CREATE-02-default.svg;visuals/ios/CREATE-02-default.svg,CREATE-02-AT03,None on input; owning form Save contract
R30 AI autonomous varied artwork and complete Reels,D,CREATE-02,CREATE-02-I05,initial;loading;populated;failure;permission_denied;session_expired;offline;reconnecting;validation_error;unsaved;autosaving;saved;save_failed;conflict,visuals/desktop/CREATE-02-default.svg;visuals/ios/CREATE-02-default.svg,CREATE-02-AT05,None on input; owning form Save contract
R30 AI autonomous varied artwork and complete Reels,D,CREATE-02,CREATE-02-I06,initial;loading;populated;failure;permission_denied;session_expired;offline;reconnecting;validation_error;unsaved;autosaving;saved;save_failed;conflict,visuals/desktop/CREATE-02-default.svg;visuals/ios/CREATE-02-default.svg,CREATE-02-AT06,None on input; owning form Save contract
R30 AI autonomous varied artwork and complete Reels,D,CREATE-02,CREATE-02-I07,initial;loading;populated;failure;permission_denied;session_expired;offline;reconnecting;validation_error;unsaved;autosaving;saved;save_failed;conflict,visuals/desktop/CREATE-02-default.svg;visuals/ios/CREATE-02-default.svg,CREATE-02-AT07,PATCH /v1/outputs/{outputId}/timeline
R30 AI autonomous varied artwork and complete Reels,D,CREATE-02,CREATE-02-I08,initial;loading;populated;failure;permission_denied;session_expired;offline;reconnecting;validation_error;unsaved;autosaving;saved;save_failed;conflict,visuals/desktop/CREATE-02-default.svg;visuals/ios/CREATE-02-default.svg,CREATE-02-AT08,PATCH /v1/outputs/{outputId}/timeline
R30 AI autonomous varied artwork and complete Reels,D,CREATE-02,CREATE-02-I09,initial;loading;populated;failure;permission_denied;session_expired;offline;reconnecting;validation_error;unsaved;autosaving;saved;save_failed;conflict,visuals/desktop/CREATE-02-default.svg;visuals/ios/CREATE-02-default.svg,CREATE-02-AT09,None on input; owning form Save contract
R30 AI autonomous varied artwork and complete Reels,D,CREATE-02,CREATE-02-I10,initial;loading;populated;failure;permission_denied;session_expired;offline;reconnecting;validation_error;unsaved;autosaving;saved;save_failed;conflict,visuals/desktop/CREATE-02-default.svg;visuals/ios/CREATE-02-default.svg,CREATE-02-AT10,None: local UI/navigation; destination resource read only
R30 AI autonomous varied artwork and complete Reels,D,CREATE-02,CREATE-02-I11,initial;loading;populated;failure;permission_denied;session_expired;offline;reconnecting;validation_error;unsaved;autosaving;saved;save_failed;conflict,visuals/desktop/CREATE-02-default.svg;visuals/ios/CREATE-02-default.svg,CREATE-02-AT11,None: local UI/navigation; destination resource read only
R30 AI autonomous varied artwork and complete Reels,D,CREATE-02,CREATE-02-AI11,initial;loading;populated;failure;permission_denied;session_expired;offline;reconnecting;validation_error;unsaved;autosaving;saved;save_failed;conflict,visuals/desktop/CREATE-02-default.svg;visuals/ios/CREATE-02-default.svg,CREATE-02-AI11-AT,GET /v1/outputs/{outputId}/creative-plan
R30 AI autonomous varied artwork and complete Reels,D,CREATE-03,CREATE-03-I01,initial;loading;populated;failure;permission_denied;session_expired;offline;reconnecting;validation_error;unsaved;autosaving;saved;save_failed;conflict,visuals/desktop/CREATE-03-default.svg;visuals/ios/CREATE-03-default.svg,CREATE-03-AT01,None: local UI/navigation; destination resource read only
R30 AI autonomous varied artwork and complete Reels,D,CREATE-03,CREATE-03-I02,initial;loading;populated;failure;permission_denied;session_expired;offline;reconnecting;validation_error;unsaved;autosaving;saved;save_failed;conflict,visuals/desktop/CREATE-03-default.svg;visuals/ios/CREATE-03-default.svg,CREATE-03-AT02,POST /v1/setups/{setupId}/generate
R30 AI autonomous varied artwork and complete Reels,D,CREATE-03,CREATE-03-I03,initial;loading;populated;failure;permission_denied;session_expired;offline;reconnecting;validation_error;unsaved;autosaving;saved;save_failed;conflict,visuals/desktop/CREATE-03-default.svg;visuals/ios/CREATE-03-default.svg,CREATE-03-AT03,POST /v1/setups
R30 AI autonomous varied artwork and complete Reels,D,CREATE-03,CREATE-03-I04,initial;loading;populated;failure;permission_denied;session_expired;offline;reconnecting;validation_error;unsaved;autosaving;saved;save_failed;conflict,visuals/desktop/CREATE-03-default.svg;visuals/ios/CREATE-03-default.svg,CREATE-03-AT04,None: local UI/navigation; destination resource read only
R30 AI autonomous varied artwork and complete Reels,E,GEN-01,GEN-01-I01,initial;loading;populated;failure;permission_denied;session_expired;offline;reconnecting;queued;running;partial_success;stalled;cancelling;cancelled;completed;retryable_failure;permanent_failure,visuals/desktop/GEN-01-default.svg;visuals/ios/GEN-01-default.svg,GEN-01-AT01,None: local UI/navigation; destination resource read only
R30 AI autonomous varied artwork and complete Reels,E,GEN-01,GEN-01-I02,initial;loading;populated;failure;permission_denied;session_expired;offline;reconnecting;queued;running;partial_success;stalled;cancelling;cancelled;completed;retryable_failure;permanent_failure,visuals/desktop/GEN-01-default.svg;visuals/ios/GEN-01-default.svg,GEN-01-AT02,None: local UI/navigation; destination resource read only
R30 AI autonomous varied artwork and complete Reels,E,GEN-01,GEN-01-I03,initial;loading;populated;failure;permission_denied;session_expired;offline;reconnecting;queued;running;partial_success;stalled;cancelling;cancelled;completed;retryable_failure;permanent_failure,visuals/desktop/GEN-01-default.svg;visuals/ios/GEN-01-default.svg,GEN-01-AT03,None: local UI/navigation; destination resource read only
R30 AI autonomous varied artwork and complete Reels,E,GEN-01,GEN-01-I04,initial;loading;populated;failure;permission_denied;session_expired;offline;reconnecting;queued;running;partial_success;stalled;cancelling;cancelled;completed;retryable_failure;permanent_failure,visuals/desktop/GEN-01-default.svg;visuals/ios/GEN-01-default.svg,GEN-01-AT04,POST /v1/jobs/{jobId}/retry
R30 AI autonomous varied artwork and complete Reels,E,GEN-01,GEN-01-I05,initial;loading;populated;failure;permission_denied;session_expired;offline;reconnecting;queued;running;partial_success;stalled;cancelling;cancelled;completed;retryable_failure;permanent_failure,visuals/desktop/GEN-01-default.svg;visuals/ios/GEN-01-default.svg,GEN-01-AT05,POST /v1/jobs/{jobId}/cancel
R30 AI autonomous varied artwork and complete Reels,E,GEN-01,GEN-01-I06,initial;loading;populated;failure;permission_denied;session_expired;offline;reconnecting;queued;running;partial_success;stalled;cancelling;cancelled;completed;retryable_failure;permanent_failure,visuals/desktop/GEN-01-default.svg;visuals/ios/GEN-01-default.svg,GEN-01-AT06,None: local UI/navigation; destination resource read only
R30 AI autonomous varied artwork and complete Reels,E,GEN-01,GEN-01-EX7,initial;loading;populated;failure;permission_denied;session_expired;offline;reconnecting;queued;running;partial_success;stalled;cancelling;cancelled;completed;retryable_failure;permanent_failure,visuals/desktop/GEN-01-default.svg;visuals/ios/GEN-01-default.svg,GEN-01-EX7-AT,POST /v1/outputs/{outputId}/different-look
R30 AI autonomous varied artwork and complete Reels,E,GEN-01,GEN-01-EX8,initial;loading;populated;failure;permission_denied;session_expired;offline;reconnecting;queued;running;partial_success;stalled;cancelling;cancelled;completed;retryable_failure;permanent_failure,visuals/desktop/GEN-01-default.svg;visuals/ios/GEN-01-default.svg,GEN-01-EX8-AT,GET /v1/outputs/{outputId}/creative-plan
R30 AI autonomous varied artwork and complete Reels,G,GEN-02,GEN-02-I01,initial;loading;populated;failure;permission_denied;session_expired;offline;reconnecting;queued;running;partial_success;stalled;cancelling;cancelled;completed;retryable_failure;permanent_failure,visuals/desktop/GEN-02-default.svg;visuals/ios/GEN-02-default.svg,GEN-02-AT01,None: local UI/navigation; destination resource read only
R30 AI autonomous varied artwork and complete Reels,G,GEN-02,GEN-02-I02,initial;loading;populated;failure;permission_denied;session_expired;offline;reconnecting;queued;running;partial_success;stalled;cancelling;cancelled;completed;retryable_failure;permanent_failure,visuals/desktop/GEN-02-default.svg;visuals/ios/GEN-02-default.svg,GEN-02-AT02,POST /v1/jobs/{jobId}/retry
R30 AI autonomous varied artwork and complete Reels,G,GEN-02,GEN-02-I03,initial;loading;populated;failure;permission_denied;session_expired;offline;reconnecting;queued;running;partial_success;stalled;cancelling;cancelled;completed;retryable_failure;permanent_failure,visuals/desktop/GEN-02-default.svg;visuals/ios/GEN-02-default.svg,GEN-02-AT03,POST /v1/jobs/{jobId}/cancel
R30 AI autonomous varied artwork and complete Reels,G,GEN-02,GEN-02-I04,initial;loading;populated;failure;permission_denied;session_expired;offline;reconnecting;queued;running;partial_success;stalled;cancelling;cancelled;completed;retryable_failure;permanent_failure,visuals/desktop/GEN-02-default.svg;visuals/ios/GEN-02-default.svg,GEN-02-AT04,None: local UI/navigation; destination resource read only
R30 AI autonomous varied artwork and complete Reels,G,GEN-02,GEN-02-I05,initial;loading;populated;failure;permission_denied;session_expired;offline;reconnecting;queued;running;partial_success;stalled;cancelling;cancelled;completed;retryable_failure;permanent_failure,visuals/desktop/GEN-02-default.svg;visuals/ios/GEN-02-default.svg,GEN-02-AT05,None: local UI/navigation; destination resource read only
R30 AI autonomous varied artwork and complete Reels,G,GEN-02,GEN-02-EX6,initial;loading;populated;failure;permission_denied;session_expired;offline;reconnecting;queued;running;partial_success;stalled;cancelling;cancelled;completed;retryable_failure;permanent_failure,visuals/desktop/GEN-02-default.svg;visuals/ios/GEN-02-default.svg,GEN-02-EX6-AT,POST /v1/outputs/{outputId}/different-look
R30 AI autonomous varied artwork and complete Reels,G,GEN-02,GEN-02-EX7,initial;loading;populated;failure;permission_denied;session_expired;offline;reconnecting;queued;running;partial_success;stalled;cancelling;cancelled;completed;retryable_failure;permanent_failure,visuals/desktop/GEN-02-default.svg;visuals/ios/GEN-02-default.svg,GEN-02-EX7-AT,GET /v1/outputs/{outputId}/creative-plan
R30 AI autonomous varied artwork and complete Reels,F,CAR-01,CAR-01-I01,initial;loading;populated;failure;permission_denied;session_expired;offline;reconnecting;validation_error;unsaved;autosaving;saved;save_failed;conflict,visuals/desktop/CAR-01-default.svg;visuals/ios/CAR-01-default.svg,CAR-01-AT01,None: local UI/navigation; destination resource read only
R30 AI autonomous varied artwork and complete Reels,F,CAR-01,CAR-01-I02,initial;loading;populated;failure;permission_denied;session_expired;offline;reconnecting;validation_error;unsaved;autosaving;saved;save_failed;conflict,visuals/desktop/CAR-01-default.svg;visuals/ios/CAR-01-default.svg,CAR-01-AT02,PATCH /v1/outputs/{outputId}/slides/{slideId}
R30 AI autonomous varied artwork and complete Reels,F,CAR-01,CAR-01-I04,initial;loading;populated;failure;permission_denied;session_expired;offline;reconnecting;validation_error;unsaved;autosaving;saved;save_failed;conflict,visuals/desktop/CAR-01-default.svg;visuals/ios/CAR-01-default.svg,CAR-01-AT04,None: local UI/navigation; destination resource read only
R30 AI autonomous varied artwork and complete Reels,F,CAR-01,CAR-01-I05,initial;loading;populated;failure;permission_denied;session_expired;offline;reconnecting;validation_error;unsaved;autosaving;saved;save_failed;conflict,visuals/desktop/CAR-01-default.svg;visuals/ios/CAR-01-default.svg,CAR-01-AT05,PUT /v1/outputs/{outputId}/slide-order
R30 AI autonomous varied artwork and complete Reels,F,CAR-01,CAR-01-I06,initial;loading;populated;failure;permission_denied;session_expired;offline;reconnecting;validation_error;unsaved;autosaving;saved;save_failed;conflict,visuals/desktop/CAR-01-default.svg;visuals/ios/CAR-01-default.svg,CAR-01-AT06,POST /v1/outputs/{outputId}/slides
R30 AI autonomous varied artwork and complete Reels,F,CAR-01,CAR-01-I07,initial;loading;populated;failure;permission_denied;session_expired;offline;reconnecting;validation_error;unsaved;autosaving;saved;save_failed;conflict,visuals/desktop/CAR-01-default.svg;visuals/ios/CAR-01-default.svg,CAR-01-AT07,DELETE /v1/outputs/{outputId}/slides/{slideId}
R30 AI autonomous varied artwork and complete Reels,F,CAR-01,CAR-01-I08,initial;loading;populated;failure;permission_denied;session_expired;offline;reconnecting;validation_error;unsaved;autosaving;saved;save_failed;conflict,visuals/desktop/CAR-01-default.svg;visuals/ios/CAR-01-default.svg,CAR-01-AT08,None: local UI/navigation; destination resource read only
R30 AI autonomous varied artwork and complete Reels,F,CAR-01,CAR-01-I09,initial;loading;populated;failure;permission_denied;session_expired;offline;reconnecting;validation_error;unsaved;autosaving;saved;save_failed;conflict,visuals/desktop/CAR-01-default.svg;visuals/ios/CAR-01-default.svg,CAR-01-AT09,None: local UI/navigation; destination resource read only
R30 AI autonomous varied artwork and complete Reels,F,CAR-01,CAR-01-I10,initial;loading;populated;failure;permission_denied;session_expired;offline;reconnecting;validation_error;unsaved;autosaving;saved;save_failed;conflict,visuals/desktop/CAR-01-default.svg;visuals/ios/CAR-01-default.svg,CAR-01-AT10,None: local UI/navigation; destination resource read only
R30 AI autonomous varied artwork and complete Reels,F,CAR-01,CAR-01-I11,initial;loading;populated;failure;permission_denied;session_expired;offline;reconnecting;validation_error;unsaved;autosaving;saved;save_failed;conflict,visuals/desktop/CAR-01-default.svg;visuals/ios/CAR-01-default.svg,CAR-01-AT11,None: local UI/navigation; destination resource read only
R30 AI autonomous varied artwork and complete Reels,F,CAR-01,CAR-01-I12,initial;loading;populated;failure;permission_denied;session_expired;offline;reconnecting;validation_error;unsaved;autosaving;saved;save_failed;conflict,visuals/desktop/CAR-01-default.svg;visuals/ios/CAR-01-default.svg,CAR-01-AT12,None: local UI/navigation; destination resource read only
R30 AI autonomous varied artwork and complete Reels,F,CAR-01,CAR-01-I13,initial;loading;populated;failure;permission_denied;session_expired;offline;reconnecting;validation_error;unsaved;autosaving;saved;save_failed;conflict,visuals/desktop/CAR-01-default.svg;visuals/ios/CAR-01-default.svg,CAR-01-AT13,POST /v1/outputs/{outputId}/submit
R30 AI autonomous varied artwork and complete Reels,F,CAR-01,CAR-01-AI13,initial;loading;populated;failure;permission_denied;session_expired;offline;reconnecting;validation_error;unsaved;autosaving;saved;save_failed;conflict,visuals/desktop/CAR-01-default.svg;visuals/ios/CAR-01-default.svg,CAR-01-AI13-AT,POST /v1/outputs/{outputId}/different-look
R30 AI autonomous varied artwork and complete Reels,F,CAR-01,CAR-01-AI14,initial;loading;populated;failure;permission_denied;session_expired;offline;reconnecting;validation_error;unsaved;autosaving;saved;save_failed;conflict,visuals/desktop/CAR-01-default.svg;visuals/ios/CAR-01-default.svg,CAR-01-AI14-AT,GET /v1/outputs/{outputId}/creative-plan
R30 AI autonomous varied artwork and complete Reels,F,CAR-03,CAR-03-I02,initial;loading;populated;failure;permission_denied;session_expired;offline;reconnecting;validation_error;unsaved;autosaving;saved;save_failed;conflict,visuals/desktop/CAR-03-default.svg;visuals/ios/CAR-03-default.svg,CAR-03-AT02,POST /v1/outputs/{outputId}/slides/{slideId}/generate
R30 AI autonomous varied artwork and complete Reels,F,CAR-03,CAR-03-I03,initial;loading;populated;failure;permission_denied;session_expired;offline;reconnecting;validation_error;unsaved;autosaving;saved;save_failed;conflict,visuals/desktop/CAR-03-default.svg;visuals/ios/CAR-03-default.svg,CAR-03-AT03,None: local UI/navigation; destination resource read only
R30 AI autonomous varied artwork and complete Reels,F,CAR-03,CAR-03-AI3,initial;loading;populated;failure;permission_denied;session_expired;offline;reconnecting;validation_error;unsaved;autosaving;saved;save_failed;conflict,visuals/desktop/CAR-03-default.svg;visuals/ios/CAR-03-default.svg,CAR-03-AI3-AT,GET /v1/outputs/{outputId}/creative-plan
R30 AI autonomous varied artwork and complete Reels,H,REEL-01,REEL-01-I01,initial;loading;populated;failure;permission_denied;session_expired;offline;reconnecting;validation_error;unsaved;autosaving;saved;save_failed;conflict,visuals/desktop/REEL-01-default.svg;visuals/ios/REEL-01-default.svg,REEL-01-AT01,None: local UI/navigation; destination resource read only
R30 AI autonomous varied artwork and complete Reels,H,REEL-01,REEL-01-I02,initial;loading;populated;failure;permission_denied;session_expired;offline;reconnecting;validation_error;unsaved;autosaving;saved;save_failed;conflict,visuals/desktop/REEL-01-default.svg;visuals/ios/REEL-01-default.svg,REEL-01-AT02,None: local UI/navigation; destination resource read only
R30 AI autonomous varied artwork and complete Reels,H,REEL-01,REEL-01-I03,initial;loading;populated;failure;permission_denied;session_expired;offline;reconnecting;validation_error;unsaved;autosaving;saved;save_failed;conflict,visuals/desktop/REEL-01-default.svg;visuals/ios/REEL-01-default.svg,REEL-01-AT03,None: local UI/navigation; destination resource read only
R30 AI autonomous varied artwork and complete Reels,H,REEL-01,REEL-01-I04,initial;loading;populated;failure;permission_denied;session_expired;offline;reconnecting;validation_error;unsaved;autosaving;saved;save_failed;conflict,visuals/desktop/REEL-01-default.svg;visuals/ios/REEL-01-default.svg,REEL-01-AT04,None: local UI/navigation; destination resource read only
R30 AI autonomous varied artwork and complete Reels,H,REEL-01,REEL-01-I05,initial;loading;populated;failure;permission_denied;session_expired;offline;reconnecting;validation_error;unsaved;autosaving;saved;save_failed;conflict,visuals/desktop/REEL-01-default.svg;visuals/ios/REEL-01-default.svg,REEL-01-AT05,None on input; owning form Save contract
R30 AI autonomous varied artwork and complete Reels,H,REEL-01,REEL-01-I06,initial;loading;populated;failure;permission_denied;session_expired;offline;reconnecting;validation_error;unsaved;autosaving;saved;save_failed;conflict,visuals/desktop/REEL-01-default.svg;visuals/ios/REEL-01-default.svg,REEL-01-AT06,None: local UI/navigation; destination resource read only
R30 AI autonomous varied artwork and complete Reels,H,REEL-01,REEL-01-I07,initial;loading;populated;failure;permission_denied;session_expired;offline;reconnecting;validation_error;unsaved;autosaving;saved;save_failed;conflict,visuals/desktop/REEL-01-default.svg;visuals/ios/REEL-01-default.svg,REEL-01-AT07,PATCH /v1/outputs/{outputId}/timeline
R30 AI autonomous varied artwork and complete Reels,H,REEL-01,REEL-01-I08,initial;loading;populated;failure;permission_denied;session_expired;offline;reconnecting;validation_error;unsaved;autosaving;saved;save_failed;conflict,visuals/desktop/REEL-01-default.svg;visuals/ios/REEL-01-default.svg,REEL-01-AT08,PATCH /v1/outputs/{outputId}/timeline
R30 AI autonomous varied artwork and complete Reels,H,REEL-01,REEL-01-I09,initial;loading;populated;failure;permission_denied;session_expired;offline;reconnecting;validation_error;unsaved;autosaving;saved;save_failed;conflict,visuals/desktop/REEL-01-default.svg;visuals/ios/REEL-01-default.svg,REEL-01-AT09,PATCH /v1/outputs/{outputId}/timeline
R30 AI autonomous varied artwork and complete Reels,H,REEL-01,REEL-01-I10,initial;loading;populated;failure;permission_denied;session_expired;offline;reconnecting;validation_error;unsaved;autosaving;saved;save_failed;conflict,visuals/desktop/REEL-01-default.svg;visuals/ios/REEL-01-default.svg,REEL-01-AT10,None: navigation; target reads GET /v1/outputs/{outputId}/timeline
R30 AI autonomous varied artwork and complete Reels,H,REEL-01,REEL-01-I11,initial;loading;populated;failure;permission_denied;session_expired;offline;reconnecting;validation_error;unsaved;autosaving;saved;save_failed;conflict,visuals/desktop/REEL-01-default.svg;visuals/ios/REEL-01-default.svg,REEL-01-AT11,None: navigation; target reads GET /v1/outputs/{outputId}/timeline
R30 AI autonomous varied artwork and complete Reels,H,REEL-01,REEL-01-I12,initial;loading;populated;failure;permission_denied;session_expired;offline;reconnecting;validation_error;unsaved;autosaving;saved;save_failed;conflict,visuals/desktop/REEL-01-default.svg;visuals/ios/REEL-01-default.svg,REEL-01-AT12,None: navigation; target reads GET /v1/outputs/{outputId}/timeline
R30 AI autonomous varied artwork and complete Reels,H,REEL-01,REEL-01-I13,initial;loading;populated;failure;permission_denied;session_expired;offline;reconnecting;validation_error;unsaved;autosaving;saved;save_failed;conflict,visuals/desktop/REEL-01-default.svg;visuals/ios/REEL-01-default.svg,REEL-01-AT13,POST /v1/outputs/{outputId}/render
R30 AI autonomous varied artwork and complete Reels,H,REEL-01,REEL-01-I14,initial;loading;populated;failure;permission_denied;session_expired;offline;reconnecting;validation_error;unsaved;autosaving;saved;save_failed;conflict,visuals/desktop/REEL-01-default.svg;visuals/ios/REEL-01-default.svg,REEL-01-AT14,None: local UI/navigation; destination resource read only
R30 AI autonomous varied artwork and complete Reels,H,REEL-01,REEL-01-I15,initial;loading;populated;failure;permission_denied;session_expired;offline;reconnecting;validation_error;unsaved;autosaving;saved;save_failed;conflict,visuals/desktop/REEL-01-default.svg;visuals/ios/REEL-01-default.svg,REEL-01-AT15,None: local UI/navigation; destination resource read only
R30 AI autonomous varied artwork and complete Reels,H,REEL-01,REEL-01-I16,initial;loading;populated;failure;permission_denied;session_expired;offline;reconnecting;validation_error;unsaved;autosaving;saved;save_failed;conflict,visuals/desktop/REEL-01-default.svg;visuals/ios/REEL-01-default.svg,REEL-01-AT16,POST /v1/outputs/{outputId}/submit
R30 AI autonomous varied artwork and complete Reels,H,REEL-01,REEL-01-AI17,initial;loading;populated;failure;permission_denied;session_expired;offline;reconnecting;validation_error;unsaved;autosaving;saved;save_failed;conflict,visuals/desktop/REEL-01-default.svg;visuals/ios/REEL-01-default.svg,REEL-01-AI17-AT,POST /v1/outputs/{outputId}/different-look
R30 AI autonomous varied artwork and complete Reels,H,REEL-01,REEL-01-AI18,initial;loading;populated;failure;permission_denied;session_expired;offline;reconnecting;validation_error;unsaved;autosaving;saved;save_failed;conflict,visuals/desktop/REEL-01-default.svg;visuals/ios/REEL-01-default.svg,REEL-01-AI18-AT,GET /v1/outputs/{outputId}/creative-plan
R30 AI autonomous varied artwork and complete Reels,D,CREATE-01,CREATE-01-I01,initial;loading;populated;failure;permission_denied;session_expired;offline;reconnecting;validation_error;unsaved;autosaving;saved;save_failed;conflict,visuals/desktop/CREATE-01-default.svg;visuals/ios/CREATE-01-default.svg,CREATE-01-AT01,None: local UI/navigation; destination resource read only
R30 AI autonomous varied artwork and complete Reels,D,CREATE-01,CREATE-01-I02,initial;loading;populated;failure;permission_denied;session_expired;offline;reconnecting;validation_error;unsaved;autosaving;saved;save_failed;conflict,visuals/desktop/CREATE-01-default.svg;visuals/ios/CREATE-01-default.svg,CREATE-01-AT02,None: local UI/navigation; destination resource read only
R30 AI autonomous varied artwork and complete Reels,D,CREATE-01,CREATE-01-I03,initial;loading;populated;failure;permission_denied;session_expired;offline;reconnecting;validation_error;unsaved;autosaving;saved;save_failed;conflict,visuals/desktop/CREATE-01-default.svg;visuals/ios/CREATE-01-default.svg,CREATE-01-AT03,None: local UI/navigation; destination resource read only
R30 AI autonomous varied artwork and complete Reels,D,CREATE-01,CREATE-01-I04,initial;loading;populated;failure;permission_denied;session_expired;offline;reconnecting;validation_error;unsaved;autosaving;saved;save_failed;conflict,visuals/desktop/CREATE-01-default.svg;visuals/ios/CREATE-01-default.svg,CREATE-01-AT04,POST /v1/setups
R30 AI autonomous varied artwork and complete Reels,D,CREATE-01,CREATE-01-I05,initial;loading;populated;failure;permission_denied;session_expired;offline;reconnecting;validation_error;unsaved;autosaving;saved;save_failed;conflict,visuals/desktop/CREATE-01-default.svg;visuals/ios/CREATE-01-default.svg,CREATE-01-AT05,POST /v1/setups
R30 AI autonomous varied artwork and complete Reels,D,CREATE-01,CREATE-01-EX6,initial;loading;populated;failure;permission_denied;session_expired;offline;reconnecting;validation_error;unsaved;autosaving;saved;save_failed;conflict,visuals/desktop/CREATE-01-default.svg;visuals/ios/CREATE-01-default.svg,CREATE-01-EX6-AT,None: navigation
R30 AI autonomous varied artwork and complete Reels,D,CREATE-01,CREATE-01-EX7,initial;loading;populated;failure;permission_denied;session_expired;offline;reconnecting;validation_error;unsaved;autosaving;saved;save_failed;conflict,visuals/desktop/CREATE-01-default.svg;visuals/ios/CREATE-01-default.svg,CREATE-01-EX7-AT,GET /v1/topics?q=&cursor=
R30 AI autonomous varied artwork and complete Reels,D,CREATE-01,CREATE-01-EX8,initial;loading;populated;failure;permission_denied;session_expired;offline;reconnecting;validation_error;unsaved;autosaving;saved;save_failed;conflict,visuals/desktop/CREATE-01-default.svg;visuals/ios/CREATE-01-default.svg,CREATE-01-EX8-AT,None: navigation
R30 AI autonomous varied artwork and complete Reels,D,CREATE-02,CREATE-02-I01,initial;loading;populated;failure;permission_denied;session_expired;offline;reconnecting;validation_error;unsaved;autosaving;saved;save_failed;conflict,visuals/desktop/CREATE-02-default.svg;visuals/ios/CREATE-02-default.svg,CREATE-02-AT01,None on input; owning form Save contract
R30 AI autonomous varied artwork and complete Reels,D,CREATE-02,CREATE-02-I02,initial;loading;populated;failure;permission_denied;session_expired;offline;reconnecting;validation_error;unsaved;autosaving;saved;save_failed;conflict,visuals/desktop/CREATE-02-default.svg;visuals/ios/CREATE-02-default.svg,CREATE-02-AT02,None on input; owning form Save contract
R30 AI autonomous varied artwork and complete Reels,D,CREATE-02,CREATE-02-I03,initial;loading;populated;failure;permission_denied;session_expired;offline;reconnecting;validation_error;unsaved;autosaving;saved;save_failed;conflict,visuals/desktop/CREATE-02-default.svg;visuals/ios/CREATE-02-default.svg,CREATE-02-AT03,None on input; owning form Save contract
R30 AI autonomous varied artwork and complete Reels,D,CREATE-02,CREATE-02-I05,initial;loading;populated;failure;permission_denied;session_expired;offline;reconnecting;validation_error;unsaved;autosaving;saved;save_failed;conflict,visuals/desktop/CREATE-02-default.svg;visuals/ios/CREATE-02-default.svg,CREATE-02-AT05,None on input; owning form Save contract
R30 AI autonomous varied artwork and complete Reels,D,CREATE-02,CREATE-02-I06,initial;loading;populated;failure;permission_denied;session_expired;offline;reconnecting;validation_error;unsaved;autosaving;saved;save_failed;conflict,visuals/desktop/CREATE-02-default.svg;visuals/ios/CREATE-02-default.svg,CREATE-02-AT06,None on input; owning form Save contract
R30 AI autonomous varied artwork and complete Reels,D,CREATE-02,CREATE-02-I07,initial;loading;populated;failure;permission_denied;session_expired;offline;reconnecting;validation_error;unsaved;autosaving;saved;save_failed;conflict,visuals/desktop/CREATE-02-default.svg;visuals/ios/CREATE-02-default.svg,CREATE-02-AT07,PATCH /v1/outputs/{outputId}/timeline
R30 AI autonomous varied artwork and complete Reels,D,CREATE-02,CREATE-02-I08,initial;loading;populated;failure;permission_denied;session_expired;offline;reconnecting;validation_error;unsaved;autosaving;saved;save_failed;conflict,visuals/desktop/CREATE-02-default.svg;visuals/ios/CREATE-02-default.svg,CREATE-02-AT08,PATCH /v1/outputs/{outputId}/timeline
R30 AI autonomous varied artwork and complete Reels,D,CREATE-02,CREATE-02-I09,initial;loading;populated;failure;permission_denied;session_expired;offline;reconnecting;validation_error;unsaved;autosaving;saved;save_failed;conflict,visuals/desktop/CREATE-02-default.svg;visuals/ios/CREATE-02-default.svg,CREATE-02-AT09,None on input; owning form Save contract
R30 AI autonomous varied artwork and complete Reels,D,CREATE-02,CREATE-02-I10,initial;loading;populated;failure;permission_denied;session_expired;offline;reconnecting;validation_error;unsaved;autosaving;saved;save_failed;conflict,visuals/desktop/CREATE-02-default.svg;visuals/ios/CREATE-02-default.svg,CREATE-02-AT10,None: local UI/navigation; destination resource read only
R30 AI autonomous varied artwork and complete Reels,D,CREATE-02,CREATE-02-I11,initial;loading;populated;failure;permission_denied;session_expired;offline;reconnecting;validation_error;unsaved;autosaving;saved;save_failed;conflict,visuals/desktop/CREATE-02-default.svg;visuals/ios/CREATE-02-default.svg,CREATE-02-AT11,None: local UI/navigation; destination resource read only
R30 AI autonomous varied artwork and complete Reels,D,CREATE-02,CREATE-02-AI11,initial;loading;populated;failure;permission_denied;session_expired;offline;reconnecting;validation_error;unsaved;autosaving;saved;save_failed;conflict,visuals/desktop/CREATE-02-default.svg;visuals/ios/CREATE-02-default.svg,CREATE-02-AI11-AT,GET /v1/outputs/{outputId}/creative-plan
R30 AI autonomous varied artwork and complete Reels,D,CREATE-03,CREATE-03-I01,initial;loading;populated;failure;permission_denied;session_expired;offline;reconnecting;validation_error;unsaved;autosaving;saved;save_failed;conflict,visuals/desktop/CREATE-03-default.svg;visuals/ios/CREATE-03-default.svg,CREATE-03-AT01,None: local UI/navigation; destination resource read only
R30 AI autonomous varied artwork and complete Reels,D,CREATE-03,CREATE-03-I02,initial;loading;populated;failure;permission_denied;session_expired;offline;reconnecting;validation_error;unsaved;autosaving;saved;save_failed;conflict,visuals/desktop/CREATE-03-default.svg;visuals/ios/CREATE-03-default.svg,CREATE-03-AT02,POST /v1/setups/{setupId}/generate
R30 AI autonomous varied artwork and complete Reels,D,CREATE-03,CREATE-03-I03,initial;loading;populated;failure;permission_denied;session_expired;offline;reconnecting;validation_error;unsaved;autosaving;saved;save_failed;conflict,visuals/desktop/CREATE-03-default.svg;visuals/ios/CREATE-03-default.svg,CREATE-03-AT03,POST /v1/setups
R30 AI autonomous varied artwork and complete Reels,D,CREATE-03,CREATE-03-I04,initial;loading;populated;failure;permission_denied;session_expired;offline;reconnecting;validation_error;unsaved;autosaving;saved;save_failed;conflict,visuals/desktop/CREATE-03-default.svg;visuals/ios/CREATE-03-default.svg,CREATE-03-AT04,None: local UI/navigation; destination resource read only
R30 AI autonomous varied artwork and complete Reels,E,GEN-01,GEN-01-I01,initial;loading;populated;failure;permission_denied;session_expired;offline;reconnecting;queued;running;partial_success;stalled;cancelling;cancelled;completed;retryable_failure;permanent_failure,visuals/desktop/GEN-01-default.svg;visuals/ios/GEN-01-default.svg,GEN-01-AT01,None: local UI/navigation; destination resource read only
R30 AI autonomous varied artwork and complete Reels,E,GEN-01,GEN-01-I02,initial;loading;populated;failure;permission_denied;session_expired;offline;reconnecting;queued;running;partial_success;stalled;cancelling;cancelled;completed;retryable_failure;permanent_failure,visuals/desktop/GEN-01-default.svg;visuals/ios/GEN-01-default.svg,GEN-01-AT02,None: local UI/navigation; destination resource read only
R30 AI autonomous varied artwork and complete Reels,E,GEN-01,GEN-01-I03,initial;loading;populated;failure;permission_denied;session_expired;offline;reconnecting;queued;running;partial_success;stalled;cancelling;cancelled;completed;retryable_failure;permanent_failure,visuals/desktop/GEN-01-default.svg;visuals/ios/GEN-01-default.svg,GEN-01-AT03,None: local UI/navigation; destination resource read only
R30 AI autonomous varied artwork and complete Reels,E,GEN-01,GEN-01-I04,initial;loading;populated;failure;permission_denied;session_expired;offline;reconnecting;queued;running;partial_success;stalled;cancelling;cancelled;completed;retryable_failure;permanent_failure,visuals/desktop/GEN-01-default.svg;visuals/ios/GEN-01-default.svg,GEN-01-AT04,POST /v1/jobs/{jobId}/retry
R30 AI autonomous varied artwork and complete Reels,E,GEN-01,GEN-01-I05,initial;loading;populated;failure;permission_denied;session_expired;offline;reconnecting;queued;running;partial_success;stalled;cancelling;cancelled;completed;retryable_failure;permanent_failure,visuals/desktop/GEN-01-default.svg;visuals/ios/GEN-01-default.svg,GEN-01-AT05,POST /v1/jobs/{jobId}/cancel
R30 AI autonomous varied artwork and complete Reels,E,GEN-01,GEN-01-I06,initial;loading;populated;failure;permission_denied;session_expired;offline;reconnecting;queued;running;partial_success;stalled;cancelling;cancelled;completed;retryable_failure;permanent_failure,visuals/desktop/GEN-01-default.svg;visuals/ios/GEN-01-default.svg,GEN-01-AT06,None: local UI/navigation; destination resource read only
R30 AI autonomous varied artwork and complete Reels,E,GEN-01,GEN-01-EX7,initial;loading;populated;failure;permission_denied;session_expired;offline;reconnecting;queued;running;partial_success;stalled;cancelling;cancelled;completed;retryable_failure;permanent_failure,visuals/desktop/GEN-01-default.svg;visuals/ios/GEN-01-default.svg,GEN-01-EX7-AT,POST /v1/outputs/{outputId}/different-look
R30 AI autonomous varied artwork and complete Reels,E,GEN-01,GEN-01-EX8,initial;loading;populated;failure;permission_denied;session_expired;offline;reconnecting;queued;running;partial_success;stalled;cancelling;cancelled;completed;retryable_failure;permanent_failure,visuals/desktop/GEN-01-default.svg;visuals/ios/GEN-01-default.svg,GEN-01-EX8-AT,GET /v1/outputs/{outputId}/creative-plan
R30 AI autonomous varied artwork and complete Reels,G,GEN-02,GEN-02-I01,initial;loading;populated;failure;permission_denied;session_expired;offline;reconnecting;queued;running;partial_success;stalled;cancelling;cancelled;completed;retryable_failure;permanent_failure,visuals/desktop/GEN-02-default.svg;visuals/ios/GEN-02-default.svg,GEN-02-AT01,None: local UI/navigation; destination resource read only
R30 AI autonomous varied artwork and complete Reels,G,GEN-02,GEN-02-I02,initial;loading;populated;failure;permission_denied;session_expired;offline;reconnecting;queued;running;partial_success;stalled;cancelling;cancelled;completed;retryable_failure;permanent_failure,visuals/desktop/GEN-02-default.svg;visuals/ios/GEN-02-default.svg,GEN-02-AT02,POST /v1/jobs/{jobId}/retry
R30 AI autonomous varied artwork and complete Reels,G,GEN-02,GEN-02-I03,initial;loading;populated;failure;permission_denied;session_expired;offline;reconnecting;queued;running;partial_success;stalled;cancelling;cancelled;completed;retryable_failure;permanent_failure,visuals/desktop/GEN-02-default.svg;visuals/ios/GEN-02-default.svg,GEN-02-AT03,POST /v1/jobs/{jobId}/cancel
R30 AI autonomous varied artwork and complete Reels,G,GEN-02,GEN-02-I04,initial;loading;populated;failure;permission_denied;session_expired;offline;reconnecting;queued;running;partial_success;stalled;cancelling;cancelled;completed;retryable_failure;permanent_failure,visuals/desktop/GEN-02-default.svg;visuals/ios/GEN-02-default.svg,GEN-02-AT04,None: local UI/navigation; destination resource read only
R30 AI autonomous varied artwork and complete Reels,G,GEN-02,GEN-02-I05,initial;loading;populated;failure;permission_denied;session_expired;offline;reconnecting;queued;running;partial_success;stalled;cancelling;cancelled;completed;retryable_failure;permanent_failure,visuals/desktop/GEN-02-default.svg;visuals/ios/GEN-02-default.svg,GEN-02-AT05,None: local UI/navigation; destination resource read only
R30 AI autonomous varied artwork and complete Reels,G,GEN-02,GEN-02-EX6,initial;loading;populated;failure;permission_denied;session_expired;offline;reconnecting;queued;running;partial_success;stalled;cancelling;cancelled;completed;retryable_failure;permanent_failure,visuals/desktop/GEN-02-default.svg;visuals/ios/GEN-02-default.svg,GEN-02-EX6-AT,POST /v1/outputs/{outputId}/different-look
R30 AI autonomous varied artwork and complete Reels,G,GEN-02,GEN-02-EX7,initial;loading;populated;failure;permission_denied;session_expired;offline;reconnecting;queued;running;partial_success;stalled;cancelling;cancelled;completed;retryable_failure;permanent_failure,visuals/desktop/GEN-02-default.svg;visuals/ios/GEN-02-default.svg,GEN-02-EX7-AT,GET /v1/outputs/{outputId}/creative-plan
R30 AI autonomous varied artwork and complete Reels,F,CAR-01,CAR-01-I01,initial;loading;populated;failure;permission_denied;session_expired;offline;reconnecting;validation_error;unsaved;autosaving;saved;save_failed;conflict,visuals/desktop/CAR-01-default.svg;visuals/ios/CAR-01-default.svg,CAR-01-AT01,None: local UI/navigation; destination resource read only
R30 AI autonomous varied artwork and complete Reels,F,CAR-01,CAR-01-I02,initial;loading;populated;failure;permission_denied;session_expired;offline;reconnecting;validation_error;unsaved;autosaving;saved;save_failed;conflict,visuals/desktop/CAR-01-default.svg;visuals/ios/CAR-01-default.svg,CAR-01-AT02,PATCH /v1/outputs/{outputId}/slides/{slideId}
R30 AI autonomous varied artwork and complete Reels,F,CAR-01,CAR-01-I04,initial;loading;populated;failure;permission_denied;session_expired;offline;reconnecting;validation_error;unsaved;autosaving;saved;save_failed;conflict,visuals/desktop/CAR-01-default.svg;visuals/ios/CAR-01-default.svg,CAR-01-AT04,None: local UI/navigation; destination resource read only
R30 AI autonomous varied artwork and complete Reels,F,CAR-01,CAR-01-I05,initial;loading;populated;failure;permission_denied;session_expired;offline;reconnecting;validation_error;unsaved;autosaving;saved;save_failed;conflict,visuals/desktop/CAR-01-default.svg;visuals/ios/CAR-01-default.svg,CAR-01-AT05,PUT /v1/outputs/{outputId}/slide-order
R30 AI autonomous varied artwork and complete Reels,F,CAR-01,CAR-01-I06,initial;loading;populated;failure;permission_denied;session_expired;offline;reconnecting;validation_error;unsaved;autosaving;saved;save_failed;conflict,visuals/desktop/CAR-01-default.svg;visuals/ios/CAR-01-default.svg,CAR-01-AT06,POST /v1/outputs/{outputId}/slides
R30 AI autonomous varied artwork and complete Reels,F,CAR-01,CAR-01-I07,initial;loading;populated;failure;permission_denied;session_expired;offline;reconnecting;validation_error;unsaved;autosaving;saved;save_failed;conflict,visuals/desktop/CAR-01-default.svg;visuals/ios/CAR-01-default.svg,CAR-01-AT07,DELETE /v1/outputs/{outputId}/slides/{slideId}
R30 AI autonomous varied artwork and complete Reels,F,CAR-01,CAR-01-I08,initial;loading;populated;failure;permission_denied;session_expired;offline;reconnecting;validation_error;unsaved;autosaving;saved;save_failed;conflict,visuals/desktop/CAR-01-default.svg;visuals/ios/CAR-01-default.svg,CAR-01-AT08,None: local UI/navigation; destination resource read only
R30 AI autonomous varied artwork and complete Reels,F,CAR-01,CAR-01-I09,initial;loading;populated;failure;permission_denied;session_expired;offline;reconnecting;validation_error;unsaved;autosaving;saved;save_failed;conflict,visuals/desktop/CAR-01-default.svg;visuals/ios/CAR-01-default.svg,CAR-01-AT09,None: local UI/navigation; destination resource read only
R30 AI autonomous varied artwork and complete Reels,F,CAR-01,CAR-01-I10,initial;loading;populated;failure;permission_denied;session_expired;offline;reconnecting;validation_error;unsaved;autosaving;saved;save_failed;conflict,visuals/desktop/CAR-01-default.svg;visuals/ios/CAR-01-default.svg,CAR-01-AT10,None: local UI/navigation; destination resource read only
R30 AI autonomous varied artwork and complete Reels,F,CAR-01,CAR-01-I11,initial;loading;populated;failure;permission_denied;session_expired;offline;reconnecting;validation_error;unsaved;autosaving;saved;save_failed;conflict,visuals/desktop/CAR-01-default.svg;visuals/ios/CAR-01-default.svg,CAR-01-AT11,None: local UI/navigation; destination resource read only
R30 AI autonomous varied artwork and complete Reels,F,CAR-01,CAR-01-I12,initial;loading;populated;failure;permission_denied;session_expired;offline;reconnecting;validation_error;unsaved;autosaving;saved;save_failed;conflict,visuals/desktop/CAR-01-default.svg;visuals/ios/CAR-01-default.svg,CAR-01-AT12,None: local UI/navigation; destination resource read only
R30 AI autonomous varied artwork and complete Reels,F,CAR-01,CAR-01-I13,initial;loading;populated;failure;permission_denied;session_expired;offline;reconnecting;validation_error;unsaved;autosaving;saved;save_failed;conflict,visuals/desktop/CAR-01-default.svg;visuals/ios/CAR-01-default.svg,CAR-01-AT13,POST /v1/outputs/{outputId}/submit
R30 AI autonomous varied artwork and complete Reels,F,CAR-01,CAR-01-AI13,initial;loading;populated;failure;permission_denied;session_expired;offline;reconnecting;validation_error;unsaved;autosaving;saved;save_failed;conflict,visuals/desktop/CAR-01-default.svg;visuals/ios/CAR-01-default.svg,CAR-01-AI13-AT,POST /v1/outputs/{outputId}/different-look
R30 AI autonomous varied artwork and complete Reels,F,CAR-01,CAR-01-AI14,initial;loading;populated;failure;permission_denied;session_expired;offline;reconnecting;validation_error;unsaved;autosaving;saved;save_failed;conflict,visuals/desktop/CAR-01-default.svg;visuals/ios/CAR-01-default.svg,CAR-01-AI14-AT,GET /v1/outputs/{outputId}/creative-plan
R30 AI autonomous varied artwork and complete Reels,F,CAR-03,CAR-03-I02,initial;loading;populated;failure;permission_denied;session_expired;offline;reconnecting;validation_error;unsaved;autosaving;saved;save_failed;conflict,visuals/desktop/CAR-03-default.svg;visuals/ios/CAR-03-default.svg,CAR-03-AT02,POST /v1/outputs/{outputId}/slides/{slideId}/generate
R30 AI autonomous varied artwork and complete Reels,F,CAR-03,CAR-03-I03,initial;loading;populated;failure;permission_denied;session_expired;offline;reconnecting;validation_error;unsaved;autosaving;saved;save_failed;conflict,visuals/desktop/CAR-03-default.svg;visuals/ios/CAR-03-default.svg,CAR-03-AT03,None: local UI/navigation; destination resource read only
R30 AI autonomous varied artwork and complete Reels,F,CAR-03,CAR-03-AI3,initial;loading;populated;failure;permission_denied;session_expired;offline;reconnecting;validation_error;unsaved;autosaving;saved;save_failed;conflict,visuals/desktop/CAR-03-default.svg;visuals/ios/CAR-03-default.svg,CAR-03-AI3-AT,GET /v1/outputs/{outputId}/creative-plan
R30 AI autonomous varied artwork and complete Reels,H,REEL-01,REEL-01-I01,initial;loading;populated;failure;permission_denied;session_expired;offline;reconnecting;validation_error;unsaved;autosaving;saved;save_failed;conflict,visuals/desktop/REEL-01-default.svg;visuals/ios/REEL-01-default.svg,REEL-01-AT01,None: local UI/navigation; destination resource read only
R30 AI autonomous varied artwork and complete Reels,H,REEL-01,REEL-01-I02,initial;loading;populated;failure;permission_denied;session_expired;offline;reconnecting;validation_error;unsaved;autosaving;saved;save_failed;conflict,visuals/desktop/REEL-01-default.svg;visuals/ios/REEL-01-default.svg,REEL-01-AT02,None: local UI/navigation; destination resource read only
R30 AI autonomous varied artwork and complete Reels,H,REEL-01,REEL-01-I03,initial;loading;populated;failure;permission_denied;session_expired;offline;reconnecting;validation_error;unsaved;autosaving;saved;save_failed;conflict,visuals/desktop/REEL-01-default.svg;visuals/ios/REEL-01-default.svg,REEL-01-AT03,None: local UI/navigation; destination resource read only
R30 AI autonomous varied artwork and complete Reels,H,REEL-01,REEL-01-I04,initial;loading;populated;failure;permission_denied;session_expired;offline;reconnecting;validation_error;unsaved;autosaving;saved;save_failed;conflict,visuals/desktop/REEL-01-default.svg;visuals/ios/REEL-01-default.svg,REEL-01-AT04,None: local UI/navigation; destination resource read only
R30 AI autonomous varied artwork and complete Reels,H,REEL-01,REEL-01-I05,initial;loading;populated;failure;permission_denied;session_expired;offline;reconnecting;validation_error;unsaved;autosaving;saved;save_failed;conflict,visuals/desktop/REEL-01-default.svg;visuals/ios/REEL-01-default.svg,REEL-01-AT05,None on input; owning form Save contract
R30 AI autonomous varied artwork and complete Reels,H,REEL-01,REEL-01-I06,initial;loading;populated;failure;permission_denied;session_expired;offline;reconnecting;validation_error;unsaved;autosaving;saved;save_failed;conflict,visuals/desktop/REEL-01-default.svg;visuals/ios/REEL-01-default.svg,REEL-01-AT06,None: local UI/navigation; destination resource read only
R30 AI autonomous varied artwork and complete Reels,H,REEL-01,REEL-01-I07,initial;loading;populated;failure;permission_denied;session_expired;offline;reconnecting;validation_error;unsaved;autosaving;saved;save_failed;conflict,visuals/desktop/REEL-01-default.svg;visuals/ios/REEL-01-default.svg,REEL-01-AT07,PATCH /v1/outputs/{outputId}/timeline
R30 AI autonomous varied artwork and complete Reels,H,REEL-01,REEL-01-I08,initial;loading;populated;failure;permission_denied;session_expired;offline;reconnecting;validation_error;unsaved;autosaving;saved;save_failed;conflict,visuals/desktop/REEL-01-default.svg;visuals/ios/REEL-01-default.svg,REEL-01-AT08,PATCH /v1/outputs/{outputId}/timeline
R30 AI autonomous varied artwork and complete Reels,H,REEL-01,REEL-01-I09,initial;loading;populated;failure;permission_denied;session_expired;offline;reconnecting;validation_error;unsaved;autosaving;saved;save_failed;conflict,visuals/desktop/REEL-01-default.svg;visuals/ios/REEL-01-default.svg,REEL-01-AT09,PATCH /v1/outputs/{outputId}/timeline
R30 AI autonomous varied artwork and complete Reels,H,REEL-01,REEL-01-I10,initial;loading;populated;failure;permission_denied;session_expired;offline;reconnecting;validation_error;unsaved;autosaving;saved;save_failed;conflict,visuals/desktop/REEL-01-default.svg;visuals/ios/REEL-01-default.svg,REEL-01-AT10,None: navigation; target reads GET /v1/outputs/{outputId}/timeline
R30 AI autonomous varied artwork and complete Reels,H,REEL-01,REEL-01-I11,initial;loading;populated;failure;permission_denied;session_expired;offline;reconnecting;validation_error;unsaved;autosaving;saved;save_failed;conflict,visuals/desktop/REEL-01-default.svg;visuals/ios/REEL-01-default.svg,REEL-01-AT11,None: navigation; target reads GET /v1/outputs/{outputId}/timeline
R30 AI autonomous varied artwork and complete Reels,H,REEL-01,REEL-01-I12,initial;loading;populated;failure;permission_denied;session_expired;offline;reconnecting;validation_error;unsaved;autosaving;saved;save_failed;conflict,visuals/desktop/REEL-01-default.svg;visuals/ios/REEL-01-default.svg,REEL-01-AT12,None: navigation; target reads GET /v1/outputs/{outputId}/timeline
R30 AI autonomous varied artwork and complete Reels,H,REEL-01,REEL-01-I13,initial;loading;populated;failure;permission_denied;session_expired;offline;reconnecting;validation_error;unsaved;autosaving;saved;save_failed;conflict,visuals/desktop/REEL-01-default.svg;visuals/ios/REEL-01-default.svg,REEL-01-AT13,POST /v1/outputs/{outputId}/render
R30 AI autonomous varied artwork and complete Reels,H,REEL-01,REEL-01-I14,initial;loading;populated;failure;permission_denied;session_expired;offline;reconnecting;validation_error;unsaved;autosaving;saved;save_failed;conflict,visuals/desktop/REEL-01-default.svg;visuals/ios/REEL-01-default.svg,REEL-01-AT14,None: local UI/navigation; destination resource read only
R30 AI autonomous varied artwork and complete Reels,H,REEL-01,REEL-01-I15,initial;loading;populated;failure;permission_denied;session_expired;offline;reconnecting;validation_error;unsaved;autosaving;saved;save_failed;conflict,visuals/desktop/REEL-01-default.svg;visuals/ios/REEL-01-default.svg,REEL-01-AT15,None: local UI/navigation; destination resource read only
R30 AI autonomous varied artwork and complete Reels,H,REEL-01,REEL-01-I16,initial;loading;populated;failure;permission_denied;session_expired;offline;reconnecting;validation_error;unsaved;autosaving;saved;save_failed;conflict,visuals/desktop/REEL-01-default.svg;visuals/ios/REEL-01-default.svg,REEL-01-AT16,POST /v1/outputs/{outputId}/submit
R30 AI autonomous varied artwork and complete Reels,H,REEL-01,REEL-01-AI17,initial;loading;populated;failure;permission_denied;session_expired;offline;reconnecting;validation_error;unsaved;autosaving;saved;save_failed;conflict,visuals/desktop/REEL-01-default.svg;visuals/ios/REEL-01-default.svg,REEL-01-AI17-AT,POST /v1/outputs/{outputId}/different-look
R30 AI autonomous varied artwork and complete Reels,H,REEL-01,REEL-01-AI18,initial;loading;populated;failure;permission_denied;session_expired;offline;reconnecting;validation_error;unsaved;autosaving;saved;save_failed;conflict,visuals/desktop/REEL-01-default.svg;visuals/ios/REEL-01-default.svg,REEL-01-AI18-AT,GET /v1/outputs/{outputId}/creative-plan
