Screen,State,Treatment,Allowed controls,Visual,Acceptance
AUTH-01,initial,Title/entry fields; no fake saved or approval state,Local navigation remains; mutations per server permission/state; no unknown-publish retry,Shared states/treatments.md + screen specification; not separate artboard,Per-control AUTH-01-AT* and relevant production-cases.md
AUTH-01,loading,Preserve cached content; skeleton only uncached body,Local navigation remains; mutations per server permission/state; no unknown-publish retry,Shared states/treatments.md + screen specification; not separate artboard,Per-control AUTH-01-AT* and relevant production-cases.md
AUTH-01,populated,Revision and actual data visible; role gates,Local navigation remains; mutations per server permission/state; no unknown-publish retry,Shared states/treatments.md + screen specification; not separate artboard,Per-control AUTH-01-AT* and relevant production-cases.md
AUTH-01,failure,Inline read Retry or persisted action banner; retain values,Local navigation remains; mutations per server permission/state; no unknown-publish retry,Shared states/treatments.md + screen specification; not separate artboard,Per-control AUTH-01-AT* and relevant production-cases.md
AUTH-01,permission_denied,Read-only permitted content; disabled reason; no unauthorized mutation,Local navigation remains; mutations per server permission/state; no unknown-publish retry,Shared states/treatments.md + screen specification; not separate artboard,Per-control AUTH-01-AT* and relevant production-cases.md
AUTH-01,session_expired,SYS-01; protected buffer and safe return,Local navigation remains; mutations per server permission/state; no unknown-publish retry,Shared states/treatments.md + screen specification; not separate artboard,Per-control AUTH-01-AT* and relevant production-cases.md
AUTH-01,offline,Cached timestamp; text buffers; no paid/approve/publish,Local navigation remains; mutations per server permission/state; no unknown-publish retry,Shared states/treatments.md + screen specification; not separate artboard,Per-control AUTH-01-AT* and relevant production-cases.md
AUTH-01,reconnecting,Read current revision/jobs before re-enabling mutations,Local navigation remains; mutations per server permission/state; no unknown-publish retry,Shared states/treatments.md + screen specification; not separate artboard,Per-control AUTH-01-AT* and relevant production-cases.md
AUTH-02,initial,Title/entry fields; no fake saved or approval state,Local navigation remains; mutations per server permission/state; no unknown-publish retry,Shared states/treatments.md + screen specification; not separate artboard,Per-control AUTH-02-AT* and relevant production-cases.md
AUTH-02,loading,Preserve cached content; skeleton only uncached body,Local navigation remains; mutations per server permission/state; no unknown-publish retry,Shared states/treatments.md + screen specification; not separate artboard,Per-control AUTH-02-AT* and relevant production-cases.md
AUTH-02,populated,Revision and actual data visible; role gates,Local navigation remains; mutations per server permission/state; no unknown-publish retry,Shared states/treatments.md + screen specification; not separate artboard,Per-control AUTH-02-AT* and relevant production-cases.md
AUTH-02,failure,Inline read Retry or persisted action banner; retain values,Local navigation remains; mutations per server permission/state; no unknown-publish retry,Shared states/treatments.md + screen specification; not separate artboard,Per-control AUTH-02-AT* and relevant production-cases.md
AUTH-02,permission_denied,Read-only permitted content; disabled reason; no unauthorized mutation,Local navigation remains; mutations per server permission/state; no unknown-publish retry,Shared states/treatments.md + screen specification; not separate artboard,Per-control AUTH-02-AT* and relevant production-cases.md
AUTH-02,session_expired,SYS-01; protected buffer and safe return,Local navigation remains; mutations per server permission/state; no unknown-publish retry,Shared states/treatments.md + screen specification; not separate artboard,Per-control AUTH-02-AT* and relevant production-cases.md
AUTH-02,offline,Cached timestamp; text buffers; no paid/approve/publish,Local navigation remains; mutations per server permission/state; no unknown-publish retry,Shared states/treatments.md + screen specification; not separate artboard,Per-control AUTH-02-AT* and relevant production-cases.md
AUTH-02,reconnecting,Read current revision/jobs before re-enabling mutations,Local navigation remains; mutations per server permission/state; no unknown-publish retry,Shared states/treatments.md + screen specification; not separate artboard,Per-control AUTH-02-AT* and relevant production-cases.md
ONB-01,initial,Title/entry fields; no fake saved or approval state,Local navigation remains; mutations per server permission/state; no unknown-publish retry,Shared states/treatments.md + screen specification; not separate artboard,Per-control ONB-01-AT* and relevant production-cases.md
ONB-01,loading,Preserve cached content; skeleton only uncached body,Local navigation remains; mutations per server permission/state; no unknown-publish retry,Shared states/treatments.md + screen specification; not separate artboard,Per-control ONB-01-AT* and relevant production-cases.md
ONB-01,populated,Revision and actual data visible; role gates,Local navigation remains; mutations per server permission/state; no unknown-publish retry,Shared states/treatments.md + screen specification; not separate artboard,Per-control ONB-01-AT* and relevant production-cases.md
ONB-01,failure,Inline read Retry or persisted action banner; retain values,Local navigation remains; mutations per server permission/state; no unknown-publish retry,Shared states/treatments.md + screen specification; not separate artboard,Per-control ONB-01-AT* and relevant production-cases.md
ONB-01,permission_denied,Read-only permitted content; disabled reason; no unauthorized mutation,Local navigation remains; mutations per server permission/state; no unknown-publish retry,Shared states/treatments.md + screen specification; not separate artboard,Per-control ONB-01-AT* and relevant production-cases.md
ONB-01,session_expired,SYS-01; protected buffer and safe return,Local navigation remains; mutations per server permission/state; no unknown-publish retry,Shared states/treatments.md + screen specification; not separate artboard,Per-control ONB-01-AT* and relevant production-cases.md
ONB-01,offline,Cached timestamp; text buffers; no paid/approve/publish,Local navigation remains; mutations per server permission/state; no unknown-publish retry,Shared states/treatments.md + screen specification; not separate artboard,Per-control ONB-01-AT* and relevant production-cases.md
ONB-01,reconnecting,Read current revision/jobs before re-enabling mutations,Local navigation remains; mutations per server permission/state; no unknown-publish retry,Shared states/treatments.md + screen specification; not separate artboard,Per-control ONB-01-AT* and relevant production-cases.md
ONB-01,validation_error,Field describedby; first invalid focus; values retained,Local navigation remains; mutations per server permission/state; no unknown-publish retry,Shared states/treatments.md + screen specification; not separate artboard,Per-control ONB-01-AT* and relevant production-cases.md
ONB-01,unsaved,Dirty indicator; serialized pending queue,Local navigation remains; mutations per server permission/state; no unknown-publish retry,Shared states/treatments.md + screen specification; not separate artboard,Per-control ONB-01-AT* and relevant production-cases.md
ONB-01,autosaving,Saving status; no premature Saved,Local navigation remains; mutations per server permission/state; no unknown-publish retry,Shared states/treatments.md + screen specification; not separate artboard,Per-control ONB-01-AT* and relevant production-cases.md
ONB-01,saved,ACKrevision andtimestamp,Local navigation remains; mutations per server permission/state; no unknown-publish retry,Shared states/treatments.md + screen specification; not separate artboard,Per-control ONB-01-AT* and relevant production-cases.md
ONB-01,save_failed,Retained protected buffer; Save now/Stay,Local navigation remains; mutations per server permission/state; no unknown-publish retry,Shared states/treatments.md + screen specification; not separate artboard,Per-control ONB-01-AT* and relevant production-cases.md
ONB-01,conflict,Base/mine/server diff; explicit CAS merge,Local navigation remains; mutations per server permission/state; no unknown-publish retry,Shared states/treatments.md + screen specification; not separate artboard,Per-control ONB-01-AT* and relevant production-cases.md
HOME-01,initial,Title/entry fields; no fake saved or approval state,Local navigation remains; mutations per server permission/state; no unknown-publish retry,Shared states/treatments.md + screen specification; not separate artboard,Per-control HOME-01-AT* and relevant production-cases.md
HOME-01,loading,Preserve cached content; skeleton only uncached body,Local navigation remains; mutations per server permission/state; no unknown-publish retry,Shared states/treatments.md + screen specification; not separate artboard,Per-control HOME-01-AT* and relevant production-cases.md
HOME-01,populated,Revision and actual data visible; role gates,Local navigation remains; mutations per server permission/state; no unknown-publish retry,Shared states/treatments.md + screen specification; not separate artboard,Per-control HOME-01-AT* and relevant production-cases.md
HOME-01,failure,Inline read Retry or persisted action banner; retain values,Local navigation remains; mutations per server permission/state; no unknown-publish retry,Shared states/treatments.md + screen specification; not separate artboard,Per-control HOME-01-AT* and relevant production-cases.md
HOME-01,permission_denied,Read-only permitted content; disabled reason; no unauthorized mutation,Local navigation remains; mutations per server permission/state; no unknown-publish retry,Shared states/treatments.md + screen specification; not separate artboard,Per-control HOME-01-AT* and relevant production-cases.md
HOME-01,session_expired,SYS-01; protected buffer and safe return,Local navigation remains; mutations per server permission/state; no unknown-publish retry,Shared states/treatments.md + screen specification; not separate artboard,Per-control HOME-01-AT* and relevant production-cases.md
HOME-01,offline,Cached timestamp; text buffers; no paid/approve/publish,Local navigation remains; mutations per server permission/state; no unknown-publish retry,Shared states/treatments.md + screen specification; not separate artboard,Per-control HOME-01-AT* and relevant production-cases.md
HOME-01,reconnecting,Read current revision/jobs before re-enabling mutations,Local navigation remains; mutations per server permission/state; no unknown-publish retry,Shared states/treatments.md + screen specification; not separate artboard,Per-control HOME-01-AT* and relevant production-cases.md
DISC-01,initial,Title/entry fields; no fake saved or approval state,Local navigation remains; mutations per server permission/state; no unknown-publish retry,Shared states/treatments.md + screen specification; not separate artboard,Per-control DISC-01-AT* and relevant production-cases.md
DISC-01,loading,Preserve cached content; skeleton only uncached body,Local navigation remains; mutations per server permission/state; no unknown-publish retry,visuals/desktop/DISC-01-loading.svg;visuals/ios/DISC-01-loading.svg,Per-control DISC-01-AT* and relevant production-cases.md
DISC-01,populated,Revision and actual data visible; role gates,Local navigation remains; mutations per server permission/state; no unknown-publish retry,Shared states/treatments.md + screen specification; not separate artboard,Per-control DISC-01-AT* and relevant production-cases.md
DISC-01,failure,Inline read Retry or persisted action banner; retain values,Local navigation remains; mutations per server permission/state; no unknown-publish retry,Shared states/treatments.md + screen specification; not separate artboard,Per-control DISC-01-AT* and relevant production-cases.md
DISC-01,permission_denied,Read-only permitted content; disabled reason; no unauthorized mutation,Local navigation remains; mutations per server permission/state; no unknown-publish retry,Shared states/treatments.md + screen specification; not separate artboard,Per-control DISC-01-AT* and relevant production-cases.md
DISC-01,session_expired,SYS-01; protected buffer and safe return,Local navigation remains; mutations per server permission/state; no unknown-publish retry,Shared states/treatments.md + screen specification; not separate artboard,Per-control DISC-01-AT* and relevant production-cases.md
DISC-01,offline,Cached timestamp; text buffers; no paid/approve/publish,Local navigation remains; mutations per server permission/state; no unknown-publish retry,visuals/desktop/DISC-01-offline.svg;visuals/ios/DISC-01-offline.svg,Per-control DISC-01-AT* and relevant production-cases.md
DISC-01,reconnecting,Read current revision/jobs before re-enabling mutations,Local navigation remains; mutations per server permission/state; no unknown-publish retry,Shared states/treatments.md + screen specification; not separate artboard,Per-control DISC-01-AT* and relevant production-cases.md
DISC-01,empty,Scope reason; Clear filters or create,Local navigation remains; mutations per server permission/state; no unknown-publish retry,visuals/desktop/DISC-01-empty.svg;visuals/ios/DISC-01-empty.svg,Per-control DISC-01-AT* and relevant production-cases.md
DISC-01,skeleton,Same final layout dimensions; reduced motion no shimmer,Local navigation remains; mutations per server permission/state; no unknown-publish retry,Shared states/treatments.md + screen specification; not separate artboard,Per-control DISC-01-AT* and relevant production-cases.md
QUEUE-01,initial,Title/entry fields; no fake saved or approval state,Local navigation remains; mutations per server permission/state; no unknown-publish retry,Shared states/treatments.md + screen specification; not separate artboard,Per-control QUEUE-01-AT* and relevant production-cases.md
QUEUE-01,loading,Preserve cached content; skeleton only uncached body,Local navigation remains; mutations per server permission/state; no unknown-publish retry,Shared states/treatments.md + screen specification; not separate artboard,Per-control QUEUE-01-AT* and relevant production-cases.md
QUEUE-01,populated,Revision and actual data visible; role gates,Local navigation remains; mutations per server permission/state; no unknown-publish retry,Shared states/treatments.md + screen specification; not separate artboard,Per-control QUEUE-01-AT* and relevant production-cases.md
QUEUE-01,failure,Inline read Retry or persisted action banner; retain values,Local navigation remains; mutations per server permission/state; no unknown-publish retry,Shared states/treatments.md + screen specification; not separate artboard,Per-control QUEUE-01-AT* and relevant production-cases.md
QUEUE-01,permission_denied,Read-only permitted content; disabled reason; no unauthorized mutation,Local navigation remains; mutations per server permission/state; no unknown-publish retry,Shared states/treatments.md + screen specification; not separate artboard,Per-control QUEUE-01-AT* and relevant production-cases.md
QUEUE-01,session_expired,SYS-01; protected buffer and safe return,Local navigation remains; mutations per server permission/state; no unknown-publish retry,Shared states/treatments.md + screen specification; not separate artboard,Per-control QUEUE-01-AT* and relevant production-cases.md
QUEUE-01,offline,Cached timestamp; text buffers; no paid/approve/publish,Local navigation remains; mutations per server permission/state; no unknown-publish retry,Shared states/treatments.md + screen specification; not separate artboard,Per-control QUEUE-01-AT* and relevant production-cases.md
QUEUE-01,reconnecting,Read current revision/jobs before re-enabling mutations,Local navigation remains; mutations per server permission/state; no unknown-publish retry,Shared states/treatments.md + screen specification; not separate artboard,Per-control QUEUE-01-AT* and relevant production-cases.md
QUEUE-01,empty,Scope reason; Clear filters or create,Local navigation remains; mutations per server permission/state; no unknown-publish retry,Shared states/treatments.md + screen specification; not separate artboard,Per-control QUEUE-01-AT* and relevant production-cases.md
QUEUE-01,skeleton,Same final layout dimensions; reduced motion no shimmer,Local navigation remains; mutations per server permission/state; no unknown-publish retry,Shared states/treatments.md + screen specification; not separate artboard,Per-control QUEUE-01-AT* and relevant production-cases.md
TOPIC-01,initial,Title/entry fields; no fake saved or approval state,Local navigation remains; mutations per server permission/state; no unknown-publish retry,Shared states/treatments.md + screen specification; not separate artboard,Per-control TOPIC-01-AT* and relevant production-cases.md
TOPIC-01,loading,Preserve cached content; skeleton only uncached body,Local navigation remains; mutations per server permission/state; no unknown-publish retry,Shared states/treatments.md + screen specification; not separate artboard,Per-control TOPIC-01-AT* and relevant production-cases.md
TOPIC-01,populated,Revision and actual data visible; role gates,Local navigation remains; mutations per server permission/state; no unknown-publish retry,Shared states/treatments.md + screen specification; not separate artboard,Per-control TOPIC-01-AT* and relevant production-cases.md
TOPIC-01,failure,Inline read Retry or persisted action banner; retain values,Local navigation remains; mutations per server permission/state; no unknown-publish retry,Shared states/treatments.md + screen specification; not separate artboard,Per-control TOPIC-01-AT* and relevant production-cases.md
TOPIC-01,permission_denied,Read-only permitted content; disabled reason; no unauthorized mutation,Local navigation remains; mutations per server permission/state; no unknown-publish retry,Shared states/treatments.md + screen specification; not separate artboard,Per-control TOPIC-01-AT* and relevant production-cases.md
TOPIC-01,session_expired,SYS-01; protected buffer and safe return,Local navigation remains; mutations per server permission/state; no unknown-publish retry,Shared states/treatments.md + screen specification; not separate artboard,Per-control TOPIC-01-AT* and relevant production-cases.md
TOPIC-01,offline,Cached timestamp; text buffers; no paid/approve/publish,Local navigation remains; mutations per server permission/state; no unknown-publish retry,Shared states/treatments.md + screen specification; not separate artboard,Per-control TOPIC-01-AT* and relevant production-cases.md
TOPIC-01,reconnecting,Read current revision/jobs before re-enabling mutations,Local navigation remains; mutations per server permission/state; no unknown-publish retry,Shared states/treatments.md + screen specification; not separate artboard,Per-control TOPIC-01-AT* and relevant production-cases.md
SOURCE-01,initial,Title/entry fields; no fake saved or approval state,Local navigation remains; mutations per server permission/state; no unknown-publish retry,Shared states/treatments.md + screen specification; not separate artboard,Per-control SOURCE-01-AT* and relevant production-cases.md
SOURCE-01,loading,Preserve cached content; skeleton only uncached body,Local navigation remains; mutations per server permission/state; no unknown-publish retry,Shared states/treatments.md + screen specification; not separate artboard,Per-control SOURCE-01-AT* and relevant production-cases.md
SOURCE-01,populated,Revision and actual data visible; role gates,Local navigation remains; mutations per server permission/state; no unknown-publish retry,Shared states/treatments.md + screen specification; not separate artboard,Per-control SOURCE-01-AT* and relevant production-cases.md
SOURCE-01,failure,Inline read Retry or persisted action banner; retain values,Local navigation remains; mutations per server permission/state; no unknown-publish retry,Shared states/treatments.md + screen specification; not separate artboard,Per-control SOURCE-01-AT* and relevant production-cases.md
SOURCE-01,permission_denied,Read-only permitted content; disabled reason; no unauthorized mutation,Local navigation remains; mutations per server permission/state; no unknown-publish retry,Shared states/treatments.md + screen specification; not separate artboard,Per-control SOURCE-01-AT* and relevant production-cases.md
SOURCE-01,session_expired,SYS-01; protected buffer and safe return,Local navigation remains; mutations per server permission/state; no unknown-publish retry,Shared states/treatments.md + screen specification; not separate artboard,Per-control SOURCE-01-AT* and relevant production-cases.md
SOURCE-01,offline,Cached timestamp; text buffers; no paid/approve/publish,Local navigation remains; mutations per server permission/state; no unknown-publish retry,Shared states/treatments.md + screen specification; not separate artboard,Per-control SOURCE-01-AT* and relevant production-cases.md
SOURCE-01,reconnecting,Read current revision/jobs before re-enabling mutations,Local navigation remains; mutations per server permission/state; no unknown-publish retry,Shared states/treatments.md + screen specification; not separate artboard,Per-control SOURCE-01-AT* and relevant production-cases.md
CLAIM-01,initial,Title/entry fields; no fake saved or approval state,Local navigation remains; mutations per server permission/state; no unknown-publish retry,Shared states/treatments.md + screen specification; not separate artboard,Per-control CLAIM-01-AT* and relevant production-cases.md
CLAIM-01,loading,Preserve cached content; skeleton only uncached body,Local navigation remains; mutations per server permission/state; no unknown-publish retry,Shared states/treatments.md + screen specification; not separate artboard,Per-control CLAIM-01-AT* and relevant production-cases.md
CLAIM-01,populated,Revision and actual data visible; role gates,Local navigation remains; mutations per server permission/state; no unknown-publish retry,Shared states/treatments.md + screen specification; not separate artboard,Per-control CLAIM-01-AT* and relevant production-cases.md
CLAIM-01,failure,Inline read Retry or persisted action banner; retain values,Local navigation remains; mutations per server permission/state; no unknown-publish retry,Shared states/treatments.md + screen specification; not separate artboard,Per-control CLAIM-01-AT* and relevant production-cases.md
CLAIM-01,permission_denied,Read-only permitted content; disabled reason; no unauthorized mutation,Local navigation remains; mutations per server permission/state; no unknown-publish retry,Shared states/treatments.md + screen specification; not separate artboard,Per-control CLAIM-01-AT* and relevant production-cases.md
CLAIM-01,session_expired,SYS-01; protected buffer and safe return,Local navigation remains; mutations per server permission/state; no unknown-publish retry,Shared states/treatments.md + screen specification; not separate artboard,Per-control CLAIM-01-AT* and relevant production-cases.md
CLAIM-01,offline,Cached timestamp; text buffers; no paid/approve/publish,Local navigation remains; mutations per server permission/state; no unknown-publish retry,Shared states/treatments.md + screen specification; not separate artboard,Per-control CLAIM-01-AT* and relevant production-cases.md
CLAIM-01,reconnecting,Read current revision/jobs before re-enabling mutations,Local navigation remains; mutations per server permission/state; no unknown-publish retry,Shared states/treatments.md + screen specification; not separate artboard,Per-control CLAIM-01-AT* and relevant production-cases.md
IMPORT-01,initial,Title/entry fields; no fake saved or approval state,Local navigation remains; mutations per server permission/state; no unknown-publish retry,Shared states/treatments.md + screen specification; not separate artboard,Per-control IMPORT-01-AT* and relevant production-cases.md
IMPORT-01,loading,Preserve cached content; skeleton only uncached body,Local navigation remains; mutations per server permission/state; no unknown-publish retry,Shared states/treatments.md + screen specification; not separate artboard,Per-control IMPORT-01-AT* and relevant production-cases.md
IMPORT-01,populated,Revision and actual data visible; role gates,Local navigation remains; mutations per server permission/state; no unknown-publish retry,Shared states/treatments.md + screen specification; not separate artboard,Per-control IMPORT-01-AT* and relevant production-cases.md
IMPORT-01,failure,Inline read Retry or persisted action banner; retain values,Local navigation remains; mutations per server permission/state; no unknown-publish retry,Shared states/treatments.md + screen specification; not separate artboard,Per-control IMPORT-01-AT* and relevant production-cases.md
IMPORT-01,permission_denied,Read-only permitted content; disabled reason; no unauthorized mutation,Local navigation remains; mutations per server permission/state; no unknown-publish retry,Shared states/treatments.md + screen specification; not separate artboard,Per-control IMPORT-01-AT* and relevant production-cases.md
IMPORT-01,session_expired,SYS-01; protected buffer and safe return,Local navigation remains; mutations per server permission/state; no unknown-publish retry,Shared states/treatments.md + screen specification; not separate artboard,Per-control IMPORT-01-AT* and relevant production-cases.md
IMPORT-01,offline,Cached timestamp; text buffers; no paid/approve/publish,Local navigation remains; mutations per server permission/state; no unknown-publish retry,Shared states/treatments.md + screen specification; not separate artboard,Per-control IMPORT-01-AT* and relevant production-cases.md
IMPORT-01,reconnecting,Read current revision/jobs before re-enabling mutations,Local navigation remains; mutations per server permission/state; no unknown-publish retry,Shared states/treatments.md + screen specification; not separate artboard,Per-control IMPORT-01-AT* and relevant production-cases.md
IMPORT-01,validation_error,Field describedby; first invalid focus; values retained,Local navigation remains; mutations per server permission/state; no unknown-publish retry,Shared states/treatments.md + screen specification; not separate artboard,Per-control IMPORT-01-AT* and relevant production-cases.md
IMPORT-01,unsaved,Dirty indicator; serialized pending queue,Local navigation remains; mutations per server permission/state; no unknown-publish retry,Shared states/treatments.md + screen specification; not separate artboard,Per-control IMPORT-01-AT* and relevant production-cases.md
IMPORT-01,autosaving,Saving status; no premature Saved,Local navigation remains; mutations per server permission/state; no unknown-publish retry,Shared states/treatments.md + screen specification; not separate artboard,Per-control IMPORT-01-AT* and relevant production-cases.md
IMPORT-01,saved,ACKrevision andtimestamp,Local navigation remains; mutations per server permission/state; no unknown-publish retry,Shared states/treatments.md + screen specification; not separate artboard,Per-control IMPORT-01-AT* and relevant production-cases.md
IMPORT-01,save_failed,Retained protected buffer; Save now/Stay,Local navigation remains; mutations per server permission/state; no unknown-publish retry,Shared states/treatments.md + screen specification; not separate artboard,Per-control IMPORT-01-AT* and relevant production-cases.md
IMPORT-01,conflict,Base/mine/server diff; explicit CAS merge,Local navigation remains; mutations per server permission/state; no unknown-publish retry,Shared states/treatments.md + screen specification; not separate artboard,Per-control IMPORT-01-AT* and relevant production-cases.md
CREATE-01,initial,Title/entry fields; no fake saved or approval state,Local navigation remains; mutations per server permission/state; no unknown-publish retry,Shared states/treatments.md + screen specification; not separate artboard,Per-control CREATE-01-AT* and relevant production-cases.md
CREATE-01,loading,Preserve cached content; skeleton only uncached body,Local navigation remains; mutations per server permission/state; no unknown-publish retry,Shared states/treatments.md + screen specification; not separate artboard,Per-control CREATE-01-AT* and relevant production-cases.md
CREATE-01,populated,Revision and actual data visible; role gates,Local navigation remains; mutations per server permission/state; no unknown-publish retry,Shared states/treatments.md + screen specification; not separate artboard,Per-control CREATE-01-AT* and relevant production-cases.md
CREATE-01,failure,Inline read Retry or persisted action banner; retain values,Local navigation remains; mutations per server permission/state; no unknown-publish retry,Shared states/treatments.md + screen specification; not separate artboard,Per-control CREATE-01-AT* and relevant production-cases.md
CREATE-01,permission_denied,Read-only permitted content; disabled reason; no unauthorized mutation,Local navigation remains; mutations per server permission/state; no unknown-publish retry,Shared states/treatments.md + screen specification; not separate artboard,Per-control CREATE-01-AT* and relevant production-cases.md
CREATE-01,session_expired,SYS-01; protected buffer and safe return,Local navigation remains; mutations per server permission/state; no unknown-publish retry,Shared states/treatments.md + screen specification; not separate artboard,Per-control CREATE-01-AT* and relevant production-cases.md
CREATE-01,offline,Cached timestamp; text buffers; no paid/approve/publish,Local navigation remains; mutations per server permission/state; no unknown-publish retry,Shared states/treatments.md + screen specification; not separate artboard,Per-control CREATE-01-AT* and relevant production-cases.md
CREATE-01,reconnecting,Read current revision/jobs before re-enabling mutations,Local navigation remains; mutations per server permission/state; no unknown-publish retry,Shared states/treatments.md + screen specification; not separate artboard,Per-control CREATE-01-AT* and relevant production-cases.md
CREATE-01,validation_error,Field describedby; first invalid focus; values retained,Local navigation remains; mutations per server permission/state; no unknown-publish retry,Shared states/treatments.md + screen specification; not separate artboard,Per-control CREATE-01-AT* and relevant production-cases.md
CREATE-01,unsaved,Dirty indicator; serialized pending queue,Local navigation remains; mutations per server permission/state; no unknown-publish retry,Shared states/treatments.md + screen specification; not separate artboard,Per-control CREATE-01-AT* and relevant production-cases.md
CREATE-01,autosaving,Saving status; no premature Saved,Local navigation remains; mutations per server permission/state; no unknown-publish retry,Shared states/treatments.md + screen specification; not separate artboard,Per-control CREATE-01-AT* and relevant production-cases.md
CREATE-01,saved,ACKrevision andtimestamp,Local navigation remains; mutations per server permission/state; no unknown-publish retry,Shared states/treatments.md + screen specification; not separate artboard,Per-control CREATE-01-AT* and relevant production-cases.md
CREATE-01,save_failed,Retained protected buffer; Save now/Stay,Local navigation remains; mutations per server permission/state; no unknown-publish retry,Shared states/treatments.md + screen specification; not separate artboard,Per-control CREATE-01-AT* and relevant production-cases.md
CREATE-01,conflict,Base/mine/server diff; explicit CAS merge,Local navigation remains; mutations per server permission/state; no unknown-publish retry,Shared states/treatments.md + screen specification; not separate artboard,Per-control CREATE-01-AT* and relevant production-cases.md
CREATE-02,initial,Title/entry fields; no fake saved or approval state,Local navigation remains; mutations per server permission/state; no unknown-publish retry,Shared states/treatments.md + screen specification; not separate artboard,Per-control CREATE-02-AT* and relevant production-cases.md
CREATE-02,loading,Preserve cached content; skeleton only uncached body,Local navigation remains; mutations per server permission/state; no unknown-publish retry,Shared states/treatments.md + screen specification; not separate artboard,Per-control CREATE-02-AT* and relevant production-cases.md
CREATE-02,populated,Revision and actual data visible; role gates,Local navigation remains; mutations per server permission/state; no unknown-publish retry,Shared states/treatments.md + screen specification; not separate artboard,Per-control CREATE-02-AT* and relevant production-cases.md
CREATE-02,failure,Inline read Retry or persisted action banner; retain values,Local navigation remains; mutations per server permission/state; no unknown-publish retry,Shared states/treatments.md + screen specification; not separate artboard,Per-control CREATE-02-AT* and relevant production-cases.md
CREATE-02,permission_denied,Read-only permitted content; disabled reason; no unauthorized mutation,Local navigation remains; mutations per server permission/state; no unknown-publish retry,Shared states/treatments.md + screen specification; not separate artboard,Per-control CREATE-02-AT* and relevant production-cases.md
CREATE-02,session_expired,SYS-01; protected buffer and safe return,Local navigation remains; mutations per server permission/state; no unknown-publish retry,Shared states/treatments.md + screen specification; not separate artboard,Per-control CREATE-02-AT* and relevant production-cases.md
CREATE-02,offline,Cached timestamp; text buffers; no paid/approve/publish,Local navigation remains; mutations per server permission/state; no unknown-publish retry,Shared states/treatments.md + screen specification; not separate artboard,Per-control CREATE-02-AT* and relevant production-cases.md
CREATE-02,reconnecting,Read current revision/jobs before re-enabling mutations,Local navigation remains; mutations per server permission/state; no unknown-publish retry,Shared states/treatments.md + screen specification; not separate artboard,Per-control CREATE-02-AT* and relevant production-cases.md
CREATE-02,validation_error,Field describedby; first invalid focus; values retained,Local navigation remains; mutations per server permission/state; no unknown-publish retry,Shared states/treatments.md + screen specification; not separate artboard,Per-control CREATE-02-AT* and relevant production-cases.md
CREATE-02,unsaved,Dirty indicator; serialized pending queue,Local navigation remains; mutations per server permission/state; no unknown-publish retry,Shared states/treatments.md + screen specification; not separate artboard,Per-control CREATE-02-AT* and relevant production-cases.md
CREATE-02,autosaving,Saving status; no premature Saved,Local navigation remains; mutations per server permission/state; no unknown-publish retry,Shared states/treatments.md + screen specification; not separate artboard,Per-control CREATE-02-AT* and relevant production-cases.md
CREATE-02,saved,ACKrevision andtimestamp,Local navigation remains; mutations per server permission/state; no unknown-publish retry,Shared states/treatments.md + screen specification; not separate artboard,Per-control CREATE-02-AT* and relevant production-cases.md
CREATE-02,save_failed,Retained protected buffer; Save now/Stay,Local navigation remains; mutations per server permission/state; no unknown-publish retry,Shared states/treatments.md + screen specification; not separate artboard,Per-control CREATE-02-AT* and relevant production-cases.md
CREATE-02,conflict,Base/mine/server diff; explicit CAS merge,Local navigation remains; mutations per server permission/state; no unknown-publish retry,Shared states/treatments.md + screen specification; not separate artboard,Per-control CREATE-02-AT* and relevant production-cases.md
CREATE-03,initial,Title/entry fields; no fake saved or approval state,Local navigation remains; mutations per server permission/state; no unknown-publish retry,Shared states/treatments.md + screen specification; not separate artboard,Per-control CREATE-03-AT* and relevant production-cases.md
CREATE-03,loading,Preserve cached content; skeleton only uncached body,Local navigation remains; mutations per server permission/state; no unknown-publish retry,Shared states/treatments.md + screen specification; not separate artboard,Per-control CREATE-03-AT* and relevant production-cases.md
CREATE-03,populated,Revision and actual data visible; role gates,Local navigation remains; mutations per server permission/state; no unknown-publish retry,Shared states/treatments.md + screen specification; not separate artboard,Per-control CREATE-03-AT* and relevant production-cases.md
CREATE-03,failure,Inline read Retry or persisted action banner; retain values,Local navigation remains; mutations per server permission/state; no unknown-publish retry,Shared states/treatments.md + screen specification; not separate artboard,Per-control CREATE-03-AT* and relevant production-cases.md
CREATE-03,permission_denied,Read-only permitted content; disabled reason; no unauthorized mutation,Local navigation remains; mutations per server permission/state; no unknown-publish retry,Shared states/treatments.md + screen specification; not separate artboard,Per-control CREATE-03-AT* and relevant production-cases.md
CREATE-03,session_expired,SYS-01; protected buffer and safe return,Local navigation remains; mutations per server permission/state; no unknown-publish retry,Shared states/treatments.md + screen specification; not separate artboard,Per-control CREATE-03-AT* and relevant production-cases.md
CREATE-03,offline,Cached timestamp; text buffers; no paid/approve/publish,Local navigation remains; mutations per server permission/state; no unknown-publish retry,Shared states/treatments.md + screen specification; not separate artboard,Per-control CREATE-03-AT* and relevant production-cases.md
CREATE-03,reconnecting,Read current revision/jobs before re-enabling mutations,Local navigation remains; mutations per server permission/state; no unknown-publish retry,Shared states/treatments.md + screen specification; not separate artboard,Per-control CREATE-03-AT* and relevant production-cases.md
CREATE-03,validation_error,Field describedby; first invalid focus; values retained,Local navigation remains; mutations per server permission/state; no unknown-publish retry,Shared states/treatments.md + screen specification; not separate artboard,Per-control CREATE-03-AT* and relevant production-cases.md
CREATE-03,unsaved,Dirty indicator; serialized pending queue,Local navigation remains; mutations per server permission/state; no unknown-publish retry,Shared states/treatments.md + screen specification; not separate artboard,Per-control CREATE-03-AT* and relevant production-cases.md
CREATE-03,autosaving,Saving status; no premature Saved,Local navigation remains; mutations per server permission/state; no unknown-publish retry,Shared states/treatments.md + screen specification; not separate artboard,Per-control CREATE-03-AT* and relevant production-cases.md
CREATE-03,saved,ACKrevision andtimestamp,Local navigation remains; mutations per server permission/state; no unknown-publish retry,Shared states/treatments.md + screen specification; not separate artboard,Per-control CREATE-03-AT* and relevant production-cases.md
CREATE-03,save_failed,Retained protected buffer; Save now/Stay,Local navigation remains; mutations per server permission/state; no unknown-publish retry,Shared states/treatments.md + screen specification; not separate artboard,Per-control CREATE-03-AT* and relevant production-cases.md
CREATE-03,conflict,Base/mine/server diff; explicit CAS merge,Local navigation remains; mutations per server permission/state; no unknown-publish retry,Shared states/treatments.md + screen specification; not separate artboard,Per-control CREATE-03-AT* and relevant production-cases.md
GEN-01,initial,Title/entry fields; no fake saved or approval state,Local navigation remains; mutations per server permission/state; no unknown-publish retry,Shared states/treatments.md + screen specification; not separate artboard,Per-control GEN-01-AT* and relevant production-cases.md
GEN-01,loading,Preserve cached content; skeleton only uncached body,Local navigation remains; mutations per server permission/state; no unknown-publish retry,Shared states/treatments.md + screen specification; not separate artboard,Per-control GEN-01-AT* and relevant production-cases.md
GEN-01,populated,Revision and actual data visible; role gates,Local navigation remains; mutations per server permission/state; no unknown-publish retry,Shared states/treatments.md + screen specification; not separate artboard,Per-control GEN-01-AT* and relevant production-cases.md
GEN-01,failure,Inline read Retry or persisted action banner; retain values,Local navigation remains; mutations per server permission/state; no unknown-publish retry,Shared states/treatments.md + screen specification; not separate artboard,Per-control GEN-01-AT* and relevant production-cases.md
GEN-01,permission_denied,Read-only permitted content; disabled reason; no unauthorized mutation,Local navigation remains; mutations per server permission/state; no unknown-publish retry,Shared states/treatments.md + screen specification; not separate artboard,Per-control GEN-01-AT* and relevant production-cases.md
GEN-01,session_expired,SYS-01; protected buffer and safe return,Local navigation remains; mutations per server permission/state; no unknown-publish retry,Shared states/treatments.md + screen specification; not separate artboard,Per-control GEN-01-AT* and relevant production-cases.md
GEN-01,offline,Cached timestamp; text buffers; no paid/approve/publish,Local navigation remains; mutations per server permission/state; no unknown-publish retry,Shared states/treatments.md + screen specification; not separate artboard,Per-control GEN-01-AT* and relevant production-cases.md
GEN-01,reconnecting,Read current revision/jobs before re-enabling mutations,Local navigation remains; mutations per server permission/state; no unknown-publish retry,Shared states/treatments.md + screen specification; not separate artboard,Per-control GEN-01-AT* and relevant production-cases.md
GEN-01,queued,"Queue stage,background link,cancel if server allows",Local navigation remains; mutations per server permission/state; no unknown-publish retry,Shared states/treatments.md + screen specification; not separate artboard,Per-control GEN-01-AT* and relevant production-cases.md
GEN-01,running,"Actual units,heartbeat,stage; no global block",Local navigation remains; mutations per server permission/state; no unknown-publish retry,Shared states/treatments.md + screen specification; not separate artboard,Per-control GEN-01-AT* and relevant production-cases.md
GEN-01,partial_success,Successful unit links and scoped failed retries,Local navigation remains; mutations per server permission/state; no unknown-publish retry,Shared states/treatments.md + screen specification; not separate artboard,Per-control GEN-01-AT* and relevant production-cases.md
GEN-01,stalled,"Server heartbeat/leaseflag; diagnostics,not browser timeout",Local navigation remains; mutations per server permission/state; no unknown-publish retry,Shared states/treatments.md + screen specification; not separate artboard,Per-control GEN-01-AT* and relevant production-cases.md
GEN-01,cancelling,"Stop requested,checkpoint pending; retained units",Local navigation remains; mutations per server permission/state; no unknown-publish retry,Shared states/treatments.md + screen specification; not separate artboard,Per-control GEN-01-AT* and relevant production-cases.md
GEN-01,cancelled,Retained completed units; new intent to resume,Local navigation remains; mutations per server permission/state; no unknown-publish retry,Shared states/treatments.md + screen specification; not separate artboard,Per-control GEN-01-AT* and relevant production-cases.md
GEN-01,completed,Final actual asset validation and stage; related entity link,Local navigation remains; mutations per server permission/state; no unknown-publish retry,Shared states/treatments.md + screen specification; not separate artboard,Per-control GEN-01-AT* and relevant production-cases.md
GEN-01,retryable_failure,Reason andcorrected-config Retry if canRetry,Local navigation remains; mutations per server permission/state; no unknown-publish retry,Shared states/treatments.md + screen specification; not separate artboard,Per-control GEN-01-AT* and relevant production-cases.md
GEN-01,permanent_failure,Retained drafts/units; export andmanualcorrection,Local navigation remains; mutations per server permission/state; no unknown-publish retry,Shared states/treatments.md + screen specification; not separate artboard,Per-control GEN-01-AT* and relevant production-cases.md
CAR-01,initial,Title/entry fields; no fake saved or approval state,Local navigation remains; mutations per server permission/state; no unknown-publish retry,Shared states/treatments.md + screen specification; not separate artboard,Per-control CAR-01-AT* and relevant production-cases.md
CAR-01,loading,Preserve cached content; skeleton only uncached body,Local navigation remains; mutations per server permission/state; no unknown-publish retry,Shared states/treatments.md + screen specification; not separate artboard,Per-control CAR-01-AT* and relevant production-cases.md
CAR-01,populated,Revision and actual data visible; role gates,Local navigation remains; mutations per server permission/state; no unknown-publish retry,Shared states/treatments.md + screen specification; not separate artboard,Per-control CAR-01-AT* and relevant production-cases.md
CAR-01,failure,Inline read Retry or persisted action banner; retain values,Local navigation remains; mutations per server permission/state; no unknown-publish retry,Shared states/treatments.md + screen specification; not separate artboard,Per-control CAR-01-AT* and relevant production-cases.md
CAR-01,permission_denied,Read-only permitted content; disabled reason; no unauthorized mutation,Local navigation remains; mutations per server permission/state; no unknown-publish retry,Shared states/treatments.md + screen specification; not separate artboard,Per-control CAR-01-AT* and relevant production-cases.md
CAR-01,session_expired,SYS-01; protected buffer and safe return,Local navigation remains; mutations per server permission/state; no unknown-publish retry,Shared states/treatments.md + screen specification; not separate artboard,Per-control CAR-01-AT* and relevant production-cases.md
CAR-01,offline,Cached timestamp; text buffers; no paid/approve/publish,Local navigation remains; mutations per server permission/state; no unknown-publish retry,Shared states/treatments.md + screen specification; not separate artboard,Per-control CAR-01-AT* and relevant production-cases.md
CAR-01,reconnecting,Read current revision/jobs before re-enabling mutations,Local navigation remains; mutations per server permission/state; no unknown-publish retry,Shared states/treatments.md + screen specification; not separate artboard,Per-control CAR-01-AT* and relevant production-cases.md
CAR-01,validation_error,Field describedby; first invalid focus; values retained,Local navigation remains; mutations per server permission/state; no unknown-publish retry,Shared states/treatments.md + screen specification; not separate artboard,Per-control CAR-01-AT* and relevant production-cases.md
CAR-01,unsaved,Dirty indicator; serialized pending queue,Local navigation remains; mutations per server permission/state; no unknown-publish retry,Shared states/treatments.md + screen specification; not separate artboard,Per-control CAR-01-AT* and relevant production-cases.md
CAR-01,autosaving,Saving status; no premature Saved,Local navigation remains; mutations per server permission/state; no unknown-publish retry,Shared states/treatments.md + screen specification; not separate artboard,Per-control CAR-01-AT* and relevant production-cases.md
CAR-01,saved,ACKrevision andtimestamp,Local navigation remains; mutations per server permission/state; no unknown-publish retry,Shared states/treatments.md + screen specification; not separate artboard,Per-control CAR-01-AT* and relevant production-cases.md
CAR-01,save_failed,Retained protected buffer; Save now/Stay,Local navigation remains; mutations per server permission/state; no unknown-publish retry,visuals/desktop/CAR-01-save-failed.svg;visuals/ios/CAR-01-save-failed.svg,Per-control CAR-01-AT* and relevant production-cases.md
CAR-01,conflict,Base/mine/server diff; explicit CAS merge,Local navigation remains; mutations per server permission/state; no unknown-publish retry,visuals/desktop/CAR-01-conflict.svg;visuals/ios/CAR-01-conflict.svg,Per-control CAR-01-AT* and relevant production-cases.md
CAR-02,initial,Title/entry fields; no fake saved or approval state,Local navigation remains; mutations per server permission/state; no unknown-publish retry,Shared states/treatments.md + screen specification; not separate artboard,Per-control CAR-02-AT* and relevant production-cases.md
CAR-02,loading,Preserve cached content; skeleton only uncached body,Local navigation remains; mutations per server permission/state; no unknown-publish retry,Shared states/treatments.md + screen specification; not separate artboard,Per-control CAR-02-AT* and relevant production-cases.md
CAR-02,populated,Revision and actual data visible; role gates,Local navigation remains; mutations per server permission/state; no unknown-publish retry,Shared states/treatments.md + screen specification; not separate artboard,Per-control CAR-02-AT* and relevant production-cases.md
CAR-02,failure,Inline read Retry or persisted action banner; retain values,Local navigation remains; mutations per server permission/state; no unknown-publish retry,Shared states/treatments.md + screen specification; not separate artboard,Per-control CAR-02-AT* and relevant production-cases.md
CAR-02,permission_denied,Read-only permitted content; disabled reason; no unauthorized mutation,Local navigation remains; mutations per server permission/state; no unknown-publish retry,Shared states/treatments.md + screen specification; not separate artboard,Per-control CAR-02-AT* and relevant production-cases.md
CAR-02,session_expired,SYS-01; protected buffer and safe return,Local navigation remains; mutations per server permission/state; no unknown-publish retry,Shared states/treatments.md + screen specification; not separate artboard,Per-control CAR-02-AT* and relevant production-cases.md
CAR-02,offline,Cached timestamp; text buffers; no paid/approve/publish,Local navigation remains; mutations per server permission/state; no unknown-publish retry,Shared states/treatments.md + screen specification; not separate artboard,Per-control CAR-02-AT* and relevant production-cases.md
CAR-02,reconnecting,Read current revision/jobs before re-enabling mutations,Local navigation remains; mutations per server permission/state; no unknown-publish retry,Shared states/treatments.md + screen specification; not separate artboard,Per-control CAR-02-AT* and relevant production-cases.md
CAR-02,validation_error,Field describedby; first invalid focus; values retained,Local navigation remains; mutations per server permission/state; no unknown-publish retry,Shared states/treatments.md + screen specification; not separate artboard,Per-control CAR-02-AT* and relevant production-cases.md
CAR-02,unsaved,Dirty indicator; serialized pending queue,Local navigation remains; mutations per server permission/state; no unknown-publish retry,Shared states/treatments.md + screen specification; not separate artboard,Per-control CAR-02-AT* and relevant production-cases.md
CAR-02,autosaving,Saving status; no premature Saved,Local navigation remains; mutations per server permission/state; no unknown-publish retry,Shared states/treatments.md + screen specification; not separate artboard,Per-control CAR-02-AT* and relevant production-cases.md
CAR-02,saved,ACKrevision andtimestamp,Local navigation remains; mutations per server permission/state; no unknown-publish retry,Shared states/treatments.md + screen specification; not separate artboard,Per-control CAR-02-AT* and relevant production-cases.md
CAR-02,save_failed,Retained protected buffer; Save now/Stay,Local navigation remains; mutations per server permission/state; no unknown-publish retry,Shared states/treatments.md + screen specification; not separate artboard,Per-control CAR-02-AT* and relevant production-cases.md
CAR-02,conflict,Base/mine/server diff; explicit CAS merge,Local navigation remains; mutations per server permission/state; no unknown-publish retry,Shared states/treatments.md + screen specification; not separate artboard,Per-control CAR-02-AT* and relevant production-cases.md
CAR-03,initial,Title/entry fields; no fake saved or approval state,Local navigation remains; mutations per server permission/state; no unknown-publish retry,Shared states/treatments.md + screen specification; not separate artboard,Per-control CAR-03-AT* and relevant production-cases.md
CAR-03,loading,Preserve cached content; skeleton only uncached body,Local navigation remains; mutations per server permission/state; no unknown-publish retry,Shared states/treatments.md + screen specification; not separate artboard,Per-control CAR-03-AT* and relevant production-cases.md
CAR-03,populated,Revision and actual data visible; role gates,Local navigation remains; mutations per server permission/state; no unknown-publish retry,Shared states/treatments.md + screen specification; not separate artboard,Per-control CAR-03-AT* and relevant production-cases.md
CAR-03,failure,Inline read Retry or persisted action banner; retain values,Local navigation remains; mutations per server permission/state; no unknown-publish retry,Shared states/treatments.md + screen specification; not separate artboard,Per-control CAR-03-AT* and relevant production-cases.md
CAR-03,permission_denied,Read-only permitted content; disabled reason; no unauthorized mutation,Local navigation remains; mutations per server permission/state; no unknown-publish retry,Shared states/treatments.md + screen specification; not separate artboard,Per-control CAR-03-AT* and relevant production-cases.md
CAR-03,session_expired,SYS-01; protected buffer and safe return,Local navigation remains; mutations per server permission/state; no unknown-publish retry,Shared states/treatments.md + screen specification; not separate artboard,Per-control CAR-03-AT* and relevant production-cases.md
CAR-03,offline,Cached timestamp; text buffers; no paid/approve/publish,Local navigation remains; mutations per server permission/state; no unknown-publish retry,Shared states/treatments.md + screen specification; not separate artboard,Per-control CAR-03-AT* and relevant production-cases.md
CAR-03,reconnecting,Read current revision/jobs before re-enabling mutations,Local navigation remains; mutations per server permission/state; no unknown-publish retry,Shared states/treatments.md + screen specification; not separate artboard,Per-control CAR-03-AT* and relevant production-cases.md
CAR-03,validation_error,Field describedby; first invalid focus; values retained,Local navigation remains; mutations per server permission/state; no unknown-publish retry,Shared states/treatments.md + screen specification; not separate artboard,Per-control CAR-03-AT* and relevant production-cases.md
CAR-03,unsaved,Dirty indicator; serialized pending queue,Local navigation remains; mutations per server permission/state; no unknown-publish retry,Shared states/treatments.md + screen specification; not separate artboard,Per-control CAR-03-AT* and relevant production-cases.md
CAR-03,autosaving,Saving status; no premature Saved,Local navigation remains; mutations per server permission/state; no unknown-publish retry,Shared states/treatments.md + screen specification; not separate artboard,Per-control CAR-03-AT* and relevant production-cases.md
CAR-03,saved,ACKrevision andtimestamp,Local navigation remains; mutations per server permission/state; no unknown-publish retry,Shared states/treatments.md + screen specification; not separate artboard,Per-control CAR-03-AT* and relevant production-cases.md
CAR-03,save_failed,Retained protected buffer; Save now/Stay,Local navigation remains; mutations per server permission/state; no unknown-publish retry,Shared states/treatments.md + screen specification; not separate artboard,Per-control CAR-03-AT* and relevant production-cases.md
CAR-03,conflict,Base/mine/server diff; explicit CAS merge,Local navigation remains; mutations per server permission/state; no unknown-publish retry,Shared states/treatments.md + screen specification; not separate artboard,Per-control CAR-03-AT* and relevant production-cases.md
VER-01,initial,Title/entry fields; no fake saved or approval state,Local navigation remains; mutations per server permission/state; no unknown-publish retry,Shared states/treatments.md + screen specification; not separate artboard,Per-control VER-01-AT* and relevant production-cases.md
VER-01,loading,Preserve cached content; skeleton only uncached body,Local navigation remains; mutations per server permission/state; no unknown-publish retry,Shared states/treatments.md + screen specification; not separate artboard,Per-control VER-01-AT* and relevant production-cases.md
VER-01,populated,Revision and actual data visible; role gates,Local navigation remains; mutations per server permission/state; no unknown-publish retry,Shared states/treatments.md + screen specification; not separate artboard,Per-control VER-01-AT* and relevant production-cases.md
VER-01,failure,Inline read Retry or persisted action banner; retain values,Local navigation remains; mutations per server permission/state; no unknown-publish retry,Shared states/treatments.md + screen specification; not separate artboard,Per-control VER-01-AT* and relevant production-cases.md
VER-01,permission_denied,Read-only permitted content; disabled reason; no unauthorized mutation,Local navigation remains; mutations per server permission/state; no unknown-publish retry,Shared states/treatments.md + screen specification; not separate artboard,Per-control VER-01-AT* and relevant production-cases.md
VER-01,session_expired,SYS-01; protected buffer and safe return,Local navigation remains; mutations per server permission/state; no unknown-publish retry,Shared states/treatments.md + screen specification; not separate artboard,Per-control VER-01-AT* and relevant production-cases.md
VER-01,offline,Cached timestamp; text buffers; no paid/approve/publish,Local navigation remains; mutations per server permission/state; no unknown-publish retry,Shared states/treatments.md + screen specification; not separate artboard,Per-control VER-01-AT* and relevant production-cases.md
VER-01,reconnecting,Read current revision/jobs before re-enabling mutations,Local navigation remains; mutations per server permission/state; no unknown-publish retry,Shared states/treatments.md + screen specification; not separate artboard,Per-control VER-01-AT* and relevant production-cases.md
REEL-01,initial,Title/entry fields; no fake saved or approval state,Local navigation remains; mutations per server permission/state; no unknown-publish retry,Shared states/treatments.md + screen specification; not separate artboard,Per-control REEL-01-AT* and relevant production-cases.md
REEL-01,loading,Preserve cached content; skeleton only uncached body,Local navigation remains; mutations per server permission/state; no unknown-publish retry,Shared states/treatments.md + screen specification; not separate artboard,Per-control REEL-01-AT* and relevant production-cases.md
REEL-01,populated,Revision and actual data visible; role gates,Local navigation remains; mutations per server permission/state; no unknown-publish retry,Shared states/treatments.md + screen specification; not separate artboard,Per-control REEL-01-AT* and relevant production-cases.md
REEL-01,failure,Inline read Retry or persisted action banner; retain values,Local navigation remains; mutations per server permission/state; no unknown-publish retry,Shared states/treatments.md + screen specification; not separate artboard,Per-control REEL-01-AT* and relevant production-cases.md
REEL-01,permission_denied,Read-only permitted content; disabled reason; no unauthorized mutation,Local navigation remains; mutations per server permission/state; no unknown-publish retry,Shared states/treatments.md + screen specification; not separate artboard,Per-control REEL-01-AT* and relevant production-cases.md
REEL-01,session_expired,SYS-01; protected buffer and safe return,Local navigation remains; mutations per server permission/state; no unknown-publish retry,Shared states/treatments.md + screen specification; not separate artboard,Per-control REEL-01-AT* and relevant production-cases.md
REEL-01,offline,Cached timestamp; text buffers; no paid/approve/publish,Local navigation remains; mutations per server permission/state; no unknown-publish retry,Shared states/treatments.md + screen specification; not separate artboard,Per-control REEL-01-AT* and relevant production-cases.md
REEL-01,reconnecting,Read current revision/jobs before re-enabling mutations,Local navigation remains; mutations per server permission/state; no unknown-publish retry,Shared states/treatments.md + screen specification; not separate artboard,Per-control REEL-01-AT* and relevant production-cases.md
REEL-01,validation_error,Field describedby; first invalid focus; values retained,Local navigation remains; mutations per server permission/state; no unknown-publish retry,Shared states/treatments.md + screen specification; not separate artboard,Per-control REEL-01-AT* and relevant production-cases.md
REEL-01,unsaved,Dirty indicator; serialized pending queue,Local navigation remains; mutations per server permission/state; no unknown-publish retry,Shared states/treatments.md + screen specification; not separate artboard,Per-control REEL-01-AT* and relevant production-cases.md
REEL-01,autosaving,Saving status; no premature Saved,Local navigation remains; mutations per server permission/state; no unknown-publish retry,Shared states/treatments.md + screen specification; not separate artboard,Per-control REEL-01-AT* and relevant production-cases.md
REEL-01,saved,ACKrevision andtimestamp,Local navigation remains; mutations per server permission/state; no unknown-publish retry,Shared states/treatments.md + screen specification; not separate artboard,Per-control REEL-01-AT* and relevant production-cases.md
REEL-01,save_failed,Retained protected buffer; Save now/Stay,Local navigation remains; mutations per server permission/state; no unknown-publish retry,Shared states/treatments.md + screen specification; not separate artboard,Per-control REEL-01-AT* and relevant production-cases.md
REEL-01,conflict,Base/mine/server diff; explicit CAS merge,Local navigation remains; mutations per server permission/state; no unknown-publish retry,Shared states/treatments.md + screen specification; not separate artboard,Per-control REEL-01-AT* and relevant production-cases.md
REEL-02,initial,Title/entry fields; no fake saved or approval state,Local navigation remains; mutations per server permission/state; no unknown-publish retry,Shared states/treatments.md + screen specification; not separate artboard,Per-control REEL-02-AT* and relevant production-cases.md
REEL-02,loading,Preserve cached content; skeleton only uncached body,Local navigation remains; mutations per server permission/state; no unknown-publish retry,Shared states/treatments.md + screen specification; not separate artboard,Per-control REEL-02-AT* and relevant production-cases.md
REEL-02,populated,Revision and actual data visible; role gates,Local navigation remains; mutations per server permission/state; no unknown-publish retry,Shared states/treatments.md + screen specification; not separate artboard,Per-control REEL-02-AT* and relevant production-cases.md
REEL-02,failure,Inline read Retry or persisted action banner; retain values,Local navigation remains; mutations per server permission/state; no unknown-publish retry,Shared states/treatments.md + screen specification; not separate artboard,Per-control REEL-02-AT* and relevant production-cases.md
REEL-02,permission_denied,Read-only permitted content; disabled reason; no unauthorized mutation,Local navigation remains; mutations per server permission/state; no unknown-publish retry,Shared states/treatments.md + screen specification; not separate artboard,Per-control REEL-02-AT* and relevant production-cases.md
REEL-02,session_expired,SYS-01; protected buffer and safe return,Local navigation remains; mutations per server permission/state; no unknown-publish retry,Shared states/treatments.md + screen specification; not separate artboard,Per-control REEL-02-AT* and relevant production-cases.md
REEL-02,offline,Cached timestamp; text buffers; no paid/approve/publish,Local navigation remains; mutations per server permission/state; no unknown-publish retry,Shared states/treatments.md + screen specification; not separate artboard,Per-control REEL-02-AT* and relevant production-cases.md
REEL-02,reconnecting,Read current revision/jobs before re-enabling mutations,Local navigation remains; mutations per server permission/state; no unknown-publish retry,Shared states/treatments.md + screen specification; not separate artboard,Per-control REEL-02-AT* and relevant production-cases.md
REEL-02,validation_error,Field describedby; first invalid focus; values retained,Local navigation remains; mutations per server permission/state; no unknown-publish retry,Shared states/treatments.md + screen specification; not separate artboard,Per-control REEL-02-AT* and relevant production-cases.md
REEL-02,unsaved,Dirty indicator; serialized pending queue,Local navigation remains; mutations per server permission/state; no unknown-publish retry,Shared states/treatments.md + screen specification; not separate artboard,Per-control REEL-02-AT* and relevant production-cases.md
REEL-02,autosaving,Saving status; no premature Saved,Local navigation remains; mutations per server permission/state; no unknown-publish retry,Shared states/treatments.md + screen specification; not separate artboard,Per-control REEL-02-AT* and relevant production-cases.md
REEL-02,saved,ACKrevision andtimestamp,Local navigation remains; mutations per server permission/state; no unknown-publish retry,Shared states/treatments.md + screen specification; not separate artboard,Per-control REEL-02-AT* and relevant production-cases.md
REEL-02,save_failed,Retained protected buffer; Save now/Stay,Local navigation remains; mutations per server permission/state; no unknown-publish retry,Shared states/treatments.md + screen specification; not separate artboard,Per-control REEL-02-AT* and relevant production-cases.md
REEL-02,conflict,Base/mine/server diff; explicit CAS merge,Local navigation remains; mutations per server permission/state; no unknown-publish retry,Shared states/treatments.md + screen specification; not separate artboard,Per-control REEL-02-AT* and relevant production-cases.md
REEL-03,initial,Title/entry fields; no fake saved or approval state,Local navigation remains; mutations per server permission/state; no unknown-publish retry,Shared states/treatments.md + screen specification; not separate artboard,Per-control REEL-03-AT* and relevant production-cases.md
REEL-03,loading,Preserve cached content; skeleton only uncached body,Local navigation remains; mutations per server permission/state; no unknown-publish retry,Shared states/treatments.md + screen specification; not separate artboard,Per-control REEL-03-AT* and relevant production-cases.md
REEL-03,populated,Revision and actual data visible; role gates,Local navigation remains; mutations per server permission/state; no unknown-publish retry,Shared states/treatments.md + screen specification; not separate artboard,Per-control REEL-03-AT* and relevant production-cases.md
REEL-03,failure,Inline read Retry or persisted action banner; retain values,Local navigation remains; mutations per server permission/state; no unknown-publish retry,Shared states/treatments.md + screen specification; not separate artboard,Per-control REEL-03-AT* and relevant production-cases.md
REEL-03,permission_denied,Read-only permitted content; disabled reason; no unauthorized mutation,Local navigation remains; mutations per server permission/state; no unknown-publish retry,Shared states/treatments.md + screen specification; not separate artboard,Per-control REEL-03-AT* and relevant production-cases.md
REEL-03,session_expired,SYS-01; protected buffer and safe return,Local navigation remains; mutations per server permission/state; no unknown-publish retry,Shared states/treatments.md + screen specification; not separate artboard,Per-control REEL-03-AT* and relevant production-cases.md
REEL-03,offline,Cached timestamp; text buffers; no paid/approve/publish,Local navigation remains; mutations per server permission/state; no unknown-publish retry,Shared states/treatments.md + screen specification; not separate artboard,Per-control REEL-03-AT* and relevant production-cases.md
REEL-03,reconnecting,Read current revision/jobs before re-enabling mutations,Local navigation remains; mutations per server permission/state; no unknown-publish retry,Shared states/treatments.md + screen specification; not separate artboard,Per-control REEL-03-AT* and relevant production-cases.md
REEL-03,validation_error,Field describedby; first invalid focus; values retained,Local navigation remains; mutations per server permission/state; no unknown-publish retry,Shared states/treatments.md + screen specification; not separate artboard,Per-control REEL-03-AT* and relevant production-cases.md
REEL-03,unsaved,Dirty indicator; serialized pending queue,Local navigation remains; mutations per server permission/state; no unknown-publish retry,Shared states/treatments.md + screen specification; not separate artboard,Per-control REEL-03-AT* and relevant production-cases.md
REEL-03,autosaving,Saving status; no premature Saved,Local navigation remains; mutations per server permission/state; no unknown-publish retry,Shared states/treatments.md + screen specification; not separate artboard,Per-control REEL-03-AT* and relevant production-cases.md
REEL-03,saved,ACKrevision andtimestamp,Local navigation remains; mutations per server permission/state; no unknown-publish retry,Shared states/treatments.md + screen specification; not separate artboard,Per-control REEL-03-AT* and relevant production-cases.md
REEL-03,save_failed,Retained protected buffer; Save now/Stay,Local navigation remains; mutations per server permission/state; no unknown-publish retry,Shared states/treatments.md + screen specification; not separate artboard,Per-control REEL-03-AT* and relevant production-cases.md
REEL-03,conflict,Base/mine/server diff; explicit CAS merge,Local navigation remains; mutations per server permission/state; no unknown-publish retry,Shared states/treatments.md + screen specification; not separate artboard,Per-control REEL-03-AT* and relevant production-cases.md
REEL-04,initial,Title/entry fields; no fake saved or approval state,Local navigation remains; mutations per server permission/state; no unknown-publish retry,Shared states/treatments.md + screen specification; not separate artboard,Per-control REEL-04-AT* and relevant production-cases.md
REEL-04,loading,Preserve cached content; skeleton only uncached body,Local navigation remains; mutations per server permission/state; no unknown-publish retry,Shared states/treatments.md + screen specification; not separate artboard,Per-control REEL-04-AT* and relevant production-cases.md
REEL-04,populated,Revision and actual data visible; role gates,Local navigation remains; mutations per server permission/state; no unknown-publish retry,Shared states/treatments.md + screen specification; not separate artboard,Per-control REEL-04-AT* and relevant production-cases.md
REEL-04,failure,Inline read Retry or persisted action banner; retain values,Local navigation remains; mutations per server permission/state; no unknown-publish retry,Shared states/treatments.md + screen specification; not separate artboard,Per-control REEL-04-AT* and relevant production-cases.md
REEL-04,permission_denied,Read-only permitted content; disabled reason; no unauthorized mutation,Local navigation remains; mutations per server permission/state; no unknown-publish retry,Shared states/treatments.md + screen specification; not separate artboard,Per-control REEL-04-AT* and relevant production-cases.md
REEL-04,session_expired,SYS-01; protected buffer and safe return,Local navigation remains; mutations per server permission/state; no unknown-publish retry,Shared states/treatments.md + screen specification; not separate artboard,Per-control REEL-04-AT* and relevant production-cases.md
REEL-04,offline,Cached timestamp; text buffers; no paid/approve/publish,Local navigation remains; mutations per server permission/state; no unknown-publish retry,Shared states/treatments.md + screen specification; not separate artboard,Per-control REEL-04-AT* and relevant production-cases.md
REEL-04,reconnecting,Read current revision/jobs before re-enabling mutations,Local navigation remains; mutations per server permission/state; no unknown-publish retry,Shared states/treatments.md + screen specification; not separate artboard,Per-control REEL-04-AT* and relevant production-cases.md
REEL-04,validation_error,Field describedby; first invalid focus; values retained,Local navigation remains; mutations per server permission/state; no unknown-publish retry,Shared states/treatments.md + screen specification; not separate artboard,Per-control REEL-04-AT* and relevant production-cases.md
REEL-04,unsaved,Dirty indicator; serialized pending queue,Local navigation remains; mutations per server permission/state; no unknown-publish retry,Shared states/treatments.md + screen specification; not separate artboard,Per-control REEL-04-AT* and relevant production-cases.md
REEL-04,autosaving,Saving status; no premature Saved,Local navigation remains; mutations per server permission/state; no unknown-publish retry,Shared states/treatments.md + screen specification; not separate artboard,Per-control REEL-04-AT* and relevant production-cases.md
REEL-04,saved,ACKrevision andtimestamp,Local navigation remains; mutations per server permission/state; no unknown-publish retry,Shared states/treatments.md + screen specification; not separate artboard,Per-control REEL-04-AT* and relevant production-cases.md
REEL-04,save_failed,Retained protected buffer; Save now/Stay,Local navigation remains; mutations per server permission/state; no unknown-publish retry,Shared states/treatments.md + screen specification; not separate artboard,Per-control REEL-04-AT* and relevant production-cases.md
REEL-04,conflict,Base/mine/server diff; explicit CAS merge,Local navigation remains; mutations per server permission/state; no unknown-publish retry,Shared states/treatments.md + screen specification; not separate artboard,Per-control REEL-04-AT* and relevant production-cases.md
REEL-05,initial,Title/entry fields; no fake saved or approval state,Local navigation remains; mutations per server permission/state; no unknown-publish retry,Shared states/treatments.md + screen specification; not separate artboard,Per-control REEL-05-AT* and relevant production-cases.md
REEL-05,loading,Preserve cached content; skeleton only uncached body,Local navigation remains; mutations per server permission/state; no unknown-publish retry,Shared states/treatments.md + screen specification; not separate artboard,Per-control REEL-05-AT* and relevant production-cases.md
REEL-05,populated,Revision and actual data visible; role gates,Local navigation remains; mutations per server permission/state; no unknown-publish retry,Shared states/treatments.md + screen specification; not separate artboard,Per-control REEL-05-AT* and relevant production-cases.md
REEL-05,failure,Inline read Retry or persisted action banner; retain values,Local navigation remains; mutations per server permission/state; no unknown-publish retry,Shared states/treatments.md + screen specification; not separate artboard,Per-control REEL-05-AT* and relevant production-cases.md
REEL-05,permission_denied,Read-only permitted content; disabled reason; no unauthorized mutation,Local navigation remains; mutations per server permission/state; no unknown-publish retry,Shared states/treatments.md + screen specification; not separate artboard,Per-control REEL-05-AT* and relevant production-cases.md
REEL-05,session_expired,SYS-01; protected buffer and safe return,Local navigation remains; mutations per server permission/state; no unknown-publish retry,Shared states/treatments.md + screen specification; not separate artboard,Per-control REEL-05-AT* and relevant production-cases.md
REEL-05,offline,Cached timestamp; text buffers; no paid/approve/publish,Local navigation remains; mutations per server permission/state; no unknown-publish retry,Shared states/treatments.md + screen specification; not separate artboard,Per-control REEL-05-AT* and relevant production-cases.md
REEL-05,reconnecting,Read current revision/jobs before re-enabling mutations,Local navigation remains; mutations per server permission/state; no unknown-publish retry,Shared states/treatments.md + screen specification; not separate artboard,Per-control REEL-05-AT* and relevant production-cases.md
REEL-05,validation_error,Field describedby; first invalid focus; values retained,Local navigation remains; mutations per server permission/state; no unknown-publish retry,Shared states/treatments.md + screen specification; not separate artboard,Per-control REEL-05-AT* and relevant production-cases.md
REEL-05,unsaved,Dirty indicator; serialized pending queue,Local navigation remains; mutations per server permission/state; no unknown-publish retry,Shared states/treatments.md + screen specification; not separate artboard,Per-control REEL-05-AT* and relevant production-cases.md
REEL-05,autosaving,Saving status; no premature Saved,Local navigation remains; mutations per server permission/state; no unknown-publish retry,Shared states/treatments.md + screen specification; not separate artboard,Per-control REEL-05-AT* and relevant production-cases.md
REEL-05,saved,ACKrevision andtimestamp,Local navigation remains; mutations per server permission/state; no unknown-publish retry,Shared states/treatments.md + screen specification; not separate artboard,Per-control REEL-05-AT* and relevant production-cases.md
REEL-05,save_failed,Retained protected buffer; Save now/Stay,Local navigation remains; mutations per server permission/state; no unknown-publish retry,Shared states/treatments.md + screen specification; not separate artboard,Per-control REEL-05-AT* and relevant production-cases.md
REEL-05,conflict,Base/mine/server diff; explicit CAS merge,Local navigation remains; mutations per server permission/state; no unknown-publish retry,Shared states/treatments.md + screen specification; not separate artboard,Per-control REEL-05-AT* and relevant production-cases.md
REEL-06,initial,Title/entry fields; no fake saved or approval state,Local navigation remains; mutations per server permission/state; no unknown-publish retry,Shared states/treatments.md + screen specification; not separate artboard,Per-control REEL-06-AT* and relevant production-cases.md
REEL-06,loading,Preserve cached content; skeleton only uncached body,Local navigation remains; mutations per server permission/state; no unknown-publish retry,Shared states/treatments.md + screen specification; not separate artboard,Per-control REEL-06-AT* and relevant production-cases.md
REEL-06,populated,Revision and actual data visible; role gates,Local navigation remains; mutations per server permission/state; no unknown-publish retry,Shared states/treatments.md + screen specification; not separate artboard,Per-control REEL-06-AT* and relevant production-cases.md
REEL-06,failure,Inline read Retry or persisted action banner; retain values,Local navigation remains; mutations per server permission/state; no unknown-publish retry,Shared states/treatments.md + screen specification; not separate artboard,Per-control REEL-06-AT* and relevant production-cases.md
REEL-06,permission_denied,Read-only permitted content; disabled reason; no unauthorized mutation,Local navigation remains; mutations per server permission/state; no unknown-publish retry,Shared states/treatments.md + screen specification; not separate artboard,Per-control REEL-06-AT* and relevant production-cases.md
REEL-06,session_expired,SYS-01; protected buffer and safe return,Local navigation remains; mutations per server permission/state; no unknown-publish retry,Shared states/treatments.md + screen specification; not separate artboard,Per-control REEL-06-AT* and relevant production-cases.md
REEL-06,offline,Cached timestamp; text buffers; no paid/approve/publish,Local navigation remains; mutations per server permission/state; no unknown-publish retry,Shared states/treatments.md + screen specification; not separate artboard,Per-control REEL-06-AT* and relevant production-cases.md
REEL-06,reconnecting,Read current revision/jobs before re-enabling mutations,Local navigation remains; mutations per server permission/state; no unknown-publish retry,Shared states/treatments.md + screen specification; not separate artboard,Per-control REEL-06-AT* and relevant production-cases.md
REEL-06,validation_error,Field describedby; first invalid focus; values retained,Local navigation remains; mutations per server permission/state; no unknown-publish retry,Shared states/treatments.md + screen specification; not separate artboard,Per-control REEL-06-AT* and relevant production-cases.md
REEL-06,unsaved,Dirty indicator; serialized pending queue,Local navigation remains; mutations per server permission/state; no unknown-publish retry,Shared states/treatments.md + screen specification; not separate artboard,Per-control REEL-06-AT* and relevant production-cases.md
REEL-06,autosaving,Saving status; no premature Saved,Local navigation remains; mutations per server permission/state; no unknown-publish retry,Shared states/treatments.md + screen specification; not separate artboard,Per-control REEL-06-AT* and relevant production-cases.md
REEL-06,saved,ACKrevision andtimestamp,Local navigation remains; mutations per server permission/state; no unknown-publish retry,Shared states/treatments.md + screen specification; not separate artboard,Per-control REEL-06-AT* and relevant production-cases.md
REEL-06,save_failed,Retained protected buffer; Save now/Stay,Local navigation remains; mutations per server permission/state; no unknown-publish retry,Shared states/treatments.md + screen specification; not separate artboard,Per-control REEL-06-AT* and relevant production-cases.md
REEL-06,conflict,Base/mine/server diff; explicit CAS merge,Local navigation remains; mutations per server permission/state; no unknown-publish retry,Shared states/treatments.md + screen specification; not separate artboard,Per-control REEL-06-AT* and relevant production-cases.md
CAP-01,initial,Title/entry fields; no fake saved or approval state,Local navigation remains; mutations per server permission/state; no unknown-publish retry,Shared states/treatments.md + screen specification; not separate artboard,Per-control CAP-01-AT* and relevant production-cases.md
CAP-01,loading,Preserve cached content; skeleton only uncached body,Local navigation remains; mutations per server permission/state; no unknown-publish retry,Shared states/treatments.md + screen specification; not separate artboard,Per-control CAP-01-AT* and relevant production-cases.md
CAP-01,populated,Revision and actual data visible; role gates,Local navigation remains; mutations per server permission/state; no unknown-publish retry,Shared states/treatments.md + screen specification; not separate artboard,Per-control CAP-01-AT* and relevant production-cases.md
CAP-01,failure,Inline read Retry or persisted action banner; retain values,Local navigation remains; mutations per server permission/state; no unknown-publish retry,Shared states/treatments.md + screen specification; not separate artboard,Per-control CAP-01-AT* and relevant production-cases.md
CAP-01,permission_denied,Read-only permitted content; disabled reason; no unauthorized mutation,Local navigation remains; mutations per server permission/state; no unknown-publish retry,Shared states/treatments.md + screen specification; not separate artboard,Per-control CAP-01-AT* and relevant production-cases.md
CAP-01,session_expired,SYS-01; protected buffer and safe return,Local navigation remains; mutations per server permission/state; no unknown-publish retry,Shared states/treatments.md + screen specification; not separate artboard,Per-control CAP-01-AT* and relevant production-cases.md
CAP-01,offline,Cached timestamp; text buffers; no paid/approve/publish,Local navigation remains; mutations per server permission/state; no unknown-publish retry,Shared states/treatments.md + screen specification; not separate artboard,Per-control CAP-01-AT* and relevant production-cases.md
CAP-01,reconnecting,Read current revision/jobs before re-enabling mutations,Local navigation remains; mutations per server permission/state; no unknown-publish retry,Shared states/treatments.md + screen specification; not separate artboard,Per-control CAP-01-AT* and relevant production-cases.md
CAP-01,validation_error,Field describedby; first invalid focus; values retained,Local navigation remains; mutations per server permission/state; no unknown-publish retry,Shared states/treatments.md + screen specification; not separate artboard,Per-control CAP-01-AT* and relevant production-cases.md
CAP-01,unsaved,Dirty indicator; serialized pending queue,Local navigation remains; mutations per server permission/state; no unknown-publish retry,Shared states/treatments.md + screen specification; not separate artboard,Per-control CAP-01-AT* and relevant production-cases.md
CAP-01,autosaving,Saving status; no premature Saved,Local navigation remains; mutations per server permission/state; no unknown-publish retry,Shared states/treatments.md + screen specification; not separate artboard,Per-control CAP-01-AT* and relevant production-cases.md
CAP-01,saved,ACKrevision andtimestamp,Local navigation remains; mutations per server permission/state; no unknown-publish retry,Shared states/treatments.md + screen specification; not separate artboard,Per-control CAP-01-AT* and relevant production-cases.md
CAP-01,save_failed,Retained protected buffer; Save now/Stay,Local navigation remains; mutations per server permission/state; no unknown-publish retry,Shared states/treatments.md + screen specification; not separate artboard,Per-control CAP-01-AT* and relevant production-cases.md
CAP-01,conflict,Base/mine/server diff; explicit CAS merge,Local navigation remains; mutations per server permission/state; no unknown-publish retry,Shared states/treatments.md + screen specification; not separate artboard,Per-control CAP-01-AT* and relevant production-cases.md
PRE-01,initial,Title/entry fields; no fake saved or approval state,Local navigation remains; mutations per server permission/state; no unknown-publish retry,Shared states/treatments.md + screen specification; not separate artboard,Per-control PRE-01-AT* and relevant production-cases.md
PRE-01,loading,Preserve cached content; skeleton only uncached body,Local navigation remains; mutations per server permission/state; no unknown-publish retry,Shared states/treatments.md + screen specification; not separate artboard,Per-control PRE-01-AT* and relevant production-cases.md
PRE-01,populated,Revision and actual data visible; role gates,Local navigation remains; mutations per server permission/state; no unknown-publish retry,Shared states/treatments.md + screen specification; not separate artboard,Per-control PRE-01-AT* and relevant production-cases.md
PRE-01,failure,Inline read Retry or persisted action banner; retain values,Local navigation remains; mutations per server permission/state; no unknown-publish retry,Shared states/treatments.md + screen specification; not separate artboard,Per-control PRE-01-AT* and relevant production-cases.md
PRE-01,permission_denied,Read-only permitted content; disabled reason; no unauthorized mutation,Local navigation remains; mutations per server permission/state; no unknown-publish retry,Shared states/treatments.md + screen specification; not separate artboard,Per-control PRE-01-AT* and relevant production-cases.md
PRE-01,session_expired,SYS-01; protected buffer and safe return,Local navigation remains; mutations per server permission/state; no unknown-publish retry,Shared states/treatments.md + screen specification; not separate artboard,Per-control PRE-01-AT* and relevant production-cases.md
PRE-01,offline,Cached timestamp; text buffers; no paid/approve/publish,Local navigation remains; mutations per server permission/state; no unknown-publish retry,Shared states/treatments.md + screen specification; not separate artboard,Per-control PRE-01-AT* and relevant production-cases.md
PRE-01,reconnecting,Read current revision/jobs before re-enabling mutations,Local navigation remains; mutations per server permission/state; no unknown-publish retry,Shared states/treatments.md + screen specification; not separate artboard,Per-control PRE-01-AT* and relevant production-cases.md
PRE-02,initial,Title/entry fields; no fake saved or approval state,Local navigation remains; mutations per server permission/state; no unknown-publish retry,Shared states/treatments.md + screen specification; not separate artboard,Per-control PRE-02-AT* and relevant production-cases.md
PRE-02,loading,Preserve cached content; skeleton only uncached body,Local navigation remains; mutations per server permission/state; no unknown-publish retry,Shared states/treatments.md + screen specification; not separate artboard,Per-control PRE-02-AT* and relevant production-cases.md
PRE-02,populated,Revision and actual data visible; role gates,Local navigation remains; mutations per server permission/state; no unknown-publish retry,Shared states/treatments.md + screen specification; not separate artboard,Per-control PRE-02-AT* and relevant production-cases.md
PRE-02,failure,Inline read Retry or persisted action banner; retain values,Local navigation remains; mutations per server permission/state; no unknown-publish retry,Shared states/treatments.md + screen specification; not separate artboard,Per-control PRE-02-AT* and relevant production-cases.md
PRE-02,permission_denied,Read-only permitted content; disabled reason; no unauthorized mutation,Local navigation remains; mutations per server permission/state; no unknown-publish retry,Shared states/treatments.md + screen specification; not separate artboard,Per-control PRE-02-AT* and relevant production-cases.md
PRE-02,session_expired,SYS-01; protected buffer and safe return,Local navigation remains; mutations per server permission/state; no unknown-publish retry,Shared states/treatments.md + screen specification; not separate artboard,Per-control PRE-02-AT* and relevant production-cases.md
PRE-02,offline,Cached timestamp; text buffers; no paid/approve/publish,Local navigation remains; mutations per server permission/state; no unknown-publish retry,Shared states/treatments.md + screen specification; not separate artboard,Per-control PRE-02-AT* and relevant production-cases.md
PRE-02,reconnecting,Read current revision/jobs before re-enabling mutations,Local navigation remains; mutations per server permission/state; no unknown-publish retry,Shared states/treatments.md + screen specification; not separate artboard,Per-control PRE-02-AT* and relevant production-cases.md
REVIEW-01,initial,Title/entry fields; no fake saved or approval state,Local navigation remains; mutations per server permission/state; no unknown-publish retry,Shared states/treatments.md + screen specification; not separate artboard,Per-control REVIEW-01-AT* and relevant production-cases.md
REVIEW-01,loading,Preserve cached content; skeleton only uncached body,Local navigation remains; mutations per server permission/state; no unknown-publish retry,Shared states/treatments.md + screen specification; not separate artboard,Per-control REVIEW-01-AT* and relevant production-cases.md
REVIEW-01,populated,Revision and actual data visible; role gates,Local navigation remains; mutations per server permission/state; no unknown-publish retry,Shared states/treatments.md + screen specification; not separate artboard,Per-control REVIEW-01-AT* and relevant production-cases.md
REVIEW-01,failure,Inline read Retry or persisted action banner; retain values,Local navigation remains; mutations per server permission/state; no unknown-publish retry,Shared states/treatments.md + screen specification; not separate artboard,Per-control REVIEW-01-AT* and relevant production-cases.md
REVIEW-01,permission_denied,Read-only permitted content; disabled reason; no unauthorized mutation,Local navigation remains; mutations per server permission/state; no unknown-publish retry,Shared states/treatments.md + screen specification; not separate artboard,Per-control REVIEW-01-AT* and relevant production-cases.md
REVIEW-01,session_expired,SYS-01; protected buffer and safe return,Local navigation remains; mutations per server permission/state; no unknown-publish retry,Shared states/treatments.md + screen specification; not separate artboard,Per-control REVIEW-01-AT* and relevant production-cases.md
REVIEW-01,offline,Cached timestamp; text buffers; no paid/approve/publish,Local navigation remains; mutations per server permission/state; no unknown-publish retry,Shared states/treatments.md + screen specification; not separate artboard,Per-control REVIEW-01-AT* and relevant production-cases.md
REVIEW-01,reconnecting,Read current revision/jobs before re-enabling mutations,Local navigation remains; mutations per server permission/state; no unknown-publish retry,Shared states/treatments.md + screen specification; not separate artboard,Per-control REVIEW-01-AT* and relevant production-cases.md
REVIEW-01,empty,Scope reason; Clear filters or create,Local navigation remains; mutations per server permission/state; no unknown-publish retry,Shared states/treatments.md + screen specification; not separate artboard,Per-control REVIEW-01-AT* and relevant production-cases.md
REVIEW-01,skeleton,Same final layout dimensions; reduced motion no shimmer,Local navigation remains; mutations per server permission/state; no unknown-publish retry,Shared states/treatments.md + screen specification; not separate artboard,Per-control REVIEW-01-AT* and relevant production-cases.md
REVIEW-02,initial,Title/entry fields; no fake saved or approval state,Local navigation remains; mutations per server permission/state; no unknown-publish retry,Shared states/treatments.md + screen specification; not separate artboard,Per-control REVIEW-02-AT* and relevant production-cases.md
REVIEW-02,loading,Preserve cached content; skeleton only uncached body,Local navigation remains; mutations per server permission/state; no unknown-publish retry,Shared states/treatments.md + screen specification; not separate artboard,Per-control REVIEW-02-AT* and relevant production-cases.md
REVIEW-02,populated,Revision and actual data visible; role gates,Local navigation remains; mutations per server permission/state; no unknown-publish retry,Shared states/treatments.md + screen specification; not separate artboard,Per-control REVIEW-02-AT* and relevant production-cases.md
REVIEW-02,failure,Inline read Retry or persisted action banner; retain values,Local navigation remains; mutations per server permission/state; no unknown-publish retry,Shared states/treatments.md + screen specification; not separate artboard,Per-control REVIEW-02-AT* and relevant production-cases.md
REVIEW-02,permission_denied,Read-only permitted content; disabled reason; no unauthorized mutation,Local navigation remains; mutations per server permission/state; no unknown-publish retry,Shared states/treatments.md + screen specification; not separate artboard,Per-control REVIEW-02-AT* and relevant production-cases.md
REVIEW-02,session_expired,SYS-01; protected buffer and safe return,Local navigation remains; mutations per server permission/state; no unknown-publish retry,Shared states/treatments.md + screen specification; not separate artboard,Per-control REVIEW-02-AT* and relevant production-cases.md
REVIEW-02,offline,Cached timestamp; text buffers; no paid/approve/publish,Local navigation remains; mutations per server permission/state; no unknown-publish retry,Shared states/treatments.md + screen specification; not separate artboard,Per-control REVIEW-02-AT* and relevant production-cases.md
REVIEW-02,reconnecting,Read current revision/jobs before re-enabling mutations,Local navigation remains; mutations per server permission/state; no unknown-publish retry,Shared states/treatments.md + screen specification; not separate artboard,Per-control REVIEW-02-AT* and relevant production-cases.md
REVIEW-03,initial,Title/entry fields; no fake saved or approval state,Local navigation remains; mutations per server permission/state; no unknown-publish retry,Shared states/treatments.md + screen specification; not separate artboard,Per-control REVIEW-03-AT* and relevant production-cases.md
REVIEW-03,loading,Preserve cached content; skeleton only uncached body,Local navigation remains; mutations per server permission/state; no unknown-publish retry,Shared states/treatments.md + screen specification; not separate artboard,Per-control REVIEW-03-AT* and relevant production-cases.md
REVIEW-03,populated,Revision and actual data visible; role gates,Local navigation remains; mutations per server permission/state; no unknown-publish retry,Shared states/treatments.md + screen specification; not separate artboard,Per-control REVIEW-03-AT* and relevant production-cases.md
REVIEW-03,failure,Inline read Retry or persisted action banner; retain values,Local navigation remains; mutations per server permission/state; no unknown-publish retry,Shared states/treatments.md + screen specification; not separate artboard,Per-control REVIEW-03-AT* and relevant production-cases.md
REVIEW-03,permission_denied,Read-only permitted content; disabled reason; no unauthorized mutation,Local navigation remains; mutations per server permission/state; no unknown-publish retry,Shared states/treatments.md + screen specification; not separate artboard,Per-control REVIEW-03-AT* and relevant production-cases.md
REVIEW-03,session_expired,SYS-01; protected buffer and safe return,Local navigation remains; mutations per server permission/state; no unknown-publish retry,Shared states/treatments.md + screen specification; not separate artboard,Per-control REVIEW-03-AT* and relevant production-cases.md
REVIEW-03,offline,Cached timestamp; text buffers; no paid/approve/publish,Local navigation remains; mutations per server permission/state; no unknown-publish retry,Shared states/treatments.md + screen specification; not separate artboard,Per-control REVIEW-03-AT* and relevant production-cases.md
REVIEW-03,reconnecting,Read current revision/jobs before re-enabling mutations,Local navigation remains; mutations per server permission/state; no unknown-publish retry,Shared states/treatments.md + screen specification; not separate artboard,Per-control REVIEW-03-AT* and relevant production-cases.md
REVIEW-03,validation_error,Field describedby; first invalid focus; values retained,Local navigation remains; mutations per server permission/state; no unknown-publish retry,Shared states/treatments.md + screen specification; not separate artboard,Per-control REVIEW-03-AT* and relevant production-cases.md
REVIEW-03,unsaved,Dirty indicator; serialized pending queue,Local navigation remains; mutations per server permission/state; no unknown-publish retry,Shared states/treatments.md + screen specification; not separate artboard,Per-control REVIEW-03-AT* and relevant production-cases.md
REVIEW-03,autosaving,Saving status; no premature Saved,Local navigation remains; mutations per server permission/state; no unknown-publish retry,Shared states/treatments.md + screen specification; not separate artboard,Per-control REVIEW-03-AT* and relevant production-cases.md
REVIEW-03,saved,ACKrevision andtimestamp,Local navigation remains; mutations per server permission/state; no unknown-publish retry,Shared states/treatments.md + screen specification; not separate artboard,Per-control REVIEW-03-AT* and relevant production-cases.md
REVIEW-03,save_failed,Retained protected buffer; Save now/Stay,Local navigation remains; mutations per server permission/state; no unknown-publish retry,Shared states/treatments.md + screen specification; not separate artboard,Per-control REVIEW-03-AT* and relevant production-cases.md
REVIEW-03,conflict,Base/mine/server diff; explicit CAS merge,Local navigation remains; mutations per server permission/state; no unknown-publish retry,Shared states/treatments.md + screen specification; not separate artboard,Per-control REVIEW-03-AT* and relevant production-cases.md
PUB-01,initial,Title/entry fields; no fake saved or approval state,Local navigation remains; mutations per server permission/state; no unknown-publish retry,Shared states/treatments.md + screen specification; not separate artboard,Per-control PUB-01-AT* and relevant production-cases.md
PUB-01,loading,Preserve cached content; skeleton only uncached body,Local navigation remains; mutations per server permission/state; no unknown-publish retry,Shared states/treatments.md + screen specification; not separate artboard,Per-control PUB-01-AT* and relevant production-cases.md
PUB-01,populated,Revision and actual data visible; role gates,Local navigation remains; mutations per server permission/state; no unknown-publish retry,Shared states/treatments.md + screen specification; not separate artboard,Per-control PUB-01-AT* and relevant production-cases.md
PUB-01,failure,Inline read Retry or persisted action banner; retain values,Local navigation remains; mutations per server permission/state; no unknown-publish retry,Shared states/treatments.md + screen specification; not separate artboard,Per-control PUB-01-AT* and relevant production-cases.md
PUB-01,permission_denied,Read-only permitted content; disabled reason; no unauthorized mutation,Local navigation remains; mutations per server permission/state; no unknown-publish retry,Shared states/treatments.md + screen specification; not separate artboard,Per-control PUB-01-AT* and relevant production-cases.md
PUB-01,session_expired,SYS-01; protected buffer and safe return,Local navigation remains; mutations per server permission/state; no unknown-publish retry,Shared states/treatments.md + screen specification; not separate artboard,Per-control PUB-01-AT* and relevant production-cases.md
PUB-01,offline,Cached timestamp; text buffers; no paid/approve/publish,Local navigation remains; mutations per server permission/state; no unknown-publish retry,Shared states/treatments.md + screen specification; not separate artboard,Per-control PUB-01-AT* and relevant production-cases.md
PUB-01,reconnecting,Read current revision/jobs before re-enabling mutations,Local navigation remains; mutations per server permission/state; no unknown-publish retry,Shared states/treatments.md + screen specification; not separate artboard,Per-control PUB-01-AT* and relevant production-cases.md
PUB-02,initial,Title/entry fields; no fake saved or approval state,Local navigation remains; mutations per server permission/state; no unknown-publish retry,Shared states/treatments.md + screen specification; not separate artboard,Per-control PUB-02-AT* and relevant production-cases.md
PUB-02,loading,Preserve cached content; skeleton only uncached body,Local navigation remains; mutations per server permission/state; no unknown-publish retry,Shared states/treatments.md + screen specification; not separate artboard,Per-control PUB-02-AT* and relevant production-cases.md
PUB-02,populated,Revision and actual data visible; role gates,Local navigation remains; mutations per server permission/state; no unknown-publish retry,Shared states/treatments.md + screen specification; not separate artboard,Per-control PUB-02-AT* and relevant production-cases.md
PUB-02,failure,Inline read Retry or persisted action banner; retain values,Local navigation remains; mutations per server permission/state; no unknown-publish retry,Shared states/treatments.md + screen specification; not separate artboard,Per-control PUB-02-AT* and relevant production-cases.md
PUB-02,permission_denied,Read-only permitted content; disabled reason; no unauthorized mutation,Local navigation remains; mutations per server permission/state; no unknown-publish retry,Shared states/treatments.md + screen specification; not separate artboard,Per-control PUB-02-AT* and relevant production-cases.md
PUB-02,session_expired,SYS-01; protected buffer and safe return,Local navigation remains; mutations per server permission/state; no unknown-publish retry,Shared states/treatments.md + screen specification; not separate artboard,Per-control PUB-02-AT* and relevant production-cases.md
PUB-02,offline,Cached timestamp; text buffers; no paid/approve/publish,Local navigation remains; mutations per server permission/state; no unknown-publish retry,Shared states/treatments.md + screen specification; not separate artboard,Per-control PUB-02-AT* and relevant production-cases.md
PUB-02,reconnecting,Read current revision/jobs before re-enabling mutations,Local navigation remains; mutations per server permission/state; no unknown-publish retry,Shared states/treatments.md + screen specification; not separate artboard,Per-control PUB-02-AT* and relevant production-cases.md
PUB-03,initial,Title/entry fields; no fake saved or approval state,Local navigation remains; mutations per server permission/state; no unknown-publish retry,Shared states/treatments.md + screen specification; not separate artboard,Per-control PUB-03-AT* and relevant production-cases.md
PUB-03,loading,Preserve cached content; skeleton only uncached body,Local navigation remains; mutations per server permission/state; no unknown-publish retry,Shared states/treatments.md + screen specification; not separate artboard,Per-control PUB-03-AT* and relevant production-cases.md
PUB-03,populated,Revision and actual data visible; role gates,Local navigation remains; mutations per server permission/state; no unknown-publish retry,Shared states/treatments.md + screen specification; not separate artboard,Per-control PUB-03-AT* and relevant production-cases.md
PUB-03,failure,Inline read Retry or persisted action banner; retain values,Local navigation remains; mutations per server permission/state; no unknown-publish retry,Shared states/treatments.md + screen specification; not separate artboard,Per-control PUB-03-AT* and relevant production-cases.md
PUB-03,permission_denied,Read-only permitted content; disabled reason; no unauthorized mutation,Local navigation remains; mutations per server permission/state; no unknown-publish retry,Shared states/treatments.md + screen specification; not separate artboard,Per-control PUB-03-AT* and relevant production-cases.md
PUB-03,session_expired,SYS-01; protected buffer and safe return,Local navigation remains; mutations per server permission/state; no unknown-publish retry,Shared states/treatments.md + screen specification; not separate artboard,Per-control PUB-03-AT* and relevant production-cases.md
PUB-03,offline,Cached timestamp; text buffers; no paid/approve/publish,Local navigation remains; mutations per server permission/state; no unknown-publish retry,Shared states/treatments.md + screen specification; not separate artboard,Per-control PUB-03-AT* and relevant production-cases.md
PUB-03,reconnecting,Read current revision/jobs before re-enabling mutations,Local navigation remains; mutations per server permission/state; no unknown-publish retry,Shared states/treatments.md + screen specification; not separate artboard,Per-control PUB-03-AT* and relevant production-cases.md
PUB-03,validation_error,Field describedby; first invalid focus; values retained,Local navigation remains; mutations per server permission/state; no unknown-publish retry,Shared states/treatments.md + screen specification; not separate artboard,Per-control PUB-03-AT* and relevant production-cases.md
PUB-03,unsaved,Dirty indicator; serialized pending queue,Local navigation remains; mutations per server permission/state; no unknown-publish retry,Shared states/treatments.md + screen specification; not separate artboard,Per-control PUB-03-AT* and relevant production-cases.md
PUB-03,autosaving,Saving status; no premature Saved,Local navigation remains; mutations per server permission/state; no unknown-publish retry,Shared states/treatments.md + screen specification; not separate artboard,Per-control PUB-03-AT* and relevant production-cases.md
PUB-03,saved,ACKrevision andtimestamp,Local navigation remains; mutations per server permission/state; no unknown-publish retry,Shared states/treatments.md + screen specification; not separate artboard,Per-control PUB-03-AT* and relevant production-cases.md
PUB-03,save_failed,Retained protected buffer; Save now/Stay,Local navigation remains; mutations per server permission/state; no unknown-publish retry,Shared states/treatments.md + screen specification; not separate artboard,Per-control PUB-03-AT* and relevant production-cases.md
PUB-03,conflict,Base/mine/server diff; explicit CAS merge,Local navigation remains; mutations per server permission/state; no unknown-publish retry,Shared states/treatments.md + screen specification; not separate artboard,Per-control PUB-03-AT* and relevant production-cases.md
CAL-01,initial,Title/entry fields; no fake saved or approval state,Local navigation remains; mutations per server permission/state; no unknown-publish retry,Shared states/treatments.md + screen specification; not separate artboard,Per-control CAL-01-AT* and relevant production-cases.md
CAL-01,loading,Preserve cached content; skeleton only uncached body,Local navigation remains; mutations per server permission/state; no unknown-publish retry,Shared states/treatments.md + screen specification; not separate artboard,Per-control CAL-01-AT* and relevant production-cases.md
CAL-01,populated,Revision and actual data visible; role gates,Local navigation remains; mutations per server permission/state; no unknown-publish retry,Shared states/treatments.md + screen specification; not separate artboard,Per-control CAL-01-AT* and relevant production-cases.md
CAL-01,failure,Inline read Retry or persisted action banner; retain values,Local navigation remains; mutations per server permission/state; no unknown-publish retry,Shared states/treatments.md + screen specification; not separate artboard,Per-control CAL-01-AT* and relevant production-cases.md
CAL-01,permission_denied,Read-only permitted content; disabled reason; no unauthorized mutation,Local navigation remains; mutations per server permission/state; no unknown-publish retry,Shared states/treatments.md + screen specification; not separate artboard,Per-control CAL-01-AT* and relevant production-cases.md
CAL-01,session_expired,SYS-01; protected buffer and safe return,Local navigation remains; mutations per server permission/state; no unknown-publish retry,Shared states/treatments.md + screen specification; not separate artboard,Per-control CAL-01-AT* and relevant production-cases.md
CAL-01,offline,Cached timestamp; text buffers; no paid/approve/publish,Local navigation remains; mutations per server permission/state; no unknown-publish retry,Shared states/treatments.md + screen specification; not separate artboard,Per-control CAL-01-AT* and relevant production-cases.md
CAL-01,reconnecting,Read current revision/jobs before re-enabling mutations,Local navigation remains; mutations per server permission/state; no unknown-publish retry,Shared states/treatments.md + screen specification; not separate artboard,Per-control CAL-01-AT* and relevant production-cases.md
LIB-01,initial,Title/entry fields; no fake saved or approval state,Local navigation remains; mutations per server permission/state; no unknown-publish retry,Shared states/treatments.md + screen specification; not separate artboard,Per-control LIB-01-AT* and relevant production-cases.md
LIB-01,loading,Preserve cached content; skeleton only uncached body,Local navigation remains; mutations per server permission/state; no unknown-publish retry,Shared states/treatments.md + screen specification; not separate artboard,Per-control LIB-01-AT* and relevant production-cases.md
LIB-01,populated,Revision and actual data visible; role gates,Local navigation remains; mutations per server permission/state; no unknown-publish retry,Shared states/treatments.md + screen specification; not separate artboard,Per-control LIB-01-AT* and relevant production-cases.md
LIB-01,failure,Inline read Retry or persisted action banner; retain values,Local navigation remains; mutations per server permission/state; no unknown-publish retry,Shared states/treatments.md + screen specification; not separate artboard,Per-control LIB-01-AT* and relevant production-cases.md
LIB-01,permission_denied,Read-only permitted content; disabled reason; no unauthorized mutation,Local navigation remains; mutations per server permission/state; no unknown-publish retry,Shared states/treatments.md + screen specification; not separate artboard,Per-control LIB-01-AT* and relevant production-cases.md
LIB-01,session_expired,SYS-01; protected buffer and safe return,Local navigation remains; mutations per server permission/state; no unknown-publish retry,Shared states/treatments.md + screen specification; not separate artboard,Per-control LIB-01-AT* and relevant production-cases.md
LIB-01,offline,Cached timestamp; text buffers; no paid/approve/publish,Local navigation remains; mutations per server permission/state; no unknown-publish retry,Shared states/treatments.md + screen specification; not separate artboard,Per-control LIB-01-AT* and relevant production-cases.md
LIB-01,reconnecting,Read current revision/jobs before re-enabling mutations,Local navigation remains; mutations per server permission/state; no unknown-publish retry,Shared states/treatments.md + screen specification; not separate artboard,Per-control LIB-01-AT* and relevant production-cases.md
LIB-01,empty,Scope reason; Clear filters or create,Local navigation remains; mutations per server permission/state; no unknown-publish retry,Shared states/treatments.md + screen specification; not separate artboard,Per-control LIB-01-AT* and relevant production-cases.md
LIB-01,skeleton,Same final layout dimensions; reduced motion no shimmer,Local navigation remains; mutations per server permission/state; no unknown-publish retry,Shared states/treatments.md + screen specification; not separate artboard,Per-control LIB-01-AT* and relevant production-cases.md
LIB-02,initial,Title/entry fields; no fake saved or approval state,Local navigation remains; mutations per server permission/state; no unknown-publish retry,Shared states/treatments.md + screen specification; not separate artboard,Per-control LIB-02-AT* and relevant production-cases.md
LIB-02,loading,Preserve cached content; skeleton only uncached body,Local navigation remains; mutations per server permission/state; no unknown-publish retry,Shared states/treatments.md + screen specification; not separate artboard,Per-control LIB-02-AT* and relevant production-cases.md
LIB-02,populated,Revision and actual data visible; role gates,Local navigation remains; mutations per server permission/state; no unknown-publish retry,Shared states/treatments.md + screen specification; not separate artboard,Per-control LIB-02-AT* and relevant production-cases.md
LIB-02,failure,Inline read Retry or persisted action banner; retain values,Local navigation remains; mutations per server permission/state; no unknown-publish retry,Shared states/treatments.md + screen specification; not separate artboard,Per-control LIB-02-AT* and relevant production-cases.md
LIB-02,permission_denied,Read-only permitted content; disabled reason; no unauthorized mutation,Local navigation remains; mutations per server permission/state; no unknown-publish retry,Shared states/treatments.md + screen specification; not separate artboard,Per-control LIB-02-AT* and relevant production-cases.md
LIB-02,session_expired,SYS-01; protected buffer and safe return,Local navigation remains; mutations per server permission/state; no unknown-publish retry,Shared states/treatments.md + screen specification; not separate artboard,Per-control LIB-02-AT* and relevant production-cases.md
LIB-02,offline,Cached timestamp; text buffers; no paid/approve/publish,Local navigation remains; mutations per server permission/state; no unknown-publish retry,Shared states/treatments.md + screen specification; not separate artboard,Per-control LIB-02-AT* and relevant production-cases.md
LIB-02,reconnecting,Read current revision/jobs before re-enabling mutations,Local navigation remains; mutations per server permission/state; no unknown-publish retry,Shared states/treatments.md + screen specification; not separate artboard,Per-control LIB-02-AT* and relevant production-cases.md
TRASH-01,initial,Title/entry fields; no fake saved or approval state,Local navigation remains; mutations per server permission/state; no unknown-publish retry,Shared states/treatments.md + screen specification; not separate artboard,Per-control TRASH-01-AT* and relevant production-cases.md
TRASH-01,loading,Preserve cached content; skeleton only uncached body,Local navigation remains; mutations per server permission/state; no unknown-publish retry,Shared states/treatments.md + screen specification; not separate artboard,Per-control TRASH-01-AT* and relevant production-cases.md
TRASH-01,populated,Revision and actual data visible; role gates,Local navigation remains; mutations per server permission/state; no unknown-publish retry,Shared states/treatments.md + screen specification; not separate artboard,Per-control TRASH-01-AT* and relevant production-cases.md
TRASH-01,failure,Inline read Retry or persisted action banner; retain values,Local navigation remains; mutations per server permission/state; no unknown-publish retry,Shared states/treatments.md + screen specification; not separate artboard,Per-control TRASH-01-AT* and relevant production-cases.md
TRASH-01,permission_denied,Read-only permitted content; disabled reason; no unauthorized mutation,Local navigation remains; mutations per server permission/state; no unknown-publish retry,Shared states/treatments.md + screen specification; not separate artboard,Per-control TRASH-01-AT* and relevant production-cases.md
TRASH-01,session_expired,SYS-01; protected buffer and safe return,Local navigation remains; mutations per server permission/state; no unknown-publish retry,Shared states/treatments.md + screen specification; not separate artboard,Per-control TRASH-01-AT* and relevant production-cases.md
TRASH-01,offline,Cached timestamp; text buffers; no paid/approve/publish,Local navigation remains; mutations per server permission/state; no unknown-publish retry,Shared states/treatments.md + screen specification; not separate artboard,Per-control TRASH-01-AT* and relevant production-cases.md
TRASH-01,reconnecting,Read current revision/jobs before re-enabling mutations,Local navigation remains; mutations per server permission/state; no unknown-publish retry,Shared states/treatments.md + screen specification; not separate artboard,Per-control TRASH-01-AT* and relevant production-cases.md
TRASH-01,empty,Scope reason; Clear filters or create,Local navigation remains; mutations per server permission/state; no unknown-publish retry,Shared states/treatments.md + screen specification; not separate artboard,Per-control TRASH-01-AT* and relevant production-cases.md
TRASH-01,skeleton,Same final layout dimensions; reduced motion no shimmer,Local navigation remains; mutations per server permission/state; no unknown-publish retry,Shared states/treatments.md + screen specification; not separate artboard,Per-control TRASH-01-AT* and relevant production-cases.md
ACT-01,initial,Title/entry fields; no fake saved or approval state,Local navigation remains; mutations per server permission/state; no unknown-publish retry,Shared states/treatments.md + screen specification; not separate artboard,Per-control ACT-01-AT* and relevant production-cases.md
ACT-01,loading,Preserve cached content; skeleton only uncached body,Local navigation remains; mutations per server permission/state; no unknown-publish retry,Shared states/treatments.md + screen specification; not separate artboard,Per-control ACT-01-AT* and relevant production-cases.md
ACT-01,populated,Revision and actual data visible; role gates,Local navigation remains; mutations per server permission/state; no unknown-publish retry,Shared states/treatments.md + screen specification; not separate artboard,Per-control ACT-01-AT* and relevant production-cases.md
ACT-01,failure,Inline read Retry or persisted action banner; retain values,Local navigation remains; mutations per server permission/state; no unknown-publish retry,Shared states/treatments.md + screen specification; not separate artboard,Per-control ACT-01-AT* and relevant production-cases.md
ACT-01,permission_denied,Read-only permitted content; disabled reason; no unauthorized mutation,Local navigation remains; mutations per server permission/state; no unknown-publish retry,Shared states/treatments.md + screen specification; not separate artboard,Per-control ACT-01-AT* and relevant production-cases.md
ACT-01,session_expired,SYS-01; protected buffer and safe return,Local navigation remains; mutations per server permission/state; no unknown-publish retry,Shared states/treatments.md + screen specification; not separate artboard,Per-control ACT-01-AT* and relevant production-cases.md
ACT-01,offline,Cached timestamp; text buffers; no paid/approve/publish,Local navigation remains; mutations per server permission/state; no unknown-publish retry,Shared states/treatments.md + screen specification; not separate artboard,Per-control ACT-01-AT* and relevant production-cases.md
ACT-01,reconnecting,Read current revision/jobs before re-enabling mutations,Local navigation remains; mutations per server permission/state; no unknown-publish retry,Shared states/treatments.md + screen specification; not separate artboard,Per-control ACT-01-AT* and relevant production-cases.md
ACT-01,queued,"Queue stage,background link,cancel if server allows",Local navigation remains; mutations per server permission/state; no unknown-publish retry,Shared states/treatments.md + screen specification; not separate artboard,Per-control ACT-01-AT* and relevant production-cases.md
ACT-01,running,"Actual units,heartbeat,stage; no global block",Local navigation remains; mutations per server permission/state; no unknown-publish retry,Shared states/treatments.md + screen specification; not separate artboard,Per-control ACT-01-AT* and relevant production-cases.md
ACT-01,partial_success,Successful unit links and scoped failed retries,Local navigation remains; mutations per server permission/state; no unknown-publish retry,Shared states/treatments.md + screen specification; not separate artboard,Per-control ACT-01-AT* and relevant production-cases.md
ACT-01,stalled,"Server heartbeat/leaseflag; diagnostics,not browser timeout",Local navigation remains; mutations per server permission/state; no unknown-publish retry,Shared states/treatments.md + screen specification; not separate artboard,Per-control ACT-01-AT* and relevant production-cases.md
ACT-01,cancelling,"Stop requested,checkpoint pending; retained units",Local navigation remains; mutations per server permission/state; no unknown-publish retry,Shared states/treatments.md + screen specification; not separate artboard,Per-control ACT-01-AT* and relevant production-cases.md
ACT-01,cancelled,Retained completed units; new intent to resume,Local navigation remains; mutations per server permission/state; no unknown-publish retry,Shared states/treatments.md + screen specification; not separate artboard,Per-control ACT-01-AT* and relevant production-cases.md
ACT-01,completed,Final actual asset validation and stage; related entity link,Local navigation remains; mutations per server permission/state; no unknown-publish retry,Shared states/treatments.md + screen specification; not separate artboard,Per-control ACT-01-AT* and relevant production-cases.md
ACT-01,retryable_failure,Reason andcorrected-config Retry if canRetry,Local navigation remains; mutations per server permission/state; no unknown-publish retry,Shared states/treatments.md + screen specification; not separate artboard,Per-control ACT-01-AT* and relevant production-cases.md
ACT-01,permanent_failure,Retained drafts/units; export andmanualcorrection,Local navigation remains; mutations per server permission/state; no unknown-publish retry,Shared states/treatments.md + screen specification; not separate artboard,Per-control ACT-01-AT* and relevant production-cases.md
ACT-01,empty,Scope reason; Clear filters or create,Local navigation remains; mutations per server permission/state; no unknown-publish retry,Shared states/treatments.md + screen specification; not separate artboard,Per-control ACT-01-AT* and relevant production-cases.md
ACT-01,skeleton,Same final layout dimensions; reduced motion no shimmer,Local navigation remains; mutations per server permission/state; no unknown-publish retry,Shared states/treatments.md + screen specification; not separate artboard,Per-control ACT-01-AT* and relevant production-cases.md
ACT-02,initial,Title/entry fields; no fake saved or approval state,Local navigation remains; mutations per server permission/state; no unknown-publish retry,Shared states/treatments.md + screen specification; not separate artboard,Per-control ACT-02-AT* and relevant production-cases.md
ACT-02,loading,Preserve cached content; skeleton only uncached body,Local navigation remains; mutations per server permission/state; no unknown-publish retry,Shared states/treatments.md + screen specification; not separate artboard,Per-control ACT-02-AT* and relevant production-cases.md
ACT-02,populated,Revision and actual data visible; role gates,Local navigation remains; mutations per server permission/state; no unknown-publish retry,Shared states/treatments.md + screen specification; not separate artboard,Per-control ACT-02-AT* and relevant production-cases.md
ACT-02,failure,Inline read Retry or persisted action banner; retain values,Local navigation remains; mutations per server permission/state; no unknown-publish retry,Shared states/treatments.md + screen specification; not separate artboard,Per-control ACT-02-AT* and relevant production-cases.md
ACT-02,permission_denied,Read-only permitted content; disabled reason; no unauthorized mutation,Local navigation remains; mutations per server permission/state; no unknown-publish retry,Shared states/treatments.md + screen specification; not separate artboard,Per-control ACT-02-AT* and relevant production-cases.md
ACT-02,session_expired,SYS-01; protected buffer and safe return,Local navigation remains; mutations per server permission/state; no unknown-publish retry,Shared states/treatments.md + screen specification; not separate artboard,Per-control ACT-02-AT* and relevant production-cases.md
ACT-02,offline,Cached timestamp; text buffers; no paid/approve/publish,Local navigation remains; mutations per server permission/state; no unknown-publish retry,Shared states/treatments.md + screen specification; not separate artboard,Per-control ACT-02-AT* and relevant production-cases.md
ACT-02,reconnecting,Read current revision/jobs before re-enabling mutations,Local navigation remains; mutations per server permission/state; no unknown-publish retry,Shared states/treatments.md + screen specification; not separate artboard,Per-control ACT-02-AT* and relevant production-cases.md
ACT-02,queued,"Queue stage,background link,cancel if server allows",Local navigation remains; mutations per server permission/state; no unknown-publish retry,Shared states/treatments.md + screen specification; not separate artboard,Per-control ACT-02-AT* and relevant production-cases.md
ACT-02,running,"Actual units,heartbeat,stage; no global block",Local navigation remains; mutations per server permission/state; no unknown-publish retry,Shared states/treatments.md + screen specification; not separate artboard,Per-control ACT-02-AT* and relevant production-cases.md
ACT-02,partial_success,Successful unit links and scoped failed retries,Local navigation remains; mutations per server permission/state; no unknown-publish retry,Shared states/treatments.md + screen specification; not separate artboard,Per-control ACT-02-AT* and relevant production-cases.md
ACT-02,stalled,"Server heartbeat/leaseflag; diagnostics,not browser timeout",Local navigation remains; mutations per server permission/state; no unknown-publish retry,Shared states/treatments.md + screen specification; not separate artboard,Per-control ACT-02-AT* and relevant production-cases.md
ACT-02,cancelling,"Stop requested,checkpoint pending; retained units",Local navigation remains; mutations per server permission/state; no unknown-publish retry,Shared states/treatments.md + screen specification; not separate artboard,Per-control ACT-02-AT* and relevant production-cases.md
ACT-02,cancelled,Retained completed units; new intent to resume,Local navigation remains; mutations per server permission/state; no unknown-publish retry,Shared states/treatments.md + screen specification; not separate artboard,Per-control ACT-02-AT* and relevant production-cases.md
ACT-02,completed,Final actual asset validation and stage; related entity link,Local navigation remains; mutations per server permission/state; no unknown-publish retry,Shared states/treatments.md + screen specification; not separate artboard,Per-control ACT-02-AT* and relevant production-cases.md
ACT-02,retryable_failure,Reason andcorrected-config Retry if canRetry,Local navigation remains; mutations per server permission/state; no unknown-publish retry,Shared states/treatments.md + screen specification; not separate artboard,Per-control ACT-02-AT* and relevant production-cases.md
ACT-02,permanent_failure,Retained drafts/units; export andmanualcorrection,Local navigation remains; mutations per server permission/state; no unknown-publish retry,Shared states/treatments.md + screen specification; not separate artboard,Per-control ACT-02-AT* and relevant production-cases.md
NOT-01,initial,Title/entry fields; no fake saved or approval state,Local navigation remains; mutations per server permission/state; no unknown-publish retry,Shared states/treatments.md + screen specification; not separate artboard,Per-control NOT-01-AT* and relevant production-cases.md
NOT-01,loading,Preserve cached content; skeleton only uncached body,Local navigation remains; mutations per server permission/state; no unknown-publish retry,Shared states/treatments.md + screen specification; not separate artboard,Per-control NOT-01-AT* and relevant production-cases.md
NOT-01,populated,Revision and actual data visible; role gates,Local navigation remains; mutations per server permission/state; no unknown-publish retry,Shared states/treatments.md + screen specification; not separate artboard,Per-control NOT-01-AT* and relevant production-cases.md
NOT-01,failure,Inline read Retry or persisted action banner; retain values,Local navigation remains; mutations per server permission/state; no unknown-publish retry,Shared states/treatments.md + screen specification; not separate artboard,Per-control NOT-01-AT* and relevant production-cases.md
NOT-01,permission_denied,Read-only permitted content; disabled reason; no unauthorized mutation,Local navigation remains; mutations per server permission/state; no unknown-publish retry,Shared states/treatments.md + screen specification; not separate artboard,Per-control NOT-01-AT* and relevant production-cases.md
NOT-01,session_expired,SYS-01; protected buffer and safe return,Local navigation remains; mutations per server permission/state; no unknown-publish retry,Shared states/treatments.md + screen specification; not separate artboard,Per-control NOT-01-AT* and relevant production-cases.md
NOT-01,offline,Cached timestamp; text buffers; no paid/approve/publish,Local navigation remains; mutations per server permission/state; no unknown-publish retry,Shared states/treatments.md + screen specification; not separate artboard,Per-control NOT-01-AT* and relevant production-cases.md
NOT-01,reconnecting,Read current revision/jobs before re-enabling mutations,Local navigation remains; mutations per server permission/state; no unknown-publish retry,Shared states/treatments.md + screen specification; not separate artboard,Per-control NOT-01-AT* and relevant production-cases.md
NOT-01,empty,Scope reason; Clear filters or create,Local navigation remains; mutations per server permission/state; no unknown-publish retry,Shared states/treatments.md + screen specification; not separate artboard,Per-control NOT-01-AT* and relevant production-cases.md
NOT-01,skeleton,Same final layout dimensions; reduced motion no shimmer,Local navigation remains; mutations per server permission/state; no unknown-publish retry,Shared states/treatments.md + screen specification; not separate artboard,Per-control NOT-01-AT* and relevant production-cases.md
ANA-01,initial,Title/entry fields; no fake saved or approval state,Local navigation remains; mutations per server permission/state; no unknown-publish retry,Shared states/treatments.md + screen specification; not separate artboard,Per-control ANA-01-AT* and relevant production-cases.md
ANA-01,loading,Preserve cached content; skeleton only uncached body,Local navigation remains; mutations per server permission/state; no unknown-publish retry,Shared states/treatments.md + screen specification; not separate artboard,Per-control ANA-01-AT* and relevant production-cases.md
ANA-01,populated,Revision and actual data visible; role gates,Local navigation remains; mutations per server permission/state; no unknown-publish retry,Shared states/treatments.md + screen specification; not separate artboard,Per-control ANA-01-AT* and relevant production-cases.md
ANA-01,failure,Inline read Retry or persisted action banner; retain values,Local navigation remains; mutations per server permission/state; no unknown-publish retry,Shared states/treatments.md + screen specification; not separate artboard,Per-control ANA-01-AT* and relevant production-cases.md
ANA-01,permission_denied,Read-only permitted content; disabled reason; no unauthorized mutation,Local navigation remains; mutations per server permission/state; no unknown-publish retry,Shared states/treatments.md + screen specification; not separate artboard,Per-control ANA-01-AT* and relevant production-cases.md
ANA-01,session_expired,SYS-01; protected buffer and safe return,Local navigation remains; mutations per server permission/state; no unknown-publish retry,Shared states/treatments.md + screen specification; not separate artboard,Per-control ANA-01-AT* and relevant production-cases.md
ANA-01,offline,Cached timestamp; text buffers; no paid/approve/publish,Local navigation remains; mutations per server permission/state; no unknown-publish retry,Shared states/treatments.md + screen specification; not separate artboard,Per-control ANA-01-AT* and relevant production-cases.md
ANA-01,reconnecting,Read current revision/jobs before re-enabling mutations,Local navigation remains; mutations per server permission/state; no unknown-publish retry,Shared states/treatments.md + screen specification; not separate artboard,Per-control ANA-01-AT* and relevant production-cases.md
ANA-01,empty,Scope reason; Clear filters or create,Local navigation remains; mutations per server permission/state; no unknown-publish retry,Shared states/treatments.md + screen specification; not separate artboard,Per-control ANA-01-AT* and relevant production-cases.md
ANA-01,skeleton,Same final layout dimensions; reduced motion no shimmer,Local navigation remains; mutations per server permission/state; no unknown-publish retry,Shared states/treatments.md + screen specification; not separate artboard,Per-control ANA-01-AT* and relevant production-cases.md
ANA-02,initial,Title/entry fields; no fake saved or approval state,Local navigation remains; mutations per server permission/state; no unknown-publish retry,Shared states/treatments.md + screen specification; not separate artboard,Per-control ANA-02-AT* and relevant production-cases.md
ANA-02,loading,Preserve cached content; skeleton only uncached body,Local navigation remains; mutations per server permission/state; no unknown-publish retry,Shared states/treatments.md + screen specification; not separate artboard,Per-control ANA-02-AT* and relevant production-cases.md
ANA-02,populated,Revision and actual data visible; role gates,Local navigation remains; mutations per server permission/state; no unknown-publish retry,Shared states/treatments.md + screen specification; not separate artboard,Per-control ANA-02-AT* and relevant production-cases.md
ANA-02,failure,Inline read Retry or persisted action banner; retain values,Local navigation remains; mutations per server permission/state; no unknown-publish retry,Shared states/treatments.md + screen specification; not separate artboard,Per-control ANA-02-AT* and relevant production-cases.md
ANA-02,permission_denied,Read-only permitted content; disabled reason; no unauthorized mutation,Local navigation remains; mutations per server permission/state; no unknown-publish retry,Shared states/treatments.md + screen specification; not separate artboard,Per-control ANA-02-AT* and relevant production-cases.md
ANA-02,session_expired,SYS-01; protected buffer and safe return,Local navigation remains; mutations per server permission/state; no unknown-publish retry,Shared states/treatments.md + screen specification; not separate artboard,Per-control ANA-02-AT* and relevant production-cases.md
ANA-02,offline,Cached timestamp; text buffers; no paid/approve/publish,Local navigation remains; mutations per server permission/state; no unknown-publish retry,Shared states/treatments.md + screen specification; not separate artboard,Per-control ANA-02-AT* and relevant production-cases.md
ANA-02,reconnecting,Read current revision/jobs before re-enabling mutations,Local navigation remains; mutations per server permission/state; no unknown-publish retry,Shared states/treatments.md + screen specification; not separate artboard,Per-control ANA-02-AT* and relevant production-cases.md
ANA-03,initial,Title/entry fields; no fake saved or approval state,Local navigation remains; mutations per server permission/state; no unknown-publish retry,Shared states/treatments.md + screen specification; not separate artboard,Per-control ANA-03-AT* and relevant production-cases.md
ANA-03,loading,Preserve cached content; skeleton only uncached body,Local navigation remains; mutations per server permission/state; no unknown-publish retry,Shared states/treatments.md + screen specification; not separate artboard,Per-control ANA-03-AT* and relevant production-cases.md
ANA-03,populated,Revision and actual data visible; role gates,Local navigation remains; mutations per server permission/state; no unknown-publish retry,Shared states/treatments.md + screen specification; not separate artboard,Per-control ANA-03-AT* and relevant production-cases.md
ANA-03,failure,Inline read Retry or persisted action banner; retain values,Local navigation remains; mutations per server permission/state; no unknown-publish retry,Shared states/treatments.md + screen specification; not separate artboard,Per-control ANA-03-AT* and relevant production-cases.md
ANA-03,permission_denied,Read-only permitted content; disabled reason; no unauthorized mutation,Local navigation remains; mutations per server permission/state; no unknown-publish retry,Shared states/treatments.md + screen specification; not separate artboard,Per-control ANA-03-AT* and relevant production-cases.md
ANA-03,session_expired,SYS-01; protected buffer and safe return,Local navigation remains; mutations per server permission/state; no unknown-publish retry,Shared states/treatments.md + screen specification; not separate artboard,Per-control ANA-03-AT* and relevant production-cases.md
ANA-03,offline,Cached timestamp; text buffers; no paid/approve/publish,Local navigation remains; mutations per server permission/state; no unknown-publish retry,Shared states/treatments.md + screen specification; not separate artboard,Per-control ANA-03-AT* and relevant production-cases.md
ANA-03,reconnecting,Read current revision/jobs before re-enabling mutations,Local navigation remains; mutations per server permission/state; no unknown-publish retry,Shared states/treatments.md + screen specification; not separate artboard,Per-control ANA-03-AT* and relevant production-cases.md
SET-01,initial,Title/entry fields; no fake saved or approval state,Local navigation remains; mutations per server permission/state; no unknown-publish retry,Shared states/treatments.md + screen specification; not separate artboard,Per-control SET-01-AT* and relevant production-cases.md
SET-01,loading,Preserve cached content; skeleton only uncached body,Local navigation remains; mutations per server permission/state; no unknown-publish retry,Shared states/treatments.md + screen specification; not separate artboard,Per-control SET-01-AT* and relevant production-cases.md
SET-01,populated,Revision and actual data visible; role gates,Local navigation remains; mutations per server permission/state; no unknown-publish retry,Shared states/treatments.md + screen specification; not separate artboard,Per-control SET-01-AT* and relevant production-cases.md
SET-01,failure,Inline read Retry or persisted action banner; retain values,Local navigation remains; mutations per server permission/state; no unknown-publish retry,Shared states/treatments.md + screen specification; not separate artboard,Per-control SET-01-AT* and relevant production-cases.md
SET-01,permission_denied,Read-only permitted content; disabled reason; no unauthorized mutation,Local navigation remains; mutations per server permission/state; no unknown-publish retry,Shared states/treatments.md + screen specification; not separate artboard,Per-control SET-01-AT* and relevant production-cases.md
SET-01,session_expired,SYS-01; protected buffer and safe return,Local navigation remains; mutations per server permission/state; no unknown-publish retry,Shared states/treatments.md + screen specification; not separate artboard,Per-control SET-01-AT* and relevant production-cases.md
SET-01,offline,Cached timestamp; text buffers; no paid/approve/publish,Local navigation remains; mutations per server permission/state; no unknown-publish retry,Shared states/treatments.md + screen specification; not separate artboard,Per-control SET-01-AT* and relevant production-cases.md
SET-01,reconnecting,Read current revision/jobs before re-enabling mutations,Local navigation remains; mutations per server permission/state; no unknown-publish retry,Shared states/treatments.md + screen specification; not separate artboard,Per-control SET-01-AT* and relevant production-cases.md
SET-01,validation_error,Field describedby; first invalid focus; values retained,Local navigation remains; mutations per server permission/state; no unknown-publish retry,Shared states/treatments.md + screen specification; not separate artboard,Per-control SET-01-AT* and relevant production-cases.md
SET-01,unsaved,Dirty indicator; serialized pending queue,Local navigation remains; mutations per server permission/state; no unknown-publish retry,Shared states/treatments.md + screen specification; not separate artboard,Per-control SET-01-AT* and relevant production-cases.md
SET-01,autosaving,Saving status; no premature Saved,Local navigation remains; mutations per server permission/state; no unknown-publish retry,Shared states/treatments.md + screen specification; not separate artboard,Per-control SET-01-AT* and relevant production-cases.md
SET-01,saved,ACKrevision andtimestamp,Local navigation remains; mutations per server permission/state; no unknown-publish retry,Shared states/treatments.md + screen specification; not separate artboard,Per-control SET-01-AT* and relevant production-cases.md
SET-01,save_failed,Retained protected buffer; Save now/Stay,Local navigation remains; mutations per server permission/state; no unknown-publish retry,Shared states/treatments.md + screen specification; not separate artboard,Per-control SET-01-AT* and relevant production-cases.md
SET-01,conflict,Base/mine/server diff; explicit CAS merge,Local navigation remains; mutations per server permission/state; no unknown-publish retry,Shared states/treatments.md + screen specification; not separate artboard,Per-control SET-01-AT* and relevant production-cases.md
SET-02,initial,Title/entry fields; no fake saved or approval state,Local navigation remains; mutations per server permission/state; no unknown-publish retry,Shared states/treatments.md + screen specification; not separate artboard,Per-control SET-02-AT* and relevant production-cases.md
SET-02,loading,Preserve cached content; skeleton only uncached body,Local navigation remains; mutations per server permission/state; no unknown-publish retry,Shared states/treatments.md + screen specification; not separate artboard,Per-control SET-02-AT* and relevant production-cases.md
SET-02,populated,Revision and actual data visible; role gates,Local navigation remains; mutations per server permission/state; no unknown-publish retry,Shared states/treatments.md + screen specification; not separate artboard,Per-control SET-02-AT* and relevant production-cases.md
SET-02,failure,Inline read Retry or persisted action banner; retain values,Local navigation remains; mutations per server permission/state; no unknown-publish retry,Shared states/treatments.md + screen specification; not separate artboard,Per-control SET-02-AT* and relevant production-cases.md
SET-02,permission_denied,Read-only permitted content; disabled reason; no unauthorized mutation,Local navigation remains; mutations per server permission/state; no unknown-publish retry,Shared states/treatments.md + screen specification; not separate artboard,Per-control SET-02-AT* and relevant production-cases.md
SET-02,session_expired,SYS-01; protected buffer and safe return,Local navigation remains; mutations per server permission/state; no unknown-publish retry,Shared states/treatments.md + screen specification; not separate artboard,Per-control SET-02-AT* and relevant production-cases.md
SET-02,offline,Cached timestamp; text buffers; no paid/approve/publish,Local navigation remains; mutations per server permission/state; no unknown-publish retry,Shared states/treatments.md + screen specification; not separate artboard,Per-control SET-02-AT* and relevant production-cases.md
SET-02,reconnecting,Read current revision/jobs before re-enabling mutations,Local navigation remains; mutations per server permission/state; no unknown-publish retry,Shared states/treatments.md + screen specification; not separate artboard,Per-control SET-02-AT* and relevant production-cases.md
SET-02,validation_error,Field describedby; first invalid focus; values retained,Local navigation remains; mutations per server permission/state; no unknown-publish retry,Shared states/treatments.md + screen specification; not separate artboard,Per-control SET-02-AT* and relevant production-cases.md
SET-02,unsaved,Dirty indicator; serialized pending queue,Local navigation remains; mutations per server permission/state; no unknown-publish retry,Shared states/treatments.md + screen specification; not separate artboard,Per-control SET-02-AT* and relevant production-cases.md
SET-02,autosaving,Saving status; no premature Saved,Local navigation remains; mutations per server permission/state; no unknown-publish retry,Shared states/treatments.md + screen specification; not separate artboard,Per-control SET-02-AT* and relevant production-cases.md
SET-02,saved,ACKrevision andtimestamp,Local navigation remains; mutations per server permission/state; no unknown-publish retry,Shared states/treatments.md + screen specification; not separate artboard,Per-control SET-02-AT* and relevant production-cases.md
SET-02,save_failed,Retained protected buffer; Save now/Stay,Local navigation remains; mutations per server permission/state; no unknown-publish retry,Shared states/treatments.md + screen specification; not separate artboard,Per-control SET-02-AT* and relevant production-cases.md
SET-02,conflict,Base/mine/server diff; explicit CAS merge,Local navigation remains; mutations per server permission/state; no unknown-publish retry,Shared states/treatments.md + screen specification; not separate artboard,Per-control SET-02-AT* and relevant production-cases.md
SET-03,initial,Title/entry fields; no fake saved or approval state,Local navigation remains; mutations per server permission/state; no unknown-publish retry,Shared states/treatments.md + screen specification; not separate artboard,Per-control SET-03-AT* and relevant production-cases.md
SET-03,loading,Preserve cached content; skeleton only uncached body,Local navigation remains; mutations per server permission/state; no unknown-publish retry,Shared states/treatments.md + screen specification; not separate artboard,Per-control SET-03-AT* and relevant production-cases.md
SET-03,populated,Revision and actual data visible; role gates,Local navigation remains; mutations per server permission/state; no unknown-publish retry,Shared states/treatments.md + screen specification; not separate artboard,Per-control SET-03-AT* and relevant production-cases.md
SET-03,failure,Inline read Retry or persisted action banner; retain values,Local navigation remains; mutations per server permission/state; no unknown-publish retry,Shared states/treatments.md + screen specification; not separate artboard,Per-control SET-03-AT* and relevant production-cases.md
SET-03,permission_denied,Read-only permitted content; disabled reason; no unauthorized mutation,Local navigation remains; mutations per server permission/state; no unknown-publish retry,Shared states/treatments.md + screen specification; not separate artboard,Per-control SET-03-AT* and relevant production-cases.md
SET-03,session_expired,SYS-01; protected buffer and safe return,Local navigation remains; mutations per server permission/state; no unknown-publish retry,Shared states/treatments.md + screen specification; not separate artboard,Per-control SET-03-AT* and relevant production-cases.md
SET-03,offline,Cached timestamp; text buffers; no paid/approve/publish,Local navigation remains; mutations per server permission/state; no unknown-publish retry,Shared states/treatments.md + screen specification; not separate artboard,Per-control SET-03-AT* and relevant production-cases.md
SET-03,reconnecting,Read current revision/jobs before re-enabling mutations,Local navigation remains; mutations per server permission/state; no unknown-publish retry,Shared states/treatments.md + screen specification; not separate artboard,Per-control SET-03-AT* and relevant production-cases.md
SET-03,validation_error,Field describedby; first invalid focus; values retained,Local navigation remains; mutations per server permission/state; no unknown-publish retry,Shared states/treatments.md + screen specification; not separate artboard,Per-control SET-03-AT* and relevant production-cases.md
SET-03,unsaved,Dirty indicator; serialized pending queue,Local navigation remains; mutations per server permission/state; no unknown-publish retry,Shared states/treatments.md + screen specification; not separate artboard,Per-control SET-03-AT* and relevant production-cases.md
SET-03,autosaving,Saving status; no premature Saved,Local navigation remains; mutations per server permission/state; no unknown-publish retry,Shared states/treatments.md + screen specification; not separate artboard,Per-control SET-03-AT* and relevant production-cases.md
SET-03,saved,ACKrevision andtimestamp,Local navigation remains; mutations per server permission/state; no unknown-publish retry,Shared states/treatments.md + screen specification; not separate artboard,Per-control SET-03-AT* and relevant production-cases.md
SET-03,save_failed,Retained protected buffer; Save now/Stay,Local navigation remains; mutations per server permission/state; no unknown-publish retry,Shared states/treatments.md + screen specification; not separate artboard,Per-control SET-03-AT* and relevant production-cases.md
SET-03,conflict,Base/mine/server diff; explicit CAS merge,Local navigation remains; mutations per server permission/state; no unknown-publish retry,Shared states/treatments.md + screen specification; not separate artboard,Per-control SET-03-AT* and relevant production-cases.md
SET-04,initial,Title/entry fields; no fake saved or approval state,Local navigation remains; mutations per server permission/state; no unknown-publish retry,Shared states/treatments.md + screen specification; not separate artboard,Per-control SET-04-AT* and relevant production-cases.md
SET-04,loading,Preserve cached content; skeleton only uncached body,Local navigation remains; mutations per server permission/state; no unknown-publish retry,Shared states/treatments.md + screen specification; not separate artboard,Per-control SET-04-AT* and relevant production-cases.md
SET-04,populated,Revision and actual data visible; role gates,Local navigation remains; mutations per server permission/state; no unknown-publish retry,Shared states/treatments.md + screen specification; not separate artboard,Per-control SET-04-AT* and relevant production-cases.md
SET-04,failure,Inline read Retry or persisted action banner; retain values,Local navigation remains; mutations per server permission/state; no unknown-publish retry,Shared states/treatments.md + screen specification; not separate artboard,Per-control SET-04-AT* and relevant production-cases.md
SET-04,permission_denied,Read-only permitted content; disabled reason; no unauthorized mutation,Local navigation remains; mutations per server permission/state; no unknown-publish retry,Shared states/treatments.md + screen specification; not separate artboard,Per-control SET-04-AT* and relevant production-cases.md
SET-04,session_expired,SYS-01; protected buffer and safe return,Local navigation remains; mutations per server permission/state; no unknown-publish retry,Shared states/treatments.md + screen specification; not separate artboard,Per-control SET-04-AT* and relevant production-cases.md
SET-04,offline,Cached timestamp; text buffers; no paid/approve/publish,Local navigation remains; mutations per server permission/state; no unknown-publish retry,Shared states/treatments.md + screen specification; not separate artboard,Per-control SET-04-AT* and relevant production-cases.md
SET-04,reconnecting,Read current revision/jobs before re-enabling mutations,Local navigation remains; mutations per server permission/state; no unknown-publish retry,Shared states/treatments.md + screen specification; not separate artboard,Per-control SET-04-AT* and relevant production-cases.md
SET-04,validation_error,Field describedby; first invalid focus; values retained,Local navigation remains; mutations per server permission/state; no unknown-publish retry,Shared states/treatments.md + screen specification; not separate artboard,Per-control SET-04-AT* and relevant production-cases.md
SET-04,unsaved,Dirty indicator; serialized pending queue,Local navigation remains; mutations per server permission/state; no unknown-publish retry,Shared states/treatments.md + screen specification; not separate artboard,Per-control SET-04-AT* and relevant production-cases.md
SET-04,autosaving,Saving status; no premature Saved,Local navigation remains; mutations per server permission/state; no unknown-publish retry,Shared states/treatments.md + screen specification; not separate artboard,Per-control SET-04-AT* and relevant production-cases.md
SET-04,saved,ACKrevision andtimestamp,Local navigation remains; mutations per server permission/state; no unknown-publish retry,Shared states/treatments.md + screen specification; not separate artboard,Per-control SET-04-AT* and relevant production-cases.md
SET-04,save_failed,Retained protected buffer; Save now/Stay,Local navigation remains; mutations per server permission/state; no unknown-publish retry,Shared states/treatments.md + screen specification; not separate artboard,Per-control SET-04-AT* and relevant production-cases.md
SET-04,conflict,Base/mine/server diff; explicit CAS merge,Local navigation remains; mutations per server permission/state; no unknown-publish retry,Shared states/treatments.md + screen specification; not separate artboard,Per-control SET-04-AT* and relevant production-cases.md
SET-05,initial,Title/entry fields; no fake saved or approval state,Local navigation remains; mutations per server permission/state; no unknown-publish retry,Shared states/treatments.md + screen specification; not separate artboard,Per-control SET-05-AT* and relevant production-cases.md
SET-05,loading,Preserve cached content; skeleton only uncached body,Local navigation remains; mutations per server permission/state; no unknown-publish retry,Shared states/treatments.md + screen specification; not separate artboard,Per-control SET-05-AT* and relevant production-cases.md
SET-05,populated,Revision and actual data visible; role gates,Local navigation remains; mutations per server permission/state; no unknown-publish retry,Shared states/treatments.md + screen specification; not separate artboard,Per-control SET-05-AT* and relevant production-cases.md
SET-05,failure,Inline read Retry or persisted action banner; retain values,Local navigation remains; mutations per server permission/state; no unknown-publish retry,Shared states/treatments.md + screen specification; not separate artboard,Per-control SET-05-AT* and relevant production-cases.md
SET-05,permission_denied,Read-only permitted content; disabled reason; no unauthorized mutation,Local navigation remains; mutations per server permission/state; no unknown-publish retry,Shared states/treatments.md + screen specification; not separate artboard,Per-control SET-05-AT* and relevant production-cases.md
SET-05,session_expired,SYS-01; protected buffer and safe return,Local navigation remains; mutations per server permission/state; no unknown-publish retry,Shared states/treatments.md + screen specification; not separate artboard,Per-control SET-05-AT* and relevant production-cases.md
SET-05,offline,Cached timestamp; text buffers; no paid/approve/publish,Local navigation remains; mutations per server permission/state; no unknown-publish retry,Shared states/treatments.md + screen specification; not separate artboard,Per-control SET-05-AT* and relevant production-cases.md
SET-05,reconnecting,Read current revision/jobs before re-enabling mutations,Local navigation remains; mutations per server permission/state; no unknown-publish retry,Shared states/treatments.md + screen specification; not separate artboard,Per-control SET-05-AT* and relevant production-cases.md
SET-05,validation_error,Field describedby; first invalid focus; values retained,Local navigation remains; mutations per server permission/state; no unknown-publish retry,Shared states/treatments.md + screen specification; not separate artboard,Per-control SET-05-AT* and relevant production-cases.md
SET-05,unsaved,Dirty indicator; serialized pending queue,Local navigation remains; mutations per server permission/state; no unknown-publish retry,Shared states/treatments.md + screen specification; not separate artboard,Per-control SET-05-AT* and relevant production-cases.md
SET-05,autosaving,Saving status; no premature Saved,Local navigation remains; mutations per server permission/state; no unknown-publish retry,Shared states/treatments.md + screen specification; not separate artboard,Per-control SET-05-AT* and relevant production-cases.md
SET-05,saved,ACKrevision andtimestamp,Local navigation remains; mutations per server permission/state; no unknown-publish retry,Shared states/treatments.md + screen specification; not separate artboard,Per-control SET-05-AT* and relevant production-cases.md
SET-05,save_failed,Retained protected buffer; Save now/Stay,Local navigation remains; mutations per server permission/state; no unknown-publish retry,Shared states/treatments.md + screen specification; not separate artboard,Per-control SET-05-AT* and relevant production-cases.md
SET-05,conflict,Base/mine/server diff; explicit CAS merge,Local navigation remains; mutations per server permission/state; no unknown-publish retry,Shared states/treatments.md + screen specification; not separate artboard,Per-control SET-05-AT* and relevant production-cases.md
SET-06,initial,Title/entry fields; no fake saved or approval state,Local navigation remains; mutations per server permission/state; no unknown-publish retry,Shared states/treatments.md + screen specification; not separate artboard,Per-control SET-06-AT* and relevant production-cases.md
SET-06,loading,Preserve cached content; skeleton only uncached body,Local navigation remains; mutations per server permission/state; no unknown-publish retry,Shared states/treatments.md + screen specification; not separate artboard,Per-control SET-06-AT* and relevant production-cases.md
SET-06,populated,Revision and actual data visible; role gates,Local navigation remains; mutations per server permission/state; no unknown-publish retry,Shared states/treatments.md + screen specification; not separate artboard,Per-control SET-06-AT* and relevant production-cases.md
SET-06,failure,Inline read Retry or persisted action banner; retain values,Local navigation remains; mutations per server permission/state; no unknown-publish retry,Shared states/treatments.md + screen specification; not separate artboard,Per-control SET-06-AT* and relevant production-cases.md
SET-06,permission_denied,Read-only permitted content; disabled reason; no unauthorized mutation,Local navigation remains; mutations per server permission/state; no unknown-publish retry,Shared states/treatments.md + screen specification; not separate artboard,Per-control SET-06-AT* and relevant production-cases.md
SET-06,session_expired,SYS-01; protected buffer and safe return,Local navigation remains; mutations per server permission/state; no unknown-publish retry,Shared states/treatments.md + screen specification; not separate artboard,Per-control SET-06-AT* and relevant production-cases.md
SET-06,offline,Cached timestamp; text buffers; no paid/approve/publish,Local navigation remains; mutations per server permission/state; no unknown-publish retry,Shared states/treatments.md + screen specification; not separate artboard,Per-control SET-06-AT* and relevant production-cases.md
SET-06,reconnecting,Read current revision/jobs before re-enabling mutations,Local navigation remains; mutations per server permission/state; no unknown-publish retry,Shared states/treatments.md + screen specification; not separate artboard,Per-control SET-06-AT* and relevant production-cases.md
SET-06,validation_error,Field describedby; first invalid focus; values retained,Local navigation remains; mutations per server permission/state; no unknown-publish retry,Shared states/treatments.md + screen specification; not separate artboard,Per-control SET-06-AT* and relevant production-cases.md
SET-06,unsaved,Dirty indicator; serialized pending queue,Local navigation remains; mutations per server permission/state; no unknown-publish retry,Shared states/treatments.md + screen specification; not separate artboard,Per-control SET-06-AT* and relevant production-cases.md
SET-06,autosaving,Saving status; no premature Saved,Local navigation remains; mutations per server permission/state; no unknown-publish retry,Shared states/treatments.md + screen specification; not separate artboard,Per-control SET-06-AT* and relevant production-cases.md
SET-06,saved,ACKrevision andtimestamp,Local navigation remains; mutations per server permission/state; no unknown-publish retry,Shared states/treatments.md + screen specification; not separate artboard,Per-control SET-06-AT* and relevant production-cases.md
SET-06,save_failed,Retained protected buffer; Save now/Stay,Local navigation remains; mutations per server permission/state; no unknown-publish retry,Shared states/treatments.md + screen specification; not separate artboard,Per-control SET-06-AT* and relevant production-cases.md
SET-06,conflict,Base/mine/server diff; explicit CAS merge,Local navigation remains; mutations per server permission/state; no unknown-publish retry,Shared states/treatments.md + screen specification; not separate artboard,Per-control SET-06-AT* and relevant production-cases.md
SET-07,initial,Title/entry fields; no fake saved or approval state,Local navigation remains; mutations per server permission/state; no unknown-publish retry,Shared states/treatments.md + screen specification; not separate artboard,Per-control SET-07-AT* and relevant production-cases.md
SET-07,loading,Preserve cached content; skeleton only uncached body,Local navigation remains; mutations per server permission/state; no unknown-publish retry,Shared states/treatments.md + screen specification; not separate artboard,Per-control SET-07-AT* and relevant production-cases.md
SET-07,populated,Revision and actual data visible; role gates,Local navigation remains; mutations per server permission/state; no unknown-publish retry,Shared states/treatments.md + screen specification; not separate artboard,Per-control SET-07-AT* and relevant production-cases.md
SET-07,failure,Inline read Retry or persisted action banner; retain values,Local navigation remains; mutations per server permission/state; no unknown-publish retry,Shared states/treatments.md + screen specification; not separate artboard,Per-control SET-07-AT* and relevant production-cases.md
SET-07,permission_denied,Read-only permitted content; disabled reason; no unauthorized mutation,Local navigation remains; mutations per server permission/state; no unknown-publish retry,Shared states/treatments.md + screen specification; not separate artboard,Per-control SET-07-AT* and relevant production-cases.md
SET-07,session_expired,SYS-01; protected buffer and safe return,Local navigation remains; mutations per server permission/state; no unknown-publish retry,Shared states/treatments.md + screen specification; not separate artboard,Per-control SET-07-AT* and relevant production-cases.md
SET-07,offline,Cached timestamp; text buffers; no paid/approve/publish,Local navigation remains; mutations per server permission/state; no unknown-publish retry,Shared states/treatments.md + screen specification; not separate artboard,Per-control SET-07-AT* and relevant production-cases.md
SET-07,reconnecting,Read current revision/jobs before re-enabling mutations,Local navigation remains; mutations per server permission/state; no unknown-publish retry,Shared states/treatments.md + screen specification; not separate artboard,Per-control SET-07-AT* and relevant production-cases.md
SET-07,validation_error,Field describedby; first invalid focus; values retained,Local navigation remains; mutations per server permission/state; no unknown-publish retry,Shared states/treatments.md + screen specification; not separate artboard,Per-control SET-07-AT* and relevant production-cases.md
SET-07,unsaved,Dirty indicator; serialized pending queue,Local navigation remains; mutations per server permission/state; no unknown-publish retry,Shared states/treatments.md + screen specification; not separate artboard,Per-control SET-07-AT* and relevant production-cases.md
SET-07,autosaving,Saving status; no premature Saved,Local navigation remains; mutations per server permission/state; no unknown-publish retry,Shared states/treatments.md + screen specification; not separate artboard,Per-control SET-07-AT* and relevant production-cases.md
SET-07,saved,ACKrevision andtimestamp,Local navigation remains; mutations per server permission/state; no unknown-publish retry,Shared states/treatments.md + screen specification; not separate artboard,Per-control SET-07-AT* and relevant production-cases.md
SET-07,save_failed,Retained protected buffer; Save now/Stay,Local navigation remains; mutations per server permission/state; no unknown-publish retry,Shared states/treatments.md + screen specification; not separate artboard,Per-control SET-07-AT* and relevant production-cases.md
SET-07,conflict,Base/mine/server diff; explicit CAS merge,Local navigation remains; mutations per server permission/state; no unknown-publish retry,Shared states/treatments.md + screen specification; not separate artboard,Per-control SET-07-AT* and relevant production-cases.md
SET-08,initial,Title/entry fields; no fake saved or approval state,Local navigation remains; mutations per server permission/state; no unknown-publish retry,Shared states/treatments.md + screen specification; not separate artboard,Per-control SET-08-AT* and relevant production-cases.md
SET-08,loading,Preserve cached content; skeleton only uncached body,Local navigation remains; mutations per server permission/state; no unknown-publish retry,Shared states/treatments.md + screen specification; not separate artboard,Per-control SET-08-AT* and relevant production-cases.md
SET-08,populated,Revision and actual data visible; role gates,Local navigation remains; mutations per server permission/state; no unknown-publish retry,Shared states/treatments.md + screen specification; not separate artboard,Per-control SET-08-AT* and relevant production-cases.md
SET-08,failure,Inline read Retry or persisted action banner; retain values,Local navigation remains; mutations per server permission/state; no unknown-publish retry,Shared states/treatments.md + screen specification; not separate artboard,Per-control SET-08-AT* and relevant production-cases.md
SET-08,permission_denied,Read-only permitted content; disabled reason; no unauthorized mutation,Local navigation remains; mutations per server permission/state; no unknown-publish retry,Shared states/treatments.md + screen specification; not separate artboard,Per-control SET-08-AT* and relevant production-cases.md
SET-08,session_expired,SYS-01; protected buffer and safe return,Local navigation remains; mutations per server permission/state; no unknown-publish retry,Shared states/treatments.md + screen specification; not separate artboard,Per-control SET-08-AT* and relevant production-cases.md
SET-08,offline,Cached timestamp; text buffers; no paid/approve/publish,Local navigation remains; mutations per server permission/state; no unknown-publish retry,Shared states/treatments.md + screen specification; not separate artboard,Per-control SET-08-AT* and relevant production-cases.md
SET-08,reconnecting,Read current revision/jobs before re-enabling mutations,Local navigation remains; mutations per server permission/state; no unknown-publish retry,Shared states/treatments.md + screen specification; not separate artboard,Per-control SET-08-AT* and relevant production-cases.md
SET-08,validation_error,Field describedby; first invalid focus; values retained,Local navigation remains; mutations per server permission/state; no unknown-publish retry,Shared states/treatments.md + screen specification; not separate artboard,Per-control SET-08-AT* and relevant production-cases.md
SET-08,unsaved,Dirty indicator; serialized pending queue,Local navigation remains; mutations per server permission/state; no unknown-publish retry,Shared states/treatments.md + screen specification; not separate artboard,Per-control SET-08-AT* and relevant production-cases.md
SET-08,autosaving,Saving status; no premature Saved,Local navigation remains; mutations per server permission/state; no unknown-publish retry,Shared states/treatments.md + screen specification; not separate artboard,Per-control SET-08-AT* and relevant production-cases.md
SET-08,saved,ACKrevision andtimestamp,Local navigation remains; mutations per server permission/state; no unknown-publish retry,Shared states/treatments.md + screen specification; not separate artboard,Per-control SET-08-AT* and relevant production-cases.md
SET-08,save_failed,Retained protected buffer; Save now/Stay,Local navigation remains; mutations per server permission/state; no unknown-publish retry,Shared states/treatments.md + screen specification; not separate artboard,Per-control SET-08-AT* and relevant production-cases.md
SET-08,conflict,Base/mine/server diff; explicit CAS merge,Local navigation remains; mutations per server permission/state; no unknown-publish retry,Shared states/treatments.md + screen specification; not separate artboard,Per-control SET-08-AT* and relevant production-cases.md
SET-09,initial,Title/entry fields; no fake saved or approval state,Local navigation remains; mutations per server permission/state; no unknown-publish retry,Shared states/treatments.md + screen specification; not separate artboard,Per-control SET-09-AT* and relevant production-cases.md
SET-09,loading,Preserve cached content; skeleton only uncached body,Local navigation remains; mutations per server permission/state; no unknown-publish retry,Shared states/treatments.md + screen specification; not separate artboard,Per-control SET-09-AT* and relevant production-cases.md
SET-09,populated,Revision and actual data visible; role gates,Local navigation remains; mutations per server permission/state; no unknown-publish retry,Shared states/treatments.md + screen specification; not separate artboard,Per-control SET-09-AT* and relevant production-cases.md
SET-09,failure,Inline read Retry or persisted action banner; retain values,Local navigation remains; mutations per server permission/state; no unknown-publish retry,Shared states/treatments.md + screen specification; not separate artboard,Per-control SET-09-AT* and relevant production-cases.md
SET-09,permission_denied,Read-only permitted content; disabled reason; no unauthorized mutation,Local navigation remains; mutations per server permission/state; no unknown-publish retry,Shared states/treatments.md + screen specification; not separate artboard,Per-control SET-09-AT* and relevant production-cases.md
SET-09,session_expired,SYS-01; protected buffer and safe return,Local navigation remains; mutations per server permission/state; no unknown-publish retry,Shared states/treatments.md + screen specification; not separate artboard,Per-control SET-09-AT* and relevant production-cases.md
SET-09,offline,Cached timestamp; text buffers; no paid/approve/publish,Local navigation remains; mutations per server permission/state; no unknown-publish retry,Shared states/treatments.md + screen specification; not separate artboard,Per-control SET-09-AT* and relevant production-cases.md
SET-09,reconnecting,Read current revision/jobs before re-enabling mutations,Local navigation remains; mutations per server permission/state; no unknown-publish retry,Shared states/treatments.md + screen specification; not separate artboard,Per-control SET-09-AT* and relevant production-cases.md
SET-09,validation_error,Field describedby; first invalid focus; values retained,Local navigation remains; mutations per server permission/state; no unknown-publish retry,Shared states/treatments.md + screen specification; not separate artboard,Per-control SET-09-AT* and relevant production-cases.md
SET-09,unsaved,Dirty indicator; serialized pending queue,Local navigation remains; mutations per server permission/state; no unknown-publish retry,Shared states/treatments.md + screen specification; not separate artboard,Per-control SET-09-AT* and relevant production-cases.md
SET-09,autosaving,Saving status; no premature Saved,Local navigation remains; mutations per server permission/state; no unknown-publish retry,Shared states/treatments.md + screen specification; not separate artboard,Per-control SET-09-AT* and relevant production-cases.md
SET-09,saved,ACKrevision andtimestamp,Local navigation remains; mutations per server permission/state; no unknown-publish retry,Shared states/treatments.md + screen specification; not separate artboard,Per-control SET-09-AT* and relevant production-cases.md
SET-09,save_failed,Retained protected buffer; Save now/Stay,Local navigation remains; mutations per server permission/state; no unknown-publish retry,Shared states/treatments.md + screen specification; not separate artboard,Per-control SET-09-AT* and relevant production-cases.md
SET-09,conflict,Base/mine/server diff; explicit CAS merge,Local navigation remains; mutations per server permission/state; no unknown-publish retry,Shared states/treatments.md + screen specification; not separate artboard,Per-control SET-09-AT* and relevant production-cases.md
SET-10,initial,Title/entry fields; no fake saved or approval state,Local navigation remains; mutations per server permission/state; no unknown-publish retry,Shared states/treatments.md + screen specification; not separate artboard,Per-control SET-10-AT* and relevant production-cases.md
SET-10,loading,Preserve cached content; skeleton only uncached body,Local navigation remains; mutations per server permission/state; no unknown-publish retry,Shared states/treatments.md + screen specification; not separate artboard,Per-control SET-10-AT* and relevant production-cases.md
SET-10,populated,Revision and actual data visible; role gates,Local navigation remains; mutations per server permission/state; no unknown-publish retry,Shared states/treatments.md + screen specification; not separate artboard,Per-control SET-10-AT* and relevant production-cases.md
SET-10,failure,Inline read Retry or persisted action banner; retain values,Local navigation remains; mutations per server permission/state; no unknown-publish retry,Shared states/treatments.md + screen specification; not separate artboard,Per-control SET-10-AT* and relevant production-cases.md
SET-10,permission_denied,Read-only permitted content; disabled reason; no unauthorized mutation,Local navigation remains; mutations per server permission/state; no unknown-publish retry,Shared states/treatments.md + screen specification; not separate artboard,Per-control SET-10-AT* and relevant production-cases.md
SET-10,session_expired,SYS-01; protected buffer and safe return,Local navigation remains; mutations per server permission/state; no unknown-publish retry,Shared states/treatments.md + screen specification; not separate artboard,Per-control SET-10-AT* and relevant production-cases.md
SET-10,offline,Cached timestamp; text buffers; no paid/approve/publish,Local navigation remains; mutations per server permission/state; no unknown-publish retry,Shared states/treatments.md + screen specification; not separate artboard,Per-control SET-10-AT* and relevant production-cases.md
SET-10,reconnecting,Read current revision/jobs before re-enabling mutations,Local navigation remains; mutations per server permission/state; no unknown-publish retry,Shared states/treatments.md + screen specification; not separate artboard,Per-control SET-10-AT* and relevant production-cases.md
SET-10,validation_error,Field describedby; first invalid focus; values retained,Local navigation remains; mutations per server permission/state; no unknown-publish retry,Shared states/treatments.md + screen specification; not separate artboard,Per-control SET-10-AT* and relevant production-cases.md
SET-10,unsaved,Dirty indicator; serialized pending queue,Local navigation remains; mutations per server permission/state; no unknown-publish retry,Shared states/treatments.md + screen specification; not separate artboard,Per-control SET-10-AT* and relevant production-cases.md
SET-10,autosaving,Saving status; no premature Saved,Local navigation remains; mutations per server permission/state; no unknown-publish retry,Shared states/treatments.md + screen specification; not separate artboard,Per-control SET-10-AT* and relevant production-cases.md
SET-10,saved,ACKrevision andtimestamp,Local navigation remains; mutations per server permission/state; no unknown-publish retry,Shared states/treatments.md + screen specification; not separate artboard,Per-control SET-10-AT* and relevant production-cases.md
SET-10,save_failed,Retained protected buffer; Save now/Stay,Local navigation remains; mutations per server permission/state; no unknown-publish retry,Shared states/treatments.md + screen specification; not separate artboard,Per-control SET-10-AT* and relevant production-cases.md
SET-10,conflict,Base/mine/server diff; explicit CAS merge,Local navigation remains; mutations per server permission/state; no unknown-publish retry,Shared states/treatments.md + screen specification; not separate artboard,Per-control SET-10-AT* and relevant production-cases.md
SET-11,initial,Title/entry fields; no fake saved or approval state,Local navigation remains; mutations per server permission/state; no unknown-publish retry,Shared states/treatments.md + screen specification; not separate artboard,Per-control SET-11-AT* and relevant production-cases.md
SET-11,loading,Preserve cached content; skeleton only uncached body,Local navigation remains; mutations per server permission/state; no unknown-publish retry,Shared states/treatments.md + screen specification; not separate artboard,Per-control SET-11-AT* and relevant production-cases.md
SET-11,populated,Revision and actual data visible; role gates,Local navigation remains; mutations per server permission/state; no unknown-publish retry,Shared states/treatments.md + screen specification; not separate artboard,Per-control SET-11-AT* and relevant production-cases.md
SET-11,failure,Inline read Retry or persisted action banner; retain values,Local navigation remains; mutations per server permission/state; no unknown-publish retry,Shared states/treatments.md + screen specification; not separate artboard,Per-control SET-11-AT* and relevant production-cases.md
SET-11,permission_denied,Read-only permitted content; disabled reason; no unauthorized mutation,Local navigation remains; mutations per server permission/state; no unknown-publish retry,Shared states/treatments.md + screen specification; not separate artboard,Per-control SET-11-AT* and relevant production-cases.md
SET-11,session_expired,SYS-01; protected buffer and safe return,Local navigation remains; mutations per server permission/state; no unknown-publish retry,Shared states/treatments.md + screen specification; not separate artboard,Per-control SET-11-AT* and relevant production-cases.md
SET-11,offline,Cached timestamp; text buffers; no paid/approve/publish,Local navigation remains; mutations per server permission/state; no unknown-publish retry,Shared states/treatments.md + screen specification; not separate artboard,Per-control SET-11-AT* and relevant production-cases.md
SET-11,reconnecting,Read current revision/jobs before re-enabling mutations,Local navigation remains; mutations per server permission/state; no unknown-publish retry,Shared states/treatments.md + screen specification; not separate artboard,Per-control SET-11-AT* and relevant production-cases.md
SET-11,validation_error,Field describedby; first invalid focus; values retained,Local navigation remains; mutations per server permission/state; no unknown-publish retry,Shared states/treatments.md + screen specification; not separate artboard,Per-control SET-11-AT* and relevant production-cases.md
SET-11,unsaved,Dirty indicator; serialized pending queue,Local navigation remains; mutations per server permission/state; no unknown-publish retry,Shared states/treatments.md + screen specification; not separate artboard,Per-control SET-11-AT* and relevant production-cases.md
SET-11,autosaving,Saving status; no premature Saved,Local navigation remains; mutations per server permission/state; no unknown-publish retry,Shared states/treatments.md + screen specification; not separate artboard,Per-control SET-11-AT* and relevant production-cases.md
SET-11,saved,ACKrevision andtimestamp,Local navigation remains; mutations per server permission/state; no unknown-publish retry,Shared states/treatments.md + screen specification; not separate artboard,Per-control SET-11-AT* and relevant production-cases.md
SET-11,save_failed,Retained protected buffer; Save now/Stay,Local navigation remains; mutations per server permission/state; no unknown-publish retry,Shared states/treatments.md + screen specification; not separate artboard,Per-control SET-11-AT* and relevant production-cases.md
SET-11,conflict,Base/mine/server diff; explicit CAS merge,Local navigation remains; mutations per server permission/state; no unknown-publish retry,Shared states/treatments.md + screen specification; not separate artboard,Per-control SET-11-AT* and relevant production-cases.md
HELP-01,initial,Title/entry fields; no fake saved or approval state,Local navigation remains; mutations per server permission/state; no unknown-publish retry,Shared states/treatments.md + screen specification; not separate artboard,Per-control HELP-01-AT* and relevant production-cases.md
HELP-01,loading,Preserve cached content; skeleton only uncached body,Local navigation remains; mutations per server permission/state; no unknown-publish retry,Shared states/treatments.md + screen specification; not separate artboard,Per-control HELP-01-AT* and relevant production-cases.md
HELP-01,populated,Revision and actual data visible; role gates,Local navigation remains; mutations per server permission/state; no unknown-publish retry,Shared states/treatments.md + screen specification; not separate artboard,Per-control HELP-01-AT* and relevant production-cases.md
HELP-01,failure,Inline read Retry or persisted action banner; retain values,Local navigation remains; mutations per server permission/state; no unknown-publish retry,Shared states/treatments.md + screen specification; not separate artboard,Per-control HELP-01-AT* and relevant production-cases.md
HELP-01,permission_denied,Read-only permitted content; disabled reason; no unauthorized mutation,Local navigation remains; mutations per server permission/state; no unknown-publish retry,Shared states/treatments.md + screen specification; not separate artboard,Per-control HELP-01-AT* and relevant production-cases.md
HELP-01,session_expired,SYS-01; protected buffer and safe return,Local navigation remains; mutations per server permission/state; no unknown-publish retry,Shared states/treatments.md + screen specification; not separate artboard,Per-control HELP-01-AT* and relevant production-cases.md
HELP-01,offline,Cached timestamp; text buffers; no paid/approve/publish,Local navigation remains; mutations per server permission/state; no unknown-publish retry,Shared states/treatments.md + screen specification; not separate artboard,Per-control HELP-01-AT* and relevant production-cases.md
HELP-01,reconnecting,Read current revision/jobs before re-enabling mutations,Local navigation remains; mutations per server permission/state; no unknown-publish retry,Shared states/treatments.md + screen specification; not separate artboard,Per-control HELP-01-AT* and relevant production-cases.md
SYS-01,initial,Title/entry fields; no fake saved or approval state,Local navigation remains; mutations per server permission/state; no unknown-publish retry,Shared states/treatments.md + screen specification; not separate artboard,Per-control SYS-01-AT* and relevant production-cases.md
SYS-01,loading,Preserve cached content; skeleton only uncached body,Local navigation remains; mutations per server permission/state; no unknown-publish retry,Shared states/treatments.md + screen specification; not separate artboard,Per-control SYS-01-AT* and relevant production-cases.md
SYS-01,populated,Revision and actual data visible; role gates,Local navigation remains; mutations per server permission/state; no unknown-publish retry,Shared states/treatments.md + screen specification; not separate artboard,Per-control SYS-01-AT* and relevant production-cases.md
SYS-01,failure,Inline read Retry or persisted action banner; retain values,Local navigation remains; mutations per server permission/state; no unknown-publish retry,Shared states/treatments.md + screen specification; not separate artboard,Per-control SYS-01-AT* and relevant production-cases.md
SYS-01,permission_denied,Read-only permitted content; disabled reason; no unauthorized mutation,Local navigation remains; mutations per server permission/state; no unknown-publish retry,Shared states/treatments.md + screen specification; not separate artboard,Per-control SYS-01-AT* and relevant production-cases.md
SYS-01,session_expired,SYS-01; protected buffer and safe return,Local navigation remains; mutations per server permission/state; no unknown-publish retry,Shared states/treatments.md + screen specification; not separate artboard,Per-control SYS-01-AT* and relevant production-cases.md
SYS-01,offline,Cached timestamp; text buffers; no paid/approve/publish,Local navigation remains; mutations per server permission/state; no unknown-publish retry,Shared states/treatments.md + screen specification; not separate artboard,Per-control SYS-01-AT* and relevant production-cases.md
SYS-01,reconnecting,Read current revision/jobs before re-enabling mutations,Local navigation remains; mutations per server permission/state; no unknown-publish retry,Shared states/treatments.md + screen specification; not separate artboard,Per-control SYS-01-AT* and relevant production-cases.md
SYS-02,initial,Title/entry fields; no fake saved or approval state,Local navigation remains; mutations per server permission/state; no unknown-publish retry,Shared states/treatments.md + screen specification; not separate artboard,Per-control SYS-02-AT* and relevant production-cases.md
SYS-02,loading,Preserve cached content; skeleton only uncached body,Local navigation remains; mutations per server permission/state; no unknown-publish retry,Shared states/treatments.md + screen specification; not separate artboard,Per-control SYS-02-AT* and relevant production-cases.md
SYS-02,populated,Revision and actual data visible; role gates,Local navigation remains; mutations per server permission/state; no unknown-publish retry,Shared states/treatments.md + screen specification; not separate artboard,Per-control SYS-02-AT* and relevant production-cases.md
SYS-02,failure,Inline read Retry or persisted action banner; retain values,Local navigation remains; mutations per server permission/state; no unknown-publish retry,Shared states/treatments.md + screen specification; not separate artboard,Per-control SYS-02-AT* and relevant production-cases.md
SYS-02,permission_denied,Read-only permitted content; disabled reason; no unauthorized mutation,Local navigation remains; mutations per server permission/state; no unknown-publish retry,Shared states/treatments.md + screen specification; not separate artboard,Per-control SYS-02-AT* and relevant production-cases.md
SYS-02,session_expired,SYS-01; protected buffer and safe return,Local navigation remains; mutations per server permission/state; no unknown-publish retry,Shared states/treatments.md + screen specification; not separate artboard,Per-control SYS-02-AT* and relevant production-cases.md
SYS-02,offline,Cached timestamp; text buffers; no paid/approve/publish,Local navigation remains; mutations per server permission/state; no unknown-publish retry,Shared states/treatments.md + screen specification; not separate artboard,Per-control SYS-02-AT* and relevant production-cases.md
SYS-02,reconnecting,Read current revision/jobs before re-enabling mutations,Local navigation remains; mutations per server permission/state; no unknown-publish retry,Shared states/treatments.md + screen specification; not separate artboard,Per-control SYS-02-AT* and relevant production-cases.md
GEN-02,initial,Title/entry fields; no fake saved or approval state,Local navigation remains; mutations per server permission/state; no unknown-publish retry,Shared states/treatments.md + screen specification; not separate artboard,Per-control GEN-02-AT* and relevant production-cases.md
GEN-02,loading,Preserve cached content; skeleton only uncached body,Local navigation remains; mutations per server permission/state; no unknown-publish retry,Shared states/treatments.md + screen specification; not separate artboard,Per-control GEN-02-AT* and relevant production-cases.md
GEN-02,populated,Revision and actual data visible; role gates,Local navigation remains; mutations per server permission/state; no unknown-publish retry,Shared states/treatments.md + screen specification; not separate artboard,Per-control GEN-02-AT* and relevant production-cases.md
GEN-02,failure,Inline read Retry or persisted action banner; retain values,Local navigation remains; mutations per server permission/state; no unknown-publish retry,Shared states/treatments.md + screen specification; not separate artboard,Per-control GEN-02-AT* and relevant production-cases.md
GEN-02,permission_denied,Read-only permitted content; disabled reason; no unauthorized mutation,Local navigation remains; mutations per server permission/state; no unknown-publish retry,Shared states/treatments.md + screen specification; not separate artboard,Per-control GEN-02-AT* and relevant production-cases.md
GEN-02,session_expired,SYS-01; protected buffer and safe return,Local navigation remains; mutations per server permission/state; no unknown-publish retry,Shared states/treatments.md + screen specification; not separate artboard,Per-control GEN-02-AT* and relevant production-cases.md
GEN-02,offline,Cached timestamp; text buffers; no paid/approve/publish,Local navigation remains; mutations per server permission/state; no unknown-publish retry,Shared states/treatments.md + screen specification; not separate artboard,Per-control GEN-02-AT* and relevant production-cases.md
GEN-02,reconnecting,Read current revision/jobs before re-enabling mutations,Local navigation remains; mutations per server permission/state; no unknown-publish retry,Shared states/treatments.md + screen specification; not separate artboard,Per-control GEN-02-AT* and relevant production-cases.md
GEN-02,queued,"Queue stage,background link,cancel if server allows",Local navigation remains; mutations per server permission/state; no unknown-publish retry,Shared states/treatments.md + screen specification; not separate artboard,Per-control GEN-02-AT* and relevant production-cases.md
GEN-02,running,"Actual units,heartbeat,stage; no global block",Local navigation remains; mutations per server permission/state; no unknown-publish retry,Shared states/treatments.md + screen specification; not separate artboard,Per-control GEN-02-AT* and relevant production-cases.md
GEN-02,partial_success,Successful unit links and scoped failed retries,Local navigation remains; mutations per server permission/state; no unknown-publish retry,Shared states/treatments.md + screen specification; not separate artboard,Per-control GEN-02-AT* and relevant production-cases.md
GEN-02,stalled,"Server heartbeat/leaseflag; diagnostics,not browser timeout",Local navigation remains; mutations per server permission/state; no unknown-publish retry,Shared states/treatments.md + screen specification; not separate artboard,Per-control GEN-02-AT* and relevant production-cases.md
GEN-02,cancelling,"Stop requested,checkpoint pending; retained units",Local navigation remains; mutations per server permission/state; no unknown-publish retry,Shared states/treatments.md + screen specification; not separate artboard,Per-control GEN-02-AT* and relevant production-cases.md
GEN-02,cancelled,Retained completed units; new intent to resume,Local navigation remains; mutations per server permission/state; no unknown-publish retry,Shared states/treatments.md + screen specification; not separate artboard,Per-control GEN-02-AT* and relevant production-cases.md
GEN-02,completed,Final actual asset validation and stage; related entity link,Local navigation remains; mutations per server permission/state; no unknown-publish retry,Shared states/treatments.md + screen specification; not separate artboard,Per-control GEN-02-AT* and relevant production-cases.md
GEN-02,retryable_failure,Reason andcorrected-config Retry if canRetry,Local navigation remains; mutations per server permission/state; no unknown-publish retry,Shared states/treatments.md + screen specification; not separate artboard,Per-control GEN-02-AT* and relevant production-cases.md
GEN-02,permanent_failure,Retained drafts/units; export andmanualcorrection,Local navigation remains; mutations per server permission/state; no unknown-publish retry,Shared states/treatments.md + screen specification; not separate artboard,Per-control GEN-02-AT* and relevant production-cases.md
DISC-02,initial,Title/entry fields; no fake saved or approval state,Local navigation remains; mutations per server permission/state; no unknown-publish retry,Shared states/treatments.md + screen specification; not separate artboard,Per-control DISC-02-AT* and relevant production-cases.md
DISC-02,loading,Preserve cached content; skeleton only uncached body,Local navigation remains; mutations per server permission/state; no unknown-publish retry,Shared states/treatments.md + screen specification; not separate artboard,Per-control DISC-02-AT* and relevant production-cases.md
DISC-02,populated,Revision and actual data visible; role gates,Local navigation remains; mutations per server permission/state; no unknown-publish retry,Shared states/treatments.md + screen specification; not separate artboard,Per-control DISC-02-AT* and relevant production-cases.md
DISC-02,empty,Scope reason; Clear filters or create,Local navigation remains; mutations per server permission/state; no unknown-publish retry,Shared states/treatments.md + screen specification; not separate artboard,Per-control DISC-02-AT* and relevant production-cases.md
DISC-02,failure,Inline read Retry or persisted action banner; retain values,Local navigation remains; mutations per server permission/state; no unknown-publish retry,Shared states/treatments.md + screen specification; not separate artboard,Per-control DISC-02-AT* and relevant production-cases.md
DISC-02,offline,Cached timestamp; text buffers; no paid/approve/publish,Local navigation remains; mutations per server permission/state; no unknown-publish retry,Shared states/treatments.md + screen specification; not separate artboard,Per-control DISC-02-AT* and relevant production-cases.md
DISC-02,reconnecting,Read current revision/jobs before re-enabling mutations,Local navigation remains; mutations per server permission/state; no unknown-publish retry,Shared states/treatments.md + screen specification; not separate artboard,Per-control DISC-02-AT* and relevant production-cases.md
DISC-02,session_expired,SYS-01; protected buffer and safe return,Local navigation remains; mutations per server permission/state; no unknown-publish retry,Shared states/treatments.md + screen specification; not separate artboard,Per-control DISC-02-AT* and relevant production-cases.md
DISC-02,permission_denied,Read-only permitted content; disabled reason; no unauthorized mutation,Local navigation remains; mutations per server permission/state; no unknown-publish retry,Shared states/treatments.md + screen specification; not separate artboard,Per-control DISC-02-AT* and relevant production-cases.md
