id,screen,control,type,trigger,preconditions,action,feedback,loading,success,failure,recovery,destination,accessibility,api,api_notes,request,test,dialog
AUTH-01-I01,AUTH-01,email,field,Input/change; editor autosave800ms or explicit Save,"Editable form, or public authentication field",Update local form buffer; trim; syntactic email; autofill=email. Commit only on form Save or editor autosave.,Field value retained; public/form inputs do not autosave until submit. Editor fields follow ordered CAS save.,Busy only this entity/action. Reads keep cache; mutations retain form. aria-busy and polite status. Prevent repeated submit with same intent key.,Update local form buffer; trim; syntactic email; autofill=email. Commit only on form Save or editor autosave.,422: attach field errors and retain input;403: read-only permission banner;401: SYS-01 with safe return;409: show current state and retain draft; network: retain buffer and fetch authoritative state before retry.,Retry safe reads freely; mutation retries reuse same key after status fetch; never retry uncertain external publication. Cancel form keeps acknowledged revision; cancel job only via server checkpoint.,/sign-in,Visible label;44px/pt target; keyboard equivalent; focus2px forest offset2px; describedby error; restore focus on close; VoiceOver selected/position; status polite.,None on input; owning form Save contract,No mutation on this gesture,trim; syntactic email; autofill=email,AUTH-01-AT01,Destructive/paid/publication action uses catalog; input/navigation none
AUTH-01-I02,AUTH-01,send-code,mutation,Click/Enter/Space or native tap; drag has Move before/after alternative,Valid email; online; public access,"Open AUTH-02 with challengeId, expiresAt and resendAfter",Selected/focused state; retain content and exact values; no optimistic Saved or Approved,Busy only this entity/action. Reads keep cache; mutations retain form. aria-busy and polite status. Prevent repeated submit with same intent key.,"Open AUTH-02 with challengeId, expiresAt and resendAfter",422: attach field errors and retain input;403: read-only permission banner;401: SYS-01 with safe return;409: show current state and retain draft; network: retain buffer and fetch authoritative state before retry.,Retry safe reads freely; mutation retries reuse same key after status fetch; never retry uncertain external publication. Cancel form keeps acknowledged revision; cancel job only via server checkpoint.,AUTH-02 with returned challengeId,Visible label;44px/pt target; keyboard equivalent; focus2px forest offset2px; describedby error; restore focus on close; VoiceOver selected/position; status polite.,POST /v1/auth/email/challenges,Proposed exact contract; not present in audited repository,"{email,returnTo}",AUTH-01-AT02,Destructive/paid/publication action uses catalog; input/navigation none
AUTH-01-I03,AUTH-01,apple-signin,mutation,Click/Enter/Space or native tap; drag has Move before/after alternative,Native authentication succeeds; verify server nonce,Set session; same onboarding branch as email,Selected/focused state; retain content and exact values; no optimistic Saved or Approved,Busy only this entity/action. Reads keep cache; mutations retain form. aria-busy and polite status. Prevent repeated submit with same intent key.,Set session; same onboarding branch as email,422: attach field errors and retain input;403: read-only permission banner;401: SYS-01 with safe return;409: show current state and retain draft; network: retain buffer and fetch authoritative state before retry.,Retry safe reads freely; mutation retries reuse same key after status fetch; never retry uncertain external publication. Cancel form keeps acknowledged revision; cancel job only via server checkpoint.,Remain on /sign-in with acknowledged revision/state; no implicit publication or navigation,Visible label;44px/pt target; keyboard equivalent; focus2px forest offset2px; describedby error; restore focus on close; VoiceOver selected/position; status polite.,POST /v1/auth/apple,Proposed exact contract; not present in audited repository,"{identityToken,nonce,authorizationCode}",AUTH-01-AT03,Destructive/paid/publication action uses catalog; input/navigation none
AUTH-01-I04,AUTH-01,help,navigation,Click/Enter/Space or native tap; drag has Move before/after alternative,Read permission for requested entity; public routes exempt,"Open HELP-01 for selected authorized entity; preserve originating route, tab stack and scroll.",Selected/focused state; retain content and exact values; no optimistic Saved or Approved,Busy only this entity/action. Reads keep cache; mutations retain form. aria-busy and polite status. Prevent repeated submit with same intent key.,"Open HELP-01 for selected authorized entity; preserve originating route, tab stack and scroll.",Read failure retains last loaded content labeled stale with Retry; denied/missing target opens SYS-02; offline navigation uses cached authorized content.,Retry safe reads freely; mutation retries reuse same key after status fetch; never retry uncertain external publication. Cancel form keeps acknowledged revision; cancel job only via server checkpoint.,HELP-01,Visible label;44px/pt target; keyboard equivalent; focus2px forest offset2px; describedby error; restore focus on close; VoiceOver selected/position; status polite.,None: local UI/navigation; destination resource read only,No mutation on this gesture,No payload,AUTH-01-AT04,Destructive/paid/publication action uses catalog; input/navigation none
AUTH-02-I01,AUTH-02,code,field,Input/change; editor autosave800ms or explicit Save,"Editable form, or public authentication field",Update local form buffer; 6numeric digits; one input; oneTimeCode. Commit only on form Save or editor autosave.,Field value retained; public/form inputs do not autosave until submit. Editor fields follow ordered CAS save.,Busy only this entity/action. Reads keep cache; mutations retain form. aria-busy and polite status. Prevent repeated submit with same intent key.,Update local form buffer; 6numeric digits; one input; oneTimeCode. Commit only on form Save or editor autosave.,422: attach field errors and retain input;403: read-only permission banner;401: SYS-01 with safe return;409: show current state and retain draft; network: retain buffer and fetch authoritative state before retry.,Retry safe reads freely; mutation retries reuse same key after status fetch; never retry uncertain external publication. Cancel form keeps acknowledged revision; cancel job only via server checkpoint.,/sign-in/verify,Visible label;44px/pt target; keyboard equivalent; focus2px forest offset2px; describedby error; restore focus on close; VoiceOver selected/position; status polite.,None on input; owning form Save contract,No mutation on this gesture,6numeric digits; one input; oneTimeCode,AUTH-02-AT01,Destructive/paid/publication action uses catalog; input/navigation none
AUTH-02-I02,AUTH-02,verify-code,mutation,Click/Enter/Space or native tap; drag has Move before/after alternative,Unexpired challenge and six digits,"Set session, load workspaces; ONB-01 if none, otherwise safe returnTo",Selected/focused state; retain content and exact values; no optimistic Saved or Approved,Busy only this entity/action. Reads keep cache; mutations retain form. aria-busy and polite status. Prevent repeated submit with same intent key.,"Set session, load workspaces; ONB-01 if none, otherwise safe returnTo",422: attach field errors and retain input;403: read-only permission banner;401: SYS-01 with safe return;409: show current state and retain draft; network: retain buffer and fetch authoritative state before retry.,Retry safe reads freely; mutation retries reuse same key after status fetch; never retry uncertain external publication. Cancel form keeps acknowledged revision; cancel job only via server checkpoint.,ONB-01 if no workspace; otherwise validated returnTo or HOME-01,Visible label;44px/pt target; keyboard equivalent; focus2px forest offset2px; describedby error; restore focus on close; VoiceOver selected/position; status polite.,POST /v1/auth/email/verify,Proposed exact contract; not present in audited repository,"{challengeId,code}",AUTH-02-AT02,Destructive/paid/publication action uses catalog; input/navigation none
AUTH-02-I03,AUTH-02,resend,mutation,Click/Enter/Space or native tap; drag has Move before/after alternative,server resendAfter elapsed,Replace challenge; clear code; reset resend timer,Selected/focused state; retain content and exact values; no optimistic Saved or Approved,Busy only this entity/action. Reads keep cache; mutations retain form. aria-busy and polite status. Prevent repeated submit with same intent key.,Replace challenge; clear code; reset resend timer,422: attach field errors and retain input;403: read-only permission banner;401: SYS-01 with safe return;409: show current state and retain draft; network: retain buffer and fetch authoritative state before retry.,Retry safe reads freely; mutation retries reuse same key after status fetch; never retry uncertain external publication. Cancel form keeps acknowledged revision; cancel job only via server checkpoint.,Remain on /sign-in/verify with acknowledged revision/state; no implicit publication or navigation,Visible label;44px/pt target; keyboard equivalent; focus2px forest offset2px; describedby error; restore focus on close; VoiceOver selected/position; status polite.,POST /v1/auth/email/challenges,Proposed exact contract; not present in audited repository,"{email,replaceChallengeId}",AUTH-02-AT03,Destructive/paid/publication action uses catalog; input/navigation none
AUTH-02-I04,AUTH-02,change-email,navigation,Click/Enter/Space or native tap; drag has Move before/after alternative,Read permission for requested entity; public routes exempt,"Open AUTH-01 for selected authorized entity; preserve originating route, tab stack and scroll.",Selected/focused state; retain content and exact values; no optimistic Saved or Approved,Busy only this entity/action. Reads keep cache; mutations retain form. aria-busy and polite status. Prevent repeated submit with same intent key.,"Open AUTH-01 for selected authorized entity; preserve originating route, tab stack and scroll.",Read failure retains last loaded content labeled stale with Retry; denied/missing target opens SYS-02; offline navigation uses cached authorized content.,Retry safe reads freely; mutation retries reuse same key after status fetch; never retry uncertain external publication. Cancel form keeps acknowledged revision; cancel job only via server checkpoint.,AUTH-01,Visible label;44px/pt target; keyboard equivalent; focus2px forest offset2px; describedby error; restore focus on close; VoiceOver selected/position; status polite.,None: local UI/navigation; destination resource read only,No mutation on this gesture,No payload,AUTH-02-AT04,Destructive/paid/publication action uses catalog; input/navigation none
ONB-01-I01,ONB-01,workspace-name,field,Input/change; editor autosave800ms or explicit Save,"Editable form, or public authentication field",Update local form buffer; 1–80characters; trimmed. Commit only on form Save or editor autosave.,Field value retained; public/form inputs do not autosave until submit. Editor fields follow ordered CAS save.,Busy only this entity/action. Reads keep cache; mutations retain form. aria-busy and polite status. Prevent repeated submit with same intent key.,Update local form buffer; 1–80characters; trimmed. Commit only on form Save or editor autosave.,422: attach field errors and retain input;403: read-only permission banner;401: SYS-01 with safe return;409: show current state and retain draft; network: retain buffer and fetch authoritative state before retry.,Retry safe reads freely; mutation retries reuse same key after status fetch; never retry uncertain external publication. Cancel form keeps acknowledged revision; cancel job only via server checkpoint.,/onboarding,Visible label;44px/pt target; keyboard equivalent; focus2px forest offset2px; describedby error; restore focus on close; VoiceOver selected/position; status polite.,None on input; owning form Save contract,No mutation on this gesture,1–80characters; trimmed,ONB-01-AT01,Destructive/paid/publication action uses catalog; input/navigation none
ONB-01-I02,ONB-01,timezone,field,Input/change; editor autosave800ms or explicit Save,"Editable form, or public authentication field",Update local form buffer; searchable IANA zone; do not reinterpret existing reservations. Commit only on form Save or editor autosave.,Field value retained; public/form inputs do not autosave until submit. Editor fields follow ordered CAS save.,Busy only this entity/action. Reads keep cache; mutations retain form. aria-busy and polite status. Prevent repeated submit with same intent key.,Update local form buffer; searchable IANA zone; do not reinterpret existing reservations. Commit only on form Save or editor autosave.,422: attach field errors and retain input;403: read-only permission banner;401: SYS-01 with safe return;409: show current state and retain draft; network: retain buffer and fetch authoritative state before retry.,Retry safe reads freely; mutation retries reuse same key after status fetch; never retry uncertain external publication. Cancel form keeps acknowledged revision; cancel job only via server checkpoint.,/onboarding,Visible label;44px/pt target; keyboard equivalent; focus2px forest offset2px; describedby error; restore focus on close; VoiceOver selected/position; status polite.,None on input; owning form Save contract,No mutation on this gesture,searchable IANA zone; do not reinterpret existing reservations,ONB-01-AT02,Destructive/paid/publication action uses catalog; input/navigation none
ONB-01-I03,ONB-01,language,field,Input/change; editor autosave800ms or explicit Save,"Editable form, or public authentication field",Update local form buffer; English initial release; other choices disabled with explanation. Commit only on form Save or editor autosave.,Field value retained; public/form inputs do not autosave until submit. Editor fields follow ordered CAS save.,Busy only this entity/action. Reads keep cache; mutations retain form. aria-busy and polite status. Prevent repeated submit with same intent key.,Update local form buffer; English initial release; other choices disabled with explanation. Commit only on form Save or editor autosave.,422: attach field errors and retain input;403: read-only permission banner;401: SYS-01 with safe return;409: show current state and retain draft; network: retain buffer and fetch authoritative state before retry.,Retry safe reads freely; mutation retries reuse same key after status fetch; never retry uncertain external publication. Cancel form keeps acknowledged revision; cancel job only via server checkpoint.,/onboarding,Visible label;44px/pt target; keyboard equivalent; focus2px forest offset2px; describedby error; restore focus on close; VoiceOver selected/position; status polite.,None on input; owning form Save contract,No mutation on this gesture,English initial release; other choices disabled with explanation,ONB-01-AT03,Destructive/paid/publication action uses catalog; input/navigation none
ONB-01-I04,ONB-01,research-toggle,field,Input/change; editor autosave800ms or explicit Save,"Editable form, or public authentication field","Update local form buffer; off default; saving activates next run, not immediate run. Commit only on form Save or editor autosave.",Field value retained; public/form inputs do not autosave until submit. Editor fields follow ordered CAS save.,Busy only this entity/action. Reads keep cache; mutations retain form. aria-busy and polite status. Prevent repeated submit with same intent key.,"Update local form buffer; off default; saving activates next run, not immediate run. Commit only on form Save or editor autosave.",422: attach field errors and retain input;403: read-only permission banner;401: SYS-01 with safe return;409: show current state and retain draft; network: retain buffer and fetch authoritative state before retry.,Retry safe reads freely; mutation retries reuse same key after status fetch; never retry uncertain external publication. Cancel form keeps acknowledged revision; cancel job only via server checkpoint.,/onboarding,Visible label;44px/pt target; keyboard equivalent; focus2px forest offset2px; describedby error; restore focus on close; VoiceOver selected/position; status polite.,None on input; owning form Save contract,No mutation on this gesture,"off default; saving activates next run, not immediate run",ONB-01-AT04,Destructive/paid/publication action uses catalog; input/navigation none
ONB-01-I05,ONB-01,finish-onboarding,mutation,Click/Enter/Space or native tap; drag has Move before/after alternative,Session; name1–80; valid IANA zone,Create workspace and open HOME-01,Selected/focused state; retain content and exact values; no optimistic Saved or Approved,Busy only this entity/action. Reads keep cache; mutations retain form. aria-busy and polite status. Prevent repeated submit with same intent key.,Create workspace and open HOME-01,422: attach field errors and retain input;403: read-only permission banner;401: SYS-01 with safe return;409: show current state and retain draft; network: retain buffer and fetch authoritative state before retry.,Retry safe reads freely; mutation retries reuse same key after status fetch; never retry uncertain external publication. Cancel form keeps acknowledged revision; cancel job only via server checkpoint.,HOME-01 in returned workspace,Visible label;44px/pt target; keyboard equivalent; focus2px forest offset2px; describedby error; restore focus on close; VoiceOver selected/position; status polite.,POST /v1/workspaces,Proposed exact contract; not present in audited repository,"{name,timeZone,locale,researchEnabled:false}",ONB-01-AT05,Destructive/paid/publication action uses catalog; input/navigation none
HOME-01-I01,HOME-01,review-count,navigation,Click/Enter/Space or native tap; drag has Move before/after alternative,Read permission for requested entity; public routes exempt,"Open REVIEW-01 for selected authorized entity; preserve originating route, tab stack and scroll.",Selected/focused state; retain content and exact values; no optimistic Saved or Approved,Busy only this entity/action. Reads keep cache; mutations retain form. aria-busy and polite status. Prevent repeated submit with same intent key.,"Open REVIEW-01 for selected authorized entity; preserve originating route, tab stack and scroll.",Read failure retains last loaded content labeled stale with Retry; denied/missing target opens SYS-02; offline navigation uses cached authorized content.,Retry safe reads freely; mutation retries reuse same key after status fetch; never retry uncertain external publication. Cancel form keeps acknowledged revision; cancel job only via server checkpoint.,REVIEW-01,Visible label;44px/pt target; keyboard equivalent; focus2px forest offset2px; describedby error; restore focus on close; VoiceOver selected/position; status polite.,None: local UI/navigation; destination resource read only,No mutation on this gesture,No payload,HOME-01-AT01,Destructive/paid/publication action uses catalog; input/navigation none
HOME-01-I02,HOME-01,active-job,navigation,Click/Enter/Space or native tap; drag has Move before/after alternative,Read permission for requested entity; public routes exempt,"Open ACT-02 for selected authorized entity; preserve originating route, tab stack and scroll.",Selected/focused state; retain content and exact values; no optimistic Saved or Approved,Busy only this entity/action. Reads keep cache; mutations retain form. aria-busy and polite status. Prevent repeated submit with same intent key.,"Open ACT-02 for selected authorized entity; preserve originating route, tab stack and scroll.",Read failure retains last loaded content labeled stale with Retry; denied/missing target opens SYS-02; offline navigation uses cached authorized content.,Retry safe reads freely; mutation retries reuse same key after status fetch; never retry uncertain external publication. Cancel form keeps acknowledged revision; cancel job only via server checkpoint.,ACT-02,Visible label;44px/pt target; keyboard equivalent; focus2px forest offset2px; describedby error; restore focus on close; VoiceOver selected/position; status polite.,None: local UI/navigation; destination resource read only,No mutation on this gesture,No payload,HOME-01-AT02,Destructive/paid/publication action uses catalog; input/navigation none
HOME-01-I03,HOME-01,continue-edit,local,Click/Enter/Space or native tap; drag has Move before/after alternative,Read permission for requested entity; public routes exempt,Open selected output: Carousel CAR-01/PRE-01 or Reel REEL-01/PRE-02; wizard Edit CREATE-02; publication PUB-02. Read current revision first; unavailable entity SYS-02.,Selected/focused state; retain content and exact values; no optimistic Saved or Approved,Busy only this entity/action. Reads keep cache; mutations retain form. aria-busy and polite status. Prevent repeated submit with same intent key.,Open selected output: Carousel CAR-01/PRE-01 or Reel REEL-01/PRE-02; wizard Edit CREATE-02; publication PUB-02. Read current revision first; unavailable entity SYS-02.,Read failure retains last loaded content labeled stale with Retry; denied/missing target opens SYS-02; offline navigation uses cached authorized content.,Retry safe reads freely; mutation retries reuse same key after status fetch; never retry uncertain external publication. Cancel form keeps acknowledged revision; cancel job only via server checkpoint.,/home,Visible label;44px/pt target; keyboard equivalent; focus2px forest offset2px; describedby error; restore focus on close; VoiceOver selected/position; status polite.,None: local UI/navigation; destination resource read only,No mutation on this gesture,No payload,HOME-01-AT03,Destructive/paid/publication action uses catalog; input/navigation none
HOME-01-I04,HOME-01,discover,navigation,Click/Enter/Space or native tap; drag has Move before/after alternative,Read permission for requested entity; public routes exempt,"Open DISC-01 for selected authorized entity; preserve originating route, tab stack and scroll.",Selected/focused state; retain content and exact values; no optimistic Saved or Approved,Busy only this entity/action. Reads keep cache; mutations retain form. aria-busy and polite status. Prevent repeated submit with same intent key.,"Open DISC-01 for selected authorized entity; preserve originating route, tab stack and scroll.",Read failure retains last loaded content labeled stale with Retry; denied/missing target opens SYS-02; offline navigation uses cached authorized content.,Retry safe reads freely; mutation retries reuse same key after status fetch; never retry uncertain external publication. Cancel form keeps acknowledged revision; cancel job only via server checkpoint.,DISC-01,Visible label;44px/pt target; keyboard equivalent; focus2px forest offset2px; describedby error; restore focus on close; VoiceOver selected/position; status polite.,None: local UI/navigation; destination resource read only,No mutation on this gesture,No payload,HOME-01-AT04,Destructive/paid/publication action uses catalog; input/navigation none
HOME-01-I05,HOME-01,run-research,mutation,Click/Enter/Space or native tap; drag has Move before/after alternative,No active research key; online,Enqueue fixed rolling24hourdeveloper-focused research; retain current findings; returned runId/jobId links Activity; active intent deduplicates,Selected/focused state; retain content and exact values; no optimistic Saved or Approved,Busy only this entity/action. Reads keep cache; mutations retain form. aria-busy and polite status. Prevent repeated submit with same intent key.,202 accepted window and job; partial findings may open during run,422: attach field errors and retain input;403: read-only permission banner;401: SYS-01 with safe return;409: show current state and retain draft; network: retain buffer and fetch authoritative state before retry.,Retry safe reads freely; mutation retries reuse same key after status fetch; never retry uncertain external publication. Cancel form keeps acknowledged revision; cancel job only via server checkpoint.,ACT-02 job detail; DISC-01?run=:runId for findings,Visible label;44px/pt target; keyboard equivalent; focus2px forest offset2px; describedby error; restore focus on close; VoiceOver selected/position; status polite.,POST /v1/research/runs,Proposed last24hourresearch contract; existing refresh alone insufficient,"{window:last_24_hours,categoryIds,rankingPolicyRevision,sourceCatalogRevision}",HOME-01-AT05,Destructive/paid/publication action uses catalog; input/navigation none
HOME-01-I06,HOME-01,add-topic,navigation,Click/Enter/Space or native tap; drag has Move before/after alternative,Read permission for requested entity; public routes exempt,"Open IMPORT-01 for selected authorized entity; preserve originating route, tab stack and scroll.",Selected/focused state; retain content and exact values; no optimistic Saved or Approved,Busy only this entity/action. Reads keep cache; mutations retain form. aria-busy and polite status. Prevent repeated submit with same intent key.,"Open IMPORT-01 for selected authorized entity; preserve originating route, tab stack and scroll.",Read failure retains last loaded content labeled stale with Retry; denied/missing target opens SYS-02; offline navigation uses cached authorized content.,Retry safe reads freely; mutation retries reuse same key after status fetch; never retry uncertain external publication. Cancel form keeps acknowledged revision; cancel job only via server checkpoint.,IMPORT-01,Visible label;44px/pt target; keyboard equivalent; focus2px forest offset2px; describedby error; restore focus on close; VoiceOver selected/position; status polite.,None: local UI/navigation; destination resource read only,No mutation on this gesture,No payload,HOME-01-AT06,Destructive/paid/publication action uses catalog; input/navigation none
DISC-01-I01,DISC-01,search-topics,local,Click/Enter/Space or native tap; drag has Move before/after alternative,Read permission for requested entity; public routes exempt,Update URL query after300ms debounce; abort superseded request; reset cursor; existing rows visible with updating status; clear button resets query.,Selected/focused state; retain content and exact values; no optimistic Saved or Approved,Busy only this entity/action. Reads keep cache; mutations retain form. aria-busy and polite status. Prevent repeated submit with same intent key.,Update URL query after300ms debounce; abort superseded request; reset cursor; existing rows visible with updating status; clear button resets query.,Read failure retains last loaded content labeled stale with Retry; denied/missing target opens SYS-02; offline navigation uses cached authorized content.,Retry safe reads freely; mutation retries reuse same key after status fetch; never retry uncertain external publication. Cancel form keeps acknowledged revision; cancel job only via server checkpoint.,/discover,Visible label;44px/pt target; keyboard equivalent; focus2px forest offset2px; describedby error; restore focus on close; VoiceOver selected/position; status polite.,GET /v1/research/runs/{runId}/findings?q=&category=&evidence=&priorityMin=&sort=&cursor=,Proposed fixed-run all-findings contract,Immutable runId and filter/query state; default priority descending;24itemcursorpage,DISC-01-AT01,Destructive/paid/publication action uses catalog; input/navigation none
DISC-01-I02,DISC-01,saved-tab,local,Click/Enter/Space or native tap; drag has Move before/after alternative,Read permission for requested entity; public routes exempt,Select labeled tab; preserve other panels state; update URL tab parameter; browser Back restores selection; no mutation.,Selected/focused state; retain content and exact values; no optimistic Saved or Approved,Busy only this entity/action. Reads keep cache; mutations retain form. aria-busy and polite status. Prevent repeated submit with same intent key.,Select labeled tab; preserve other panels state; update URL tab parameter; browser Back restores selection; no mutation.,Read failure retains last loaded content labeled stale with Retry; denied/missing target opens SYS-02; offline navigation uses cached authorized content.,Retry safe reads freely; mutation retries reuse same key after status fetch; never retry uncertain external publication. Cancel form keeps acknowledged revision; cancel job only via server checkpoint.,/discover,Visible label;44px/pt target; keyboard equivalent; focus2px forest offset2px; describedby error; restore focus on close; VoiceOver selected/position; status polite.,GET /v1/research/runs/{runId}/findings?q=&category=&evidence=&priorityMin=&sort=&cursor=,Proposed fixed-run all-findings contract,Immutable runId and filter/query state; default priority descending;24itemcursorpage,DISC-01-AT02,Destructive/paid/publication action uses catalog; input/navigation none
DISC-01-I03,DISC-01,filters,local,Click/Enter/Space or native tap; drag has Move before/after alternative,Read permission for requested entity; public routes exempt,Open labeled selection surface; Apply validates values and updates query/URL; reset cursor; Cancel preserves original; clear resets to all. Server reads use screen resource listed below.,Selected/focused state; retain content and exact values; no optimistic Saved or Approved,Busy only this entity/action. Reads keep cache; mutations retain form. aria-busy and polite status. Prevent repeated submit with same intent key.,Open labeled selection surface; Apply validates values and updates query/URL; reset cursor; Cancel preserves original; clear resets to all. Server reads use screen resource listed below.,Read failure retains last loaded content labeled stale with Retry; denied/missing target opens SYS-02; offline navigation uses cached authorized content.,Retry safe reads freely; mutation retries reuse same key after status fetch; never retry uncertain external publication. Cancel form keeps acknowledged revision; cancel job only via server checkpoint.,/discover,Visible label;44px/pt target; keyboard equivalent; focus2px forest offset2px; describedby error; restore focus on close; VoiceOver selected/position; status polite.,GET /v1/research/runs/{runId}/findings?q=&category=&evidence=&priorityMin=&sort=&cursor=,Proposed fixed-run all-findings contract,Immutable runId and filter/query state; default priority descending;24itemcursorpage,DISC-01-AT03,Destructive/paid/publication action uses catalog; input/navigation none
DISC-01-I04,DISC-01,topic-open,navigation,Click/Enter/Space or native tap; drag has Move before/after alternative,Read permission for requested entity; public routes exempt,"Open TOPIC-01 for selected authorized entity; preserve originating route, tab stack and scroll.",Selected/focused state; retain content and exact values; no optimistic Saved or Approved,Busy only this entity/action. Reads keep cache; mutations retain form. aria-busy and polite status. Prevent repeated submit with same intent key.,"Open TOPIC-01 for selected authorized entity; preserve originating route, tab stack and scroll.",Read failure retains last loaded content labeled stale with Retry; denied/missing target opens SYS-02; offline navigation uses cached authorized content.,Retry safe reads freely; mutation retries reuse same key after status fetch; never retry uncertain external publication. Cancel form keeps acknowledged revision; cancel job only via server checkpoint.,TOPIC-01,Visible label;44px/pt target; keyboard equivalent; focus2px forest offset2px; describedby error; restore focus on close; VoiceOver selected/position; status polite.,None: local UI/navigation; destination resource read only,No mutation on this gesture,No payload,DISC-01-AT04,Destructive/paid/publication action uses catalog; input/navigation none
DISC-01-I05,DISC-01,save-topic,mutation,Click/Enter/Space or native tap; drag has Move before/after alternative,Authenticated workspace and permitted role,Toggle Saved with server acknowledgment; no topic status change,Selected/focused state; retain content and exact values; no optimistic Saved or Approved,Busy only this entity/action. Reads keep cache; mutations retain form. aria-busy and polite status. Prevent repeated submit with same intent key.,Toggle Saved with server acknowledgment; no topic status change,422: attach field errors and retain input;403: read-only permission banner;401: SYS-01 with safe return;409: show current state and retain draft; network: retain buffer and fetch authoritative state before retry.,Retry safe reads freely; mutation retries reuse same key after status fetch; never retry uncertain external publication. Cancel form keeps acknowledged revision; cancel job only via server checkpoint.,Remain on /discover with acknowledged revision/state; no implicit publication or navigation,Visible label;44px/pt target; keyboard equivalent; focus2px forest offset2px; describedby error; restore focus on close; VoiceOver selected/position; status polite.,PUT /v1/topics/{topicId}/saved,Proposed exact contract; not present in audited repository,{saved:!currentSaved},DISC-01-AT05,Destructive/paid/publication action uses catalog; input/navigation none
DISC-01-I06,DISC-01,load-more,local,Click/Enter/Space or native tap; drag has Move before/after alternative,Read permission for requested entity; public routes exempt,Request nextCursor of current query; append unique stable IDs; failure keeps rows and Retry load more; expired cursor restarts first page preserving filters.,Selected/focused state; retain content and exact values; no optimistic Saved or Approved,Busy only this entity/action. Reads keep cache; mutations retain form. aria-busy and polite status. Prevent repeated submit with same intent key.,Request nextCursor of current query; append unique stable IDs; failure keeps rows and Retry load more; expired cursor restarts first page preserving filters.,Read failure retains last loaded content labeled stale with Retry; denied/missing target opens SYS-02; offline navigation uses cached authorized content.,Retry safe reads freely; mutation retries reuse same key after status fetch; never retry uncertain external publication. Cancel form keeps acknowledged revision; cancel job only via server checkpoint.,/discover,Visible label;44px/pt target; keyboard equivalent; focus2px forest offset2px; describedby error; restore focus on close; VoiceOver selected/position; status polite.,GET /v1/research/runs/{runId}/findings?q=&category=&evidence=&priorityMin=&sort=&cursor=,Proposed fixed-run all-findings contract,Immutable runId and filter/query state; default priority descending;24itemcursorpage,DISC-01-AT06,Destructive/paid/publication action uses catalog; input/navigation none
DISC-01-I07,DISC-01,refresh,mutation,Click/Enter/Space or native tap; drag has Move before/after alternative,No active research key; online,Enqueue fixed rolling24hourdeveloper-focused research; retain current findings; returned runId/jobId links Activity; active intent deduplicates,Selected/focused state; retain content and exact values; no optimistic Saved or Approved,Busy only this entity/action. Reads keep cache; mutations retain form. aria-busy and polite status. Prevent repeated submit with same intent key.,202 accepted window and job; partial findings may open during run,422: attach field errors and retain input;403: read-only permission banner;401: SYS-01 with safe return;409: show current state and retain draft; network: retain buffer and fetch authoritative state before retry.,Retry safe reads freely; mutation retries reuse same key after status fetch; never retry uncertain external publication. Cancel form keeps acknowledged revision; cancel job only via server checkpoint.,ACT-02 job detail; DISC-01?run=:runId for findings,Visible label;44px/pt target; keyboard equivalent; focus2px forest offset2px; describedby error; restore focus on close; VoiceOver selected/position; status polite.,POST /v1/research/runs,Proposed last24hourresearch contract; existing refresh alone insufficient,"{window:last_24_hours,categoryIds,rankingPolicyRevision,sourceCatalogRevision}",DISC-01-AT07,Destructive/paid/publication action uses catalog; input/navigation none
QUEUE-01-I01,QUEUE-01,select-topic,mutation,Click/Enter/Space or native tap; drag has Move before/after alternative,Topic status queued; no active generation,Selected marker moves from previous queued topic to this topic,Selected/focused state; retain content and exact values; no optimistic Saved or Approved,Busy only this entity/action. Reads keep cache; mutations retain form. aria-busy and polite status. Prevent repeated submit with same intent key.,Selected marker moves from previous queued topic to this topic,422: attach field errors and retain input;403: read-only permission banner;401: SYS-01 with safe return;409: show current state and retain draft; network: retain buffer and fetch authoritative state before retry.,Retry safe reads freely; mutation retries reuse same key after status fetch; never retry uncertain external publication. Cancel form keeps acknowledged revision; cancel job only via server checkpoint.,Remain on /discover/queue with acknowledged revision/state; no implicit publication or navigation,Visible label;44px/pt target; keyboard equivalent; focus2px forest offset2px; describedby error; restore focus on close; VoiceOver selected/position; status polite.,POST /topics/{topicId}/select,Implemented legacy endpoint; runtime unverified,{},QUEUE-01-AT01,Destructive/paid/publication action uses catalog; input/navigation none
QUEUE-01-I02,QUEUE-01,priority,mutation,Click/Enter/Space or native tap; drag has Move before/after alternative,Queued or archived topic; explicit Save after edit,Update editorial ordering or category,Selected/focused state; retain content and exact values; no optimistic Saved or Approved,Busy only this entity/action. Reads keep cache; mutations retain form. aria-busy and polite status. Prevent repeated submit with same intent key.,Update editorial ordering or category,422: attach field errors and retain input;403: read-only permission banner;401: SYS-01 with safe return;409: show current state and retain draft; network: retain buffer and fetch authoritative state before retry.,Retry safe reads freely; mutation retries reuse same key after status fetch; never retry uncertain external publication. Cancel form keeps acknowledged revision; cancel job only via server checkpoint.,Remain on /discover/queue with acknowledged revision/state; no implicit publication or navigation,Visible label;44px/pt target; keyboard equivalent; focus2px forest offset2px; describedby error; restore focus on close; VoiceOver selected/position; status polite.,PATCH /topics/{topicId},Implemented legacy endpoint; runtime unverified,{priority:0..100} or {category:enum},QUEUE-01-AT02,Destructive/paid/publication action uses catalog; input/navigation none
QUEUE-01-I03,QUEUE-01,category,mutation,Click/Enter/Space or native tap; drag has Move before/after alternative,Queued or archived topic; explicit Save after edit,Update editorial ordering or category,Selected/focused state; retain content and exact values; no optimistic Saved or Approved,Busy only this entity/action. Reads keep cache; mutations retain form. aria-busy and polite status. Prevent repeated submit with same intent key.,Update editorial ordering or category,422: attach field errors and retain input;403: read-only permission banner;401: SYS-01 with safe return;409: show current state and retain draft; network: retain buffer and fetch authoritative state before retry.,Retry safe reads freely; mutation retries reuse same key after status fetch; never retry uncertain external publication. Cancel form keeps acknowledged revision; cancel job only via server checkpoint.,Remain on /discover/queue with acknowledged revision/state; no implicit publication or navigation,Visible label;44px/pt target; keyboard equivalent; focus2px forest offset2px; describedby error; restore focus on close; VoiceOver selected/position; status polite.,PATCH /topics/{topicId},Implemented legacy endpoint; runtime unverified,{priority:0..100} or {category:enum},QUEUE-01-AT03,Destructive/paid/publication action uses catalog; input/navigation none
QUEUE-01-I04,QUEUE-01,archive-topic,mutation,Click/Enter/Space or native tap; drag has Move before/after alternative,Topic is not generating or used,"Remove row from current segment, retain topic evidence",Selected/focused state; retain content and exact values; no optimistic Saved or Approved,Busy only this entity/action. Reads keep cache; mutations retain form. aria-busy and polite status. Prevent repeated submit with same intent key.,"Remove row from current segment, retain topic evidence",422: attach field errors and retain input;403: read-only permission banner;401: SYS-01 with safe return;409: show current state and retain draft; network: retain buffer and fetch authoritative state before retry.,Retry safe reads freely; mutation retries reuse same key after status fetch; never retry uncertain external publication. Cancel form keeps acknowledged revision; cancel job only via server checkpoint.,Remain on /discover/queue with acknowledged revision/state; no implicit publication or navigation,Visible label;44px/pt target; keyboard equivalent; focus2px forest offset2px; describedby error; restore focus on close; VoiceOver selected/position; status polite.,PATCH /topics/{topicId},Implemented legacy endpoint; runtime unverified,{status:archived|queued},QUEUE-01-AT04,Destructive/paid/publication action uses catalog; input/navigation none
QUEUE-01-I05,QUEUE-01,restore-topic,mutation,Click/Enter/Space or native tap; drag has Move before/after alternative,Topic is not generating or used,"Remove row from current segment, retain topic evidence",Selected/focused state; retain content and exact values; no optimistic Saved or Approved,Busy only this entity/action. Reads keep cache; mutations retain form. aria-busy and polite status. Prevent repeated submit with same intent key.,"Remove row from current segment, retain topic evidence",422: attach field errors and retain input;403: read-only permission banner;401: SYS-01 with safe return;409: show current state and retain draft; network: retain buffer and fetch authoritative state before retry.,Retry safe reads freely; mutation retries reuse same key after status fetch; never retry uncertain external publication. Cancel form keeps acknowledged revision; cancel job only via server checkpoint.,Remain on /discover/queue with acknowledged revision/state; no implicit publication or navigation,Visible label;44px/pt target; keyboard equivalent; focus2px forest offset2px; describedby error; restore focus on close; VoiceOver selected/position; status polite.,PATCH /topics/{topicId},Implemented legacy endpoint; runtime unverified,{status:archived|queued},QUEUE-01-AT05,Destructive/paid/publication action uses catalog; input/navigation none
QUEUE-01-I06,QUEUE-01,topic-open,navigation,Click/Enter/Space or native tap; drag has Move before/after alternative,Read permission for requested entity; public routes exempt,"Open TOPIC-01 for selected authorized entity; preserve originating route, tab stack and scroll.",Selected/focused state; retain content and exact values; no optimistic Saved or Approved,Busy only this entity/action. Reads keep cache; mutations retain form. aria-busy and polite status. Prevent repeated submit with same intent key.,"Open TOPIC-01 for selected authorized entity; preserve originating route, tab stack and scroll.",Read failure retains last loaded content labeled stale with Retry; denied/missing target opens SYS-02; offline navigation uses cached authorized content.,Retry safe reads freely; mutation retries reuse same key after status fetch; never retry uncertain external publication. Cancel form keeps acknowledged revision; cancel job only via server checkpoint.,TOPIC-01,Visible label;44px/pt target; keyboard equivalent; focus2px forest offset2px; describedby error; restore focus on close; VoiceOver selected/position; status polite.,None: local UI/navigation; destination resource read only,No mutation on this gesture,No payload,QUEUE-01-AT06,Destructive/paid/publication action uses catalog; input/navigation none
TOPIC-01-I01,TOPIC-01,topic-tabs,local,Click/Enter/Space or native tap; drag has Move before/after alternative,Read permission for requested entity; public routes exempt,Select labeled tab; preserve other panels state; update URL tab parameter; browser Back restores selection; no mutation.,Selected/focused state; retain content and exact values; no optimistic Saved or Approved,Busy only this entity/action. Reads keep cache; mutations retain form. aria-busy and polite status. Prevent repeated submit with same intent key.,Select labeled tab; preserve other panels state; update URL tab parameter; browser Back restores selection; no mutation.,Read failure retains last loaded content labeled stale with Retry; denied/missing target opens SYS-02; offline navigation uses cached authorized content.,Retry safe reads freely; mutation retries reuse same key after status fetch; never retry uncertain external publication. Cancel form keeps acknowledged revision; cancel job only via server checkpoint.,/topics/:topicId,Visible label;44px/pt target; keyboard equivalent; focus2px forest offset2px; describedby error; restore focus on close; VoiceOver selected/position; status polite.,None: local UI/navigation; destination resource read only,No mutation on this gesture,No payload,TOPIC-01-AT01,Destructive/paid/publication action uses catalog; input/navigation none
TOPIC-01-I02,TOPIC-01,save-topic,mutation,Click/Enter/Space or native tap; drag has Move before/after alternative,Authenticated workspace and permitted role,Toggle Saved with server acknowledgment; no topic status change,Selected/focused state; retain content and exact values; no optimistic Saved or Approved,Busy only this entity/action. Reads keep cache; mutations retain form. aria-busy and polite status. Prevent repeated submit with same intent key.,Toggle Saved with server acknowledgment; no topic status change,422: attach field errors and retain input;403: read-only permission banner;401: SYS-01 with safe return;409: show current state and retain draft; network: retain buffer and fetch authoritative state before retry.,Retry safe reads freely; mutation retries reuse same key after status fetch; never retry uncertain external publication. Cancel form keeps acknowledged revision; cancel job only via server checkpoint.,Remain on /topics/:topicId with acknowledged revision/state; no implicit publication or navigation,Visible label;44px/pt target; keyboard equivalent; focus2px forest offset2px; describedby error; restore focus on close; VoiceOver selected/position; status polite.,PUT /v1/topics/{topicId}/saved,Proposed exact contract; not present in audited repository,{saved:!currentSaved},TOPIC-01-AT02,Destructive/paid/publication action uses catalog; input/navigation none
TOPIC-01-I03,TOPIC-01,open-source,local,Click/Enter/Space or native tap; drag has Move before/after alternative,Read permission for requested entity; public routes exempt,Open canonicalHTTPS externally with noreferrer; cached snapshot remains available if source fails.,Selected/focused state; retain content and exact values; no optimistic Saved or Approved,Busy only this entity/action. Reads keep cache; mutations retain form. aria-busy and polite status. Prevent repeated submit with same intent key.,Open canonicalHTTPS externally with noreferrer; cached snapshot remains available if source fails.,Read failure retains last loaded content labeled stale with Retry; denied/missing target opens SYS-02; offline navigation uses cached authorized content.,Retry safe reads freely; mutation retries reuse same key after status fetch; never retry uncertain external publication. Cancel form keeps acknowledged revision; cancel job only via server checkpoint.,/topics/:topicId,Visible label;44px/pt target; keyboard equivalent; focus2px forest offset2px; describedby error; restore focus on close; VoiceOver selected/position; status polite.,None: local UI/navigation; destination resource read only,No mutation on this gesture,No payload,TOPIC-01-AT03,Destructive/paid/publication action uses catalog; input/navigation none
TOPIC-01-I04,TOPIC-01,edit-angle,mutation,Click/Enter/Space or native tap; drag has Move before/after alternative,Authenticated workspace and permitted role,Save angle; do not rewrite source excerpt,Selected/focused state; retain content and exact values; no optimistic Saved or Approved,Busy only this entity/action. Reads keep cache; mutations retain form. aria-busy and polite status. Prevent repeated submit with same intent key.,Save angle; do not rewrite source excerpt,422: attach field errors and retain input;403: read-only permission banner;401: SYS-01 with safe return;409: show current state and retain draft; network: retain buffer and fetch authoritative state before retry.,Retry safe reads freely; mutation retries reuse same key after status fetch; never retry uncertain external publication. Cancel form keeps acknowledged revision; cancel job only via server checkpoint.,Remain on /topics/:topicId with acknowledged revision/state; no implicit publication or navigation,Visible label;44px/pt target; keyboard equivalent; focus2px forest offset2px; describedby error; restore focus on close; VoiceOver selected/position; status polite.,PATCH /v1/topics/{topicId}/angle,Proposed exact contract; not present in audited repository,"{expectedRevision,editorialAngle}",TOPIC-01-AT04,Destructive/paid/publication action uses catalog; input/navigation none
TOPIC-01-I05,TOPIC-01,create,navigation,Click/Enter/Space or native tap; drag has Move before/after alternative,Read permission for requested entity; public routes exempt,"Open CREATE-01 for selected authorized entity; preserve originating route, tab stack and scroll.",Selected/focused state; retain content and exact values; no optimistic Saved or Approved,Busy only this entity/action. Reads keep cache; mutations retain form. aria-busy and polite status. Prevent repeated submit with same intent key.,"Open CREATE-01 for selected authorized entity; preserve originating route, tab stack and scroll.",Read failure retains last loaded content labeled stale with Retry; denied/missing target opens SYS-02; offline navigation uses cached authorized content.,Retry safe reads freely; mutation retries reuse same key after status fetch; never retry uncertain external publication. Cancel form keeps acknowledged revision; cancel job only via server checkpoint.,CREATE-01,Visible label;44px/pt target; keyboard equivalent; focus2px forest offset2px; describedby error; restore focus on close; VoiceOver selected/position; status polite.,None: local UI/navigation; destination resource read only,No mutation on this gesture,No payload,TOPIC-01-AT05,Destructive/paid/publication action uses catalog; input/navigation none
TOPIC-01-I06,TOPIC-01,open-draft,navigation,Click/Enter/Space or native tap; drag has Move before/after alternative,Read permission for requested entity; public routes exempt,"Open LIB-02 for selected authorized entity; preserve originating route, tab stack and scroll.",Selected/focused state; retain content and exact values; no optimistic Saved or Approved,Busy only this entity/action. Reads keep cache; mutations retain form. aria-busy and polite status. Prevent repeated submit with same intent key.,"Open LIB-02 for selected authorized entity; preserve originating route, tab stack and scroll.",Read failure retains last loaded content labeled stale with Retry; denied/missing target opens SYS-02; offline navigation uses cached authorized content.,Retry safe reads freely; mutation retries reuse same key after status fetch; never retry uncertain external publication. Cancel form keeps acknowledged revision; cancel job only via server checkpoint.,LIB-02,Visible label;44px/pt target; keyboard equivalent; focus2px forest offset2px; describedby error; restore focus on close; VoiceOver selected/position; status polite.,None: local UI/navigation; destination resource read only,No mutation on this gesture,No payload,TOPIC-01-AT06,Destructive/paid/publication action uses catalog; input/navigation none
SOURCE-01-I01,SOURCE-01,source-select,local,Click/Enter/Space or native tap; drag has Move before/after alternative,Read permission for requested entity; public routes exempt,Select stable entity ID; highlight and announce position; show current revision detail; flush pending entity edits before switching; failed save offers Stay or keep buffer.,Selected/focused state; retain content and exact values; no optimistic Saved or Approved,Busy only this entity/action. Reads keep cache; mutations retain form. aria-busy and polite status. Prevent repeated submit with same intent key.,Select stable entity ID; highlight and announce position; show current revision detail; flush pending entity edits before switching; failed save offers Stay or keep buffer.,Read failure retains last loaded content labeled stale with Retry; denied/missing target opens SYS-02; offline navigation uses cached authorized content.,Retry safe reads freely; mutation retries reuse same key after status fetch; never retry uncertain external publication. Cancel form keeps acknowledged revision; cancel job only via server checkpoint.,/topics/:topicId/sources,Visible label;44px/pt target; keyboard equivalent; focus2px forest offset2px; describedby error; restore focus on close; VoiceOver selected/position; status polite.,None: local UI/navigation; destination resource read only,No mutation on this gesture,No payload,SOURCE-01-AT01,Destructive/paid/publication action uses catalog; input/navigation none
SOURCE-01-I02,SOURCE-01,open-source,local,Click/Enter/Space or native tap; drag has Move before/after alternative,Read permission for requested entity; public routes exempt,Open canonicalHTTPS externally with noreferrer; cached snapshot remains available if source fails.,Selected/focused state; retain content and exact values; no optimistic Saved or Approved,Busy only this entity/action. Reads keep cache; mutations retain form. aria-busy and polite status. Prevent repeated submit with same intent key.,Open canonicalHTTPS externally with noreferrer; cached snapshot remains available if source fails.,Read failure retains last loaded content labeled stale with Retry; denied/missing target opens SYS-02; offline navigation uses cached authorized content.,Retry safe reads freely; mutation retries reuse same key after status fetch; never retry uncertain external publication. Cancel form keeps acknowledged revision; cancel job only via server checkpoint.,/topics/:topicId/sources,Visible label;44px/pt target; keyboard equivalent; focus2px forest offset2px; describedby error; restore focus on close; VoiceOver selected/position; status polite.,None: local UI/navigation; destination resource read only,No mutation on this gesture,No payload,SOURCE-01-AT02,Destructive/paid/publication action uses catalog; input/navigation none
SOURCE-01-I03,SOURCE-01,edit-evidence,mutation,Click/Enter/Space or native tap; drag has Move before/after alternative,Authenticated workspace and permitted role,Create new source snapshot; mark dependent evidence and approvals stale,Selected/focused state; retain content and exact values; no optimistic Saved or Approved,Busy only this entity/action. Reads keep cache; mutations retain form. aria-busy and polite status. Prevent repeated submit with same intent key.,Create new source snapshot; mark dependent evidence and approvals stale,422: attach field errors and retain input;403: read-only permission banner;401: SYS-01 with safe return;409: show current state and retain draft; network: retain buffer and fetch authoritative state before retry.,Retry safe reads freely; mutation retries reuse same key after status fetch; never retry uncertain external publication. Cancel form keeps acknowledged revision; cancel job only via server checkpoint.,Remain on /topics/:topicId/sources with acknowledged revision/state; no implicit publication or navigation,Visible label;44px/pt target; keyboard equivalent; focus2px forest offset2px; describedby error; restore focus on close; VoiceOver selected/position; status polite.,PATCH /v1/topics/{topicId}/sources/{sourceId},Proposed exact contract; not present in audited repository,"{expectedRevision,excerpt,publishedAt,reviewNote}",SOURCE-01-AT03,Destructive/paid/publication action uses catalog; input/navigation none
SOURCE-01-I04,SOURCE-01,verify-evidence,mutation,Click/Enter/Space or native tap; drag has Move before/after alternative,Valid manually reviewed excerpt available,Display quote match and source review results; never label truth guaranteed,Selected/focused state; retain content and exact values; no optimistic Saved or Approved,Busy only this entity/action. Reads keep cache; mutations retain form. aria-busy and polite status. Prevent repeated submit with same intent key.,Display quote match and source review results; never label truth guaranteed,422: attach field errors and retain input;403: read-only permission banner;401: SYS-01 with safe return;409: show current state and retain draft; network: retain buffer and fetch authoritative state before retry.,Retry safe reads freely; mutation retries reuse same key after status fetch; never retry uncertain external publication. Cancel form keeps acknowledged revision; cancel job only via server checkpoint.,Remain on /topics/:topicId/sources with acknowledged revision/state; no implicit publication or navigation,Visible label;44px/pt target; keyboard equivalent; focus2px forest offset2px; describedby error; restore focus on close; VoiceOver selected/position; status polite.,POST /topics/{topicId}/verify,Implemented legacy endpoint; runtime unverified,{},SOURCE-01-AT04,Destructive/paid/publication action uses catalog; input/navigation none
CLAIM-01-I01,CLAIM-01,claim-open,local,Click/Enter/Space or native tap; drag has Move before/after alternative,Read permission for requested entity; public routes exempt,Select stable entity ID; highlight and announce position; show current revision detail; flush pending entity edits before switching; failed save offers Stay or keep buffer.,Selected/focused state; retain content and exact values; no optimistic Saved or Approved,Busy only this entity/action. Reads keep cache; mutations retain form. aria-busy and polite status. Prevent repeated submit with same intent key.,Select stable entity ID; highlight and announce position; show current revision detail; flush pending entity edits before switching; failed save offers Stay or keep buffer.,Read failure retains last loaded content labeled stale with Retry; denied/missing target opens SYS-02; offline navigation uses cached authorized content.,Retry safe reads freely; mutation retries reuse same key after status fetch; never retry uncertain external publication. Cancel form keeps acknowledged revision; cancel job only via server checkpoint.,/content/:contentId/claims,Visible label;44px/pt target; keyboard equivalent; focus2px forest offset2px; describedby error; restore focus on close; VoiceOver selected/position; status polite.,None: local UI/navigation; destination resource read only,No mutation on this gesture,No payload,CLAIM-01-AT01,Destructive/paid/publication action uses catalog; input/navigation none
CLAIM-01-I02,CLAIM-01,evidence-jump,navigation,Click/Enter/Space or native tap; drag has Move before/after alternative,Read permission for requested entity; public routes exempt,"Open SOURCE-01 for selected authorized entity; preserve originating route, tab stack and scroll.",Selected/focused state; retain content and exact values; no optimistic Saved or Approved,Busy only this entity/action. Reads keep cache; mutations retain form. aria-busy and polite status. Prevent repeated submit with same intent key.,"Open SOURCE-01 for selected authorized entity; preserve originating route, tab stack and scroll.",Read failure retains last loaded content labeled stale with Retry; denied/missing target opens SYS-02; offline navigation uses cached authorized content.,Retry safe reads freely; mutation retries reuse same key after status fetch; never retry uncertain external publication. Cancel form keeps acknowledged revision; cancel job only via server checkpoint.,SOURCE-01,Visible label;44px/pt target; keyboard equivalent; focus2px forest offset2px; describedby error; restore focus on close; VoiceOver selected/position; status polite.,None: local UI/navigation; destination resource read only,No mutation on this gesture,No payload,CLAIM-01-AT02,Destructive/paid/publication action uses catalog; input/navigation none
CLAIM-01-I03,CLAIM-01,edit-claim,mutation,Click/Enter/Space or native tap; drag has Move before/after alternative,Authenticated workspace and permitted role,Invalidate dependent assets and this output approval,Selected/focused state; retain content and exact values; no optimistic Saved or Approved,Busy only this entity/action. Reads keep cache; mutations retain form. aria-busy and polite status. Prevent repeated submit with same intent key.,Invalidate dependent assets and this output approval,422: attach field errors and retain input;403: read-only permission banner;401: SYS-01 with safe return;409: show current state and retain draft; network: retain buffer and fetch authoritative state before retry.,Retry safe reads freely; mutation retries reuse same key after status fetch; never retry uncertain external publication. Cancel form keeps acknowledged revision; cancel job only via server checkpoint.,Remain on /content/:contentId/claims with acknowledged revision/state; no implicit publication or navigation,Visible label;44px/pt target; keyboard equivalent; focus2px forest offset2px; describedby error; restore focus on close; VoiceOver selected/position; status polite.,PATCH /v1/outputs/{outputId}/claims/{claimId},Proposed exact contract; not present in audited repository,"{expectedRevision,text} or {excluded:true,reason}",CLAIM-01-AT03,Destructive/paid/publication action uses catalog; input/navigation none
CLAIM-01-I04,CLAIM-01,exclude-claim,mutation,Click/Enter/Space or native tap; drag has Move before/after alternative,Authenticated workspace and permitted role,Invalidate dependent assets and this output approval,Selected/focused state; retain content and exact values; no optimistic Saved or Approved,Busy only this entity/action. Reads keep cache; mutations retain form. aria-busy and polite status. Prevent repeated submit with same intent key.,Invalidate dependent assets and this output approval,422: attach field errors and retain input;403: read-only permission banner;401: SYS-01 with safe return;409: show current state and retain draft; network: retain buffer and fetch authoritative state before retry.,Retry safe reads freely; mutation retries reuse same key after status fetch; never retry uncertain external publication. Cancel form keeps acknowledged revision; cancel job only via server checkpoint.,Remain on /content/:contentId/claims with acknowledged revision/state; no implicit publication or navigation,Visible label;44px/pt target; keyboard equivalent; focus2px forest offset2px; describedby error; restore focus on close; VoiceOver selected/position; status polite.,PATCH /v1/outputs/{outputId}/claims/{claimId},Proposed exact contract; not present in audited repository,"{expectedRevision,text} or {excluded:true,reason}",CLAIM-01-AT04,Destructive/paid/publication action uses catalog; input/navigation none
CLAIM-01-I05,CLAIM-01,rerun-grounding,mutation,Click/Enter/Space or native tap; drag has Move before/after alternative,Authenticated workspace and permitted role,Open Activity job and refresh claims after completion,Selected/focused state; retain content and exact values; no optimistic Saved or Approved,Busy only this entity/action. Reads keep cache; mutations retain form. aria-busy and polite status. Prevent repeated submit with same intent key.,Open Activity job and refresh claims after completion,422: attach field errors and retain input;403: read-only permission banner;401: SYS-01 with safe return;409: show current state and retain draft; network: retain buffer and fetch authoritative state before retry.,Retry safe reads freely; mutation retries reuse same key after status fetch; never retry uncertain external publication. Cancel form keeps acknowledged revision; cancel job only via server checkpoint.,Remain on /content/:contentId/claims with acknowledged revision/state; no implicit publication or navigation,Visible label;44px/pt target; keyboard equivalent; focus2px forest offset2px; describedby error; restore focus on close; VoiceOver selected/position; status polite.,POST /v1/outputs/{outputId}/grounding,Proposed exact contract; not present in audited repository,{expectedRevision},CLAIM-01-AT05,Destructive/paid/publication action uses catalog; input/navigation none
IMPORT-01-I01,IMPORT-01,topic-title,field,Input/change; editor autosave800ms or explicit Save,"Editable form, or public authentication field",Update local form buffer; 5–500characters. Commit only on form Save or editor autosave.,Field value retained; public/form inputs do not autosave until submit. Editor fields follow ordered CAS save.,Busy only this entity/action. Reads keep cache; mutations retain form. aria-busy and polite status. Prevent repeated submit with same intent key.,Update local form buffer; 5–500characters. Commit only on form Save or editor autosave.,422: attach field errors and retain input;403: read-only permission banner;401: SYS-01 with safe return;409: show current state and retain draft; network: retain buffer and fetch authoritative state before retry.,Retry safe reads freely; mutation retries reuse same key after status fetch; never retry uncertain external publication. Cancel form keeps acknowledged revision; cancel job only via server checkpoint.,/topics/new,Visible label;44px/pt target; keyboard equivalent; focus2px forest offset2px; describedby error; restore focus on close; VoiceOver selected/position; status polite.,None on input; owning form Save contract,No mutation on this gesture,5–500characters,IMPORT-01-AT01,Destructive/paid/publication action uses catalog; input/navigation none
IMPORT-01-I02,IMPORT-01,source-url,field,Input/change; editor autosave800ms or explicit Save,"Editable form, or public authentication field",Update local form buffer; canonicalHTTPS; no credential/query secrets; duplicate normalized URL check. Commit only on form Save or editor autosave.,Field value retained; public/form inputs do not autosave until submit. Editor fields follow ordered CAS save.,Busy only this entity/action. Reads keep cache; mutations retain form. aria-busy and polite status. Prevent repeated submit with same intent key.,Update local form buffer; canonicalHTTPS; no credential/query secrets; duplicate normalized URL check. Commit only on form Save or editor autosave.,422: attach field errors and retain input;403: read-only permission banner;401: SYS-01 with safe return;409: show current state and retain draft; network: retain buffer and fetch authoritative state before retry.,Retry safe reads freely; mutation retries reuse same key after status fetch; never retry uncertain external publication. Cancel form keeps acknowledged revision; cancel job only via server checkpoint.,/topics/new,Visible label;44px/pt target; keyboard equivalent; focus2px forest offset2px; describedby error; restore focus on close; VoiceOver selected/position; status polite.,None on input; owning form Save contract,No mutation on this gesture,canonicalHTTPS; no credential/query secrets; duplicate normalized URL check,IMPORT-01-AT02,Destructive/paid/publication action uses catalog; input/navigation none
IMPORT-01-I03,IMPORT-01,publisher,field,Input/change; editor autosave800ms or explicit Save,"Editable form, or public authentication field",Update local form buffer; 1–200characters. Commit only on form Save or editor autosave.,Field value retained; public/form inputs do not autosave until submit. Editor fields follow ordered CAS save.,Busy only this entity/action. Reads keep cache; mutations retain form. aria-busy and polite status. Prevent repeated submit with same intent key.,Update local form buffer; 1–200characters. Commit only on form Save or editor autosave.,422: attach field errors and retain input;403: read-only permission banner;401: SYS-01 with safe return;409: show current state and retain draft; network: retain buffer and fetch authoritative state before retry.,Retry safe reads freely; mutation retries reuse same key after status fetch; never retry uncertain external publication. Cancel form keeps acknowledged revision; cancel job only via server checkpoint.,/topics/new,Visible label;44px/pt target; keyboard equivalent; focus2px forest offset2px; describedby error; restore focus on close; VoiceOver selected/position; status polite.,None on input; owning form Save contract,No mutation on this gesture,1–200characters,IMPORT-01-AT03,Destructive/paid/publication action uses catalog; input/navigation none
IMPORT-01-I04,IMPORT-01,excerpt,field,Input/change; editor autosave800ms or explicit Save,"Editable form, or public authentication field",Update local form buffer; 240–10000characters; exact source excerpt; no generated filler. Commit only on form Save or editor autosave.,Field value retained; public/form inputs do not autosave until submit. Editor fields follow ordered CAS save.,Busy only this entity/action. Reads keep cache; mutations retain form. aria-busy and polite status. Prevent repeated submit with same intent key.,Update local form buffer; 240–10000characters; exact source excerpt; no generated filler. Commit only on form Save or editor autosave.,422: attach field errors and retain input;403: read-only permission banner;401: SYS-01 with safe return;409: show current state and retain draft; network: retain buffer and fetch authoritative state before retry.,Retry safe reads freely; mutation retries reuse same key after status fetch; never retry uncertain external publication. Cancel form keeps acknowledged revision; cancel job only via server checkpoint.,/topics/new,Visible label;44px/pt target; keyboard equivalent; focus2px forest offset2px; describedby error; restore focus on close; VoiceOver selected/position; status polite.,None on input; owning form Save contract,No mutation on this gesture,240–10000characters; exact source excerpt; no generated filler,IMPORT-01-AT04,Destructive/paid/publication action uses catalog; input/navigation none
IMPORT-01-I05,IMPORT-01,published-date,field,Input/change; editor autosave800ms or explicit Save,"Editable form, or public authentication field",Update local form buffer; optional RFC3339; show unknown rather than infer. Commit only on form Save or editor autosave.,Field value retained; public/form inputs do not autosave until submit. Editor fields follow ordered CAS save.,Busy only this entity/action. Reads keep cache; mutations retain form. aria-busy and polite status. Prevent repeated submit with same intent key.,Update local form buffer; optional RFC3339; show unknown rather than infer. Commit only on form Save or editor autosave.,422: attach field errors and retain input;403: read-only permission banner;401: SYS-01 with safe return;409: show current state and retain draft; network: retain buffer and fetch authoritative state before retry.,Retry safe reads freely; mutation retries reuse same key after status fetch; never retry uncertain external publication. Cancel form keeps acknowledged revision; cancel job only via server checkpoint.,/topics/new,Visible label;44px/pt target; keyboard equivalent; focus2px forest offset2px; describedby error; restore focus on close; VoiceOver selected/position; status polite.,None on input; owning form Save contract,No mutation on this gesture,optional RFC3339; show unknown rather than infer,IMPORT-01-AT05,Destructive/paid/publication action uses catalog; input/navigation none
IMPORT-01-I06,IMPORT-01,category,mutation,Click/Enter/Space or native tap; drag has Move before/after alternative,Queued or archived topic; explicit Save after edit,Update editorial ordering or category,Selected/focused state; retain content and exact values; no optimistic Saved or Approved,Busy only this entity/action. Reads keep cache; mutations retain form. aria-busy and polite status. Prevent repeated submit with same intent key.,Update editorial ordering or category,422: attach field errors and retain input;403: read-only permission banner;401: SYS-01 with safe return;409: show current state and retain draft; network: retain buffer and fetch authoritative state before retry.,Retry safe reads freely; mutation retries reuse same key after status fetch; never retry uncertain external publication. Cancel form keeps acknowledged revision; cancel job only via server checkpoint.,Remain on /topics/new with acknowledged revision/state; no implicit publication or navigation,Visible label;44px/pt target; keyboard equivalent; focus2px forest offset2px; describedby error; restore focus on close; VoiceOver selected/position; status polite.,PATCH /topics/{topicId},Implemented legacy endpoint; runtime unverified,{priority:0..100} or {category:enum},IMPORT-01-AT06,Destructive/paid/publication action uses catalog; input/navigation none
IMPORT-01-I07,IMPORT-01,priority,mutation,Click/Enter/Space or native tap; drag has Move before/after alternative,Queued or archived topic; explicit Save after edit,Update editorial ordering or category,Selected/focused state; retain content and exact values; no optimistic Saved or Approved,Busy only this entity/action. Reads keep cache; mutations retain form. aria-busy and polite status. Prevent repeated submit with same intent key.,Update editorial ordering or category,422: attach field errors and retain input;403: read-only permission banner;401: SYS-01 with safe return;409: show current state and retain draft; network: retain buffer and fetch authoritative state before retry.,Retry safe reads freely; mutation retries reuse same key after status fetch; never retry uncertain external publication. Cancel form keeps acknowledged revision; cancel job only via server checkpoint.,Remain on /topics/new with acknowledged revision/state; no implicit publication or navigation,Visible label;44px/pt target; keyboard equivalent; focus2px forest offset2px; describedby error; restore focus on close; VoiceOver selected/position; status polite.,PATCH /topics/{topicId},Implemented legacy endpoint; runtime unverified,{priority:0..100} or {category:enum},IMPORT-01-AT07,Destructive/paid/publication action uses catalog; input/navigation none
IMPORT-01-I08,IMPORT-01,add-source,mutation,Click/Enter/Space or native tap; drag has Move before/after alternative,Title5–500; HTTPS; excerpt240–10000; supported category,Open returned TOPIC-01; 409 duplicate opens existing topic,Selected/focused state; retain content and exact values; no optimistic Saved or Approved,Busy only this entity/action. Reads keep cache; mutations retain form. aria-busy and polite status. Prevent repeated submit with same intent key.,Open returned TOPIC-01; 409 duplicate opens existing topic,422: attach field errors and retain input;403: read-only permission banner;401: SYS-01 with safe return;409: show current state and retain draft; network: retain buffer and fetch authoritative state before retry.,Retry safe reads freely; mutation retries reuse same key after status fetch; never retry uncertain external publication. Cancel form keeps acknowledged revision; cancel job only via server checkpoint.,TOPIC-01 with returned topicId,Visible label;44px/pt target; keyboard equivalent; focus2px forest offset2px; describedby error; restore focus on close; VoiceOver selected/position; status polite.,POST /topics,Implemented legacy endpoint; runtime unverified,"{title,url,source,excerpt,published_at?,category,priority}",IMPORT-01-AT08,Destructive/paid/publication action uses catalog; input/navigation none
CREATE-01-I01,CREATE-01,format-carousel,local,Click/Enter/Space or native tap; drag has Move before/after alternative,Read permission for requested entity; public routes exempt,Set setup formats=[carousel]; explain1080×1350 and6–8images; local until setup save.,Selected/focused state; retain content and exact values; no optimistic Saved or Approved,Busy only this entity/action. Reads keep cache; mutations retain form. aria-busy and polite status. Prevent repeated submit with same intent key.,Set setup formats=[carousel]; explain1080×1350 and6–8images; local until setup save.,Read failure retains last loaded content labeled stale with Retry; denied/missing target opens SYS-02; offline navigation uses cached authorized content.,Retry safe reads freely; mutation retries reuse same key after status fetch; never retry uncertain external publication. Cancel form keeps acknowledged revision; cancel job only via server checkpoint.,/create?topic=:topicId,Visible label;44px/pt target; keyboard equivalent; focus2px forest offset2px; describedby error; restore focus on close; VoiceOver selected/position; status polite.,None: local UI/navigation; destination resource read only,No mutation on this gesture,No payload,CREATE-01-AT01,Destructive/paid/publication action uses catalog; input/navigation none
CREATE-01-I02,CREATE-01,format-reel,local,Click/Enter/Space or native tap; drag has Move before/after alternative,Read permission for requested entity; public routes exempt,Set setup formats=[reel]; explain1080×1920 and30–40sec; disabled if no render capability.,Selected/focused state; retain content and exact values; no optimistic Saved or Approved,Busy only this entity/action. Reads keep cache; mutations retain form. aria-busy and polite status. Prevent repeated submit with same intent key.,Set setup formats=[reel]; explain1080×1920 and30–40sec; disabled if no render capability.,Read failure retains last loaded content labeled stale with Retry; denied/missing target opens SYS-02; offline navigation uses cached authorized content.,Retry safe reads freely; mutation retries reuse same key after status fetch; never retry uncertain external publication. Cancel form keeps acknowledged revision; cancel job only via server checkpoint.,/create?topic=:topicId,Visible label;44px/pt target; keyboard equivalent; focus2px forest offset2px; describedby error; restore focus on close; VoiceOver selected/position; status polite.,None: local UI/navigation; destination resource read only,No mutation on this gesture,No payload,CREATE-01-AT02,Destructive/paid/publication action uses catalog; input/navigation none
CREATE-01-I03,CREATE-01,format-both,local,Click/Enter/Space or native tap; drag has Move before/after alternative,Read permission for requested entity; public routes exempt,"Set setup formats=[carousel,reel]; show independent jobs/approvals/captions; no combined publishing authorization.",Selected/focused state; retain content and exact values; no optimistic Saved or Approved,Busy only this entity/action. Reads keep cache; mutations retain form. aria-busy and polite status. Prevent repeated submit with same intent key.,"Set setup formats=[carousel,reel]; show independent jobs/approvals/captions; no combined publishing authorization.",Read failure retains last loaded content labeled stale with Retry; denied/missing target opens SYS-02; offline navigation uses cached authorized content.,Retry safe reads freely; mutation retries reuse same key after status fetch; never retry uncertain external publication. Cancel form keeps acknowledged revision; cancel job only via server checkpoint.,/create?topic=:topicId,Visible label;44px/pt target; keyboard equivalent; focus2px forest offset2px; describedby error; restore focus on close; VoiceOver selected/position; status polite.,None: local UI/navigation; destination resource read only,No mutation on this gesture,No payload,CREATE-01-AT03,Destructive/paid/publication action uses catalog; input/navigation none
CREATE-01-I04,CREATE-01,save-setup,mutation,Click/Enter/Space or native tap; drag has Move before/after alternative,Authenticated workspace and permitted role,Persist setupId; subsequent saves PATCH /v1/setups/{setupId},Selected/focused state; retain content and exact values; no optimistic Saved or Approved,Busy only this entity/action. Reads keep cache; mutations retain form. aria-busy and polite status. Prevent repeated submit with same intent key.,Persist setupId; subsequent saves PATCH /v1/setups/{setupId},422: attach field errors and retain input;403: read-only permission banner;401: SYS-01 with safe return;409: show current state and retain draft; network: retain buffer and fetch authoritative state before retry.,Retry safe reads freely; mutation retries reuse same key after status fetch; never retry uncertain external publication. Cancel form keeps acknowledged revision; cancel job only via server checkpoint.,Remain on /create?topic=:topicId with acknowledged revision/state; no implicit publication or navigation,Visible label;44px/pt target; keyboard equivalent; focus2px forest offset2px; describedby error; restore focus on close; VoiceOver selected/position; status polite.,POST /v1/setups,Proposed exact contract; not present in audited repository,"{topicId,formats,options}",CREATE-01-AT04,Destructive/paid/publication action uses catalog; input/navigation none
CREATE-01-I05,CREATE-01,next,local,Click/Enter/Space or native tap; drag has Move before/after alternative,Read permission for requested entity; public routes exempt,Persist topic and format with default autonomous options through POST /v1/setups; go directly to CREATE-03. Preferences is optional.,Selected/focused state; retain content and exact values; no optimistic Saved or Approved,Busy only this entity/action. Reads keep cache; mutations retain form. aria-busy and polite status. Prevent repeated submit with same intent key.,Saved setup then CREATE-03; no paid work,Read failure retains last loaded content labeled stale with Retry; denied/missing target opens SYS-02; offline navigation uses cached authorized content.,Retry safe reads freely; mutation retries reuse same key after status fetch; never retry uncertain external publication. Cancel form keeps acknowledged revision; cancel job only via server checkpoint.,CREATE-03,Visible label;44px/pt target; keyboard equivalent; focus2px forest offset2px; describedby error; restore focus on close; VoiceOver selected/position; status polite.,POST /v1/setups,No mutation on this gesture,"{topicId,formats,creativeMode:ai_autonomous,defaultOptions}",CREATE-01-AT05,Destructive/paid/publication action uses catalog; input/navigation none
CREATE-02-I01,CREATE-02,audience,field,Input/change; editor autosave800ms or explicit Save,"Editable form, or public authentication field",Update local form buffer; 1–160characters. Commit only on form Save or editor autosave.,Field value retained; public/form inputs do not autosave until submit. Editor fields follow ordered CAS save.,Busy only this entity/action. Reads keep cache; mutations retain form. aria-busy and polite status. Prevent repeated submit with same intent key.,Update local form buffer; 1–160characters. Commit only on form Save or editor autosave.,422: attach field errors and retain input;403: read-only permission banner;401: SYS-01 with safe return;409: show current state and retain draft; network: retain buffer and fetch authoritative state before retry.,Retry safe reads freely; mutation retries reuse same key after status fetch; never retry uncertain external publication. Cancel form keeps acknowledged revision; cancel job only via server checkpoint.,/create/:setupId/configure,Visible label;44px/pt target; keyboard equivalent; focus2px forest offset2px; describedby error; restore focus on close; VoiceOver selected/position; status polite.,None on input; owning form Save contract,No mutation on this gesture,1–160characters,CREATE-02-AT01,Destructive/paid/publication action uses catalog; input/navigation none
CREATE-02-I02,CREATE-02,tone,field,Input/change; editor autosave800ms or explicit Save,"Editable form, or public authentication field",Update local form buffer; Clear / Analytical / Conversational / Editorial. Commit only on form Save or editor autosave.,Field value retained; public/form inputs do not autosave until submit. Editor fields follow ordered CAS save.,Busy only this entity/action. Reads keep cache; mutations retain form. aria-busy and polite status. Prevent repeated submit with same intent key.,Update local form buffer; Clear / Analytical / Conversational / Editorial. Commit only on form Save or editor autosave.,422: attach field errors and retain input;403: read-only permission banner;401: SYS-01 with safe return;409: show current state and retain draft; network: retain buffer and fetch authoritative state before retry.,Retry safe reads freely; mutation retries reuse same key after status fetch; never retry uncertain external publication. Cancel form keeps acknowledged revision; cancel job only via server checkpoint.,/create/:setupId/configure,Visible label;44px/pt target; keyboard equivalent; focus2px forest offset2px; describedby error; restore focus on close; VoiceOver selected/position; status polite.,None on input; owning form Save contract,No mutation on this gesture,Clear / Analytical / Conversational / Editorial,CREATE-02-AT02,Destructive/paid/publication action uses catalog; input/navigation none
CREATE-02-I03,CREATE-02,language,field,Input/change; editor autosave800ms or explicit Save,"Editable form, or public authentication field",Update local form buffer; English initial release; other choices disabled with explanation. Commit only on form Save or editor autosave.,Field value retained; public/form inputs do not autosave until submit. Editor fields follow ordered CAS save.,Busy only this entity/action. Reads keep cache; mutations retain form. aria-busy and polite status. Prevent repeated submit with same intent key.,Update local form buffer; English initial release; other choices disabled with explanation. Commit only on form Save or editor autosave.,422: attach field errors and retain input;403: read-only permission banner;401: SYS-01 with safe return;409: show current state and retain draft; network: retain buffer and fetch authoritative state before retry.,Retry safe reads freely; mutation retries reuse same key after status fetch; never retry uncertain external publication. Cancel form keeps acknowledged revision; cancel job only via server checkpoint.,/create/:setupId/configure,Visible label;44px/pt target; keyboard equivalent; focus2px forest offset2px; describedby error; restore focus on close; VoiceOver selected/position; status polite.,None on input; owning form Save contract,No mutation on this gesture,English initial release; other choices disabled with explanation,CREATE-02-AT03,Destructive/paid/publication action uses catalog; input/navigation none
CREATE-02-I05,CREATE-02,slide-count,field,Input/change; editor autosave800ms or explicit Save,"Editable form, or public authentication field",Update local form buffer; integer6–8. Commit only on form Save or editor autosave.,Field value retained; public/form inputs do not autosave until submit. Editor fields follow ordered CAS save.,Busy only this entity/action. Reads keep cache; mutations retain form. aria-busy and polite status. Prevent repeated submit with same intent key.,Update local form buffer; integer6–8. Commit only on form Save or editor autosave.,422: attach field errors and retain input;403: read-only permission banner;401: SYS-01 with safe return;409: show current state and retain draft; network: retain buffer and fetch authoritative state before retry.,Retry safe reads freely; mutation retries reuse same key after status fetch; never retry uncertain external publication. Cancel form keeps acknowledged revision; cancel job only via server checkpoint.,/create/:setupId/configure,Visible label;44px/pt target; keyboard equivalent; focus2px forest offset2px; describedby error; restore focus on close; VoiceOver selected/position; status polite.,None on input; owning form Save contract,No mutation on this gesture,integer6–8,CREATE-02-AT05,Destructive/paid/publication action uses catalog; input/navigation none
CREATE-02-I06,CREATE-02,duration,field,Input/change; editor autosave800ms or explicit Save,"Editable form, or public authentication field",Update local form buffer; integer30–40sec; default35. Commit only on form Save or editor autosave.,Field value retained; public/form inputs do not autosave until submit. Editor fields follow ordered CAS save.,Busy only this entity/action. Reads keep cache; mutations retain form. aria-busy and polite status. Prevent repeated submit with same intent key.,Update local form buffer; integer30–40sec; default35. Commit only on form Save or editor autosave.,422: attach field errors and retain input;403: read-only permission banner;401: SYS-01 with safe return;409: show current state and retain draft; network: retain buffer and fetch authoritative state before retry.,Retry safe reads freely; mutation retries reuse same key after status fetch; never retry uncertain external publication. Cancel form keeps acknowledged revision; cancel job only via server checkpoint.,/create/:setupId/configure,Visible label;44px/pt target; keyboard equivalent; focus2px forest offset2px; describedby error; restore focus on close; VoiceOver selected/position; status polite.,None on input; owning form Save contract,No mutation on this gesture,integer30–40sec; default35,CREATE-02-AT06,Destructive/paid/publication action uses catalog; input/navigation none
CREATE-02-I07,CREATE-02,voiceover,mutation,Click/Enter/Space or native tap; drag has Move before/after alternative,Authenticated workspace and permitted role,Save selection; require explicit Generate voiceover; chosen voice alone is not generated audio,Selected/focused state; retain content and exact values; no optimistic Saved or Approved,Busy only this entity/action. Reads keep cache; mutations retain form. aria-busy and polite status. Prevent repeated submit with same intent key.,Save selection; require explicit Generate voiceover; chosen voice alone is not generated audio,422: attach field errors and retain input;403: read-only permission banner;401: SYS-01 with safe return;409: show current state and retain draft; network: retain buffer and fetch authoritative state before retry.,Retry safe reads freely; mutation retries reuse same key after status fetch; never retry uncertain external publication. Cancel form keeps acknowledged revision; cancel job only via server checkpoint.,Remain on /create/:setupId/configure with acknowledged revision/state; no implicit publication or navigation,Visible label;44px/pt target; keyboard equivalent; focus2px forest offset2px; describedby error; restore focus on close; VoiceOver selected/position; status polite.,PATCH /v1/outputs/{outputId}/timeline,Proposed exact contract; not present in audited repository,"{expectedRevision,voiceId|null}",CREATE-02-AT07,Destructive/paid/publication action uses catalog; input/navigation none
CREATE-02-I08,CREATE-02,music,mutation,Click/Enter/Space or native tap; drag has Move before/after alternative,Authenticated workspace and permitted role,Save audio mix; mark render stale; voice/music gains -60..6dB; silence explicit,Selected/focused state; retain content and exact values; no optimistic Saved or Approved,Busy only this entity/action. Reads keep cache; mutations retain form. aria-busy and polite status. Prevent repeated submit with same intent key.,Save audio mix; mark render stale; voice/music gains -60..6dB; silence explicit,422: attach field errors and retain input;403: read-only permission banner;401: SYS-01 with safe return;409: show current state and retain draft; network: retain buffer and fetch authoritative state before retry.,Retry safe reads freely; mutation retries reuse same key after status fetch; never retry uncertain external publication. Cancel form keeps acknowledged revision; cancel job only via server checkpoint.,Remain on /create/:setupId/configure with acknowledged revision/state; no implicit publication or navigation,Visible label;44px/pt target; keyboard equivalent; focus2px forest offset2px; describedby error; restore focus on close; VoiceOver selected/position; status polite.,PATCH /v1/outputs/{outputId}/timeline,Proposed exact contract; not present in audited repository,"{expectedRevision,musicAssetId,voiceGainDb,musicGainDb,ducking,license}",CREATE-02-AT08,Destructive/paid/publication action uses catalog; input/navigation none
CREATE-02-I09,CREATE-02,subtitles,field,Input/change; editor autosave800ms or explicit Save,"Editable form, or public authentication field","Update local form buffer; on default for Reel; off allowed, measured render still required. Commit only on form Save or editor autosave.",Field value retained; public/form inputs do not autosave until submit. Editor fields follow ordered CAS save.,Busy only this entity/action. Reads keep cache; mutations retain form. aria-busy and polite status. Prevent repeated submit with same intent key.,"Update local form buffer; on default for Reel; off allowed, measured render still required. Commit only on form Save or editor autosave.",422: attach field errors and retain input;403: read-only permission banner;401: SYS-01 with safe return;409: show current state and retain draft; network: retain buffer and fetch authoritative state before retry.,Retry safe reads freely; mutation retries reuse same key after status fetch; never retry uncertain external publication. Cancel form keeps acknowledged revision; cancel job only via server checkpoint.,/create/:setupId/configure,Visible label;44px/pt target; keyboard equivalent; focus2px forest offset2px; describedby error; restore focus on close; VoiceOver selected/position; status polite.,None on input; owning form Save contract,No mutation on this gesture,"on default for Reel; off allowed, measured render still required",CREATE-02-AT09,Destructive/paid/publication action uses catalog; input/navigation none
CREATE-02-I10,CREATE-02,back,local,Click/Enter/Space or native tap; drag has Move before/after alternative,Read permission for requested entity; public routes exempt,Return invoking route/stack and scroll; dirty unacknowledged edits open Save/Discard/Stay decision; durable jobs continue.,Selected/focused state; retain content and exact values; no optimistic Saved or Approved,Busy only this entity/action. Reads keep cache; mutations retain form. aria-busy and polite status. Prevent repeated submit with same intent key.,Return invoking route/stack and scroll; dirty unacknowledged edits open Save/Discard/Stay decision; durable jobs continue.,Read failure retains last loaded content labeled stale with Retry; denied/missing target opens SYS-02; offline navigation uses cached authorized content.,Retry safe reads freely; mutation retries reuse same key after status fetch; never retry uncertain external publication. Cancel form keeps acknowledged revision; cancel job only via server checkpoint.,/create/:setupId/configure,Visible label;44px/pt target; keyboard equivalent; focus2px forest offset2px; describedby error; restore focus on close; VoiceOver selected/position; status polite.,None: local UI/navigation; destination resource read only,No mutation on this gesture,No payload,CREATE-02-AT10,Destructive/paid/publication action uses catalog; input/navigation none
CREATE-02-I11,CREATE-02,next,local,Click/Enter/Space or native tap; drag has Move before/after alternative,Read permission for requested entity; public routes exempt,Validate visible wizard step; persist setup via POST/PATCH /v1/setups; navigate next CREATE step; never authorize paid generation.,Selected/focused state; retain content and exact values; no optimistic Saved or Approved,Busy only this entity/action. Reads keep cache; mutations retain form. aria-busy and polite status. Prevent repeated submit with same intent key.,Validate visible wizard step; persist setup via POST/PATCH /v1/setups; navigate next CREATE step; never authorize paid generation.,Read failure retains last loaded content labeled stale with Retry; denied/missing target opens SYS-02; offline navigation uses cached authorized content.,Retry safe reads freely; mutation retries reuse same key after status fetch; never retry uncertain external publication. Cancel form keeps acknowledged revision; cancel job only via server checkpoint.,/create/:setupId/configure,Visible label;44px/pt target; keyboard equivalent; focus2px forest offset2px; describedby error; restore focus on close; VoiceOver selected/position; status polite.,None: local UI/navigation; destination resource read only,No mutation on this gesture,No payload,CREATE-02-AT11,Destructive/paid/publication action uses catalog; input/navigation none
CREATE-03-I01,CREATE-03,edit-setup,local,Click/Enter/Space or native tap; drag has Move before/after alternative,Read permission for requested entity; public routes exempt,Open selected output: Carousel CAR-01/PRE-01 or Reel REEL-01/PRE-02; wizard Edit CREATE-02; publication PUB-02. Read current revision first; unavailable entity SYS-02.,Selected/focused state; retain content and exact values; no optimistic Saved or Approved,Busy only this entity/action. Reads keep cache; mutations retain form. aria-busy and polite status. Prevent repeated submit with same intent key.,Open selected output: Carousel CAR-01/PRE-01 or Reel REEL-01/PRE-02; wizard Edit CREATE-02; publication PUB-02. Read current revision first; unavailable entity SYS-02.,Read failure retains last loaded content labeled stale with Retry; denied/missing target opens SYS-02; offline navigation uses cached authorized content.,Retry safe reads freely; mutation retries reuse same key after status fetch; never retry uncertain external publication. Cancel form keeps acknowledged revision; cancel job only via server checkpoint.,/create/:setupId/review,Visible label;44px/pt target; keyboard equivalent; focus2px forest offset2px; describedby error; restore focus on close; VoiceOver selected/position; status polite.,None: local UI/navigation; destination resource read only,No mutation on this gesture,No payload,CREATE-03-AT01,Destructive/paid/publication action uses catalog; input/navigation none
CREATE-03-I02,CREATE-03,start-generation,mutation,Click/Enter/Space or native tap; drag has Move before/after alternative,Reviewed current source; saved setup; provider ready; explicit paid action,202 contentId/outputIds/jobIds; GEN-01 carousel and GEN-02 Reel independently AI chooses a different background/composition using recent creative history; no manual layout prompt.,Selected/focused state; retain content and exact values; no optimistic Saved or Approved,Busy only this entity/action. Reads keep cache; mutations retain form. aria-busy and polite status. Prevent repeated submit with same intent key.,202 contentId/outputIds/jobIds; GEN-01 carousel and GEN-02 Reel independently AI chooses a different background/composition using recent creative history; no manual layout prompt.,422: attach field errors and retain input;403: read-only permission banner;401: SYS-01 with safe return;409: show current state and retain draft; network: retain buffer and fetch authoritative state before retry.,Retry safe reads freely; mutation retries reuse same key after status fetch; never retry uncertain external publication. Cancel form keeps acknowledged revision; cancel job only via server checkpoint.,"GEN-01 for carousel, GEN-02 for Reel; Both retains separate output/job IDs",Visible label;44px/pt target; keyboard equivalent; focus2px forest offset2px; describedby error; restore focus on close; VoiceOver selected/position; status polite.,POST /v1/setups/{setupId}/generate,Proposed exact contract; not present in audited repository,"{expectedRevision,confirmedFormats,capabilityRevision}",CREATE-03-AT02,Destructive/paid/publication action uses catalog; input/navigation none
CREATE-03-I03,CREATE-03,save-setup,mutation,Click/Enter/Space or native tap; drag has Move before/after alternative,Authenticated workspace and permitted role,Persist setupId; subsequent saves PATCH /v1/setups/{setupId},Selected/focused state; retain content and exact values; no optimistic Saved or Approved,Busy only this entity/action. Reads keep cache; mutations retain form. aria-busy and polite status. Prevent repeated submit with same intent key.,Persist setupId; subsequent saves PATCH /v1/setups/{setupId},422: attach field errors and retain input;403: read-only permission banner;401: SYS-01 with safe return;409: show current state and retain draft; network: retain buffer and fetch authoritative state before retry.,Retry safe reads freely; mutation retries reuse same key after status fetch; never retry uncertain external publication. Cancel form keeps acknowledged revision; cancel job only via server checkpoint.,Remain on /create/:setupId/review with acknowledged revision/state; no implicit publication or navigation,Visible label;44px/pt target; keyboard equivalent; focus2px forest offset2px; describedby error; restore focus on close; VoiceOver selected/position; status polite.,POST /v1/setups,Proposed exact contract; not present in audited repository,"{topicId,formats,options}",CREATE-03-AT03,Destructive/paid/publication action uses catalog; input/navigation none
CREATE-03-I04,CREATE-03,back,local,Click/Enter/Space or native tap; drag has Move before/after alternative,Read permission for requested entity; public routes exempt,Return invoking route/stack and scroll; dirty unacknowledged edits open Save/Discard/Stay decision; durable jobs continue.,Selected/focused state; retain content and exact values; no optimistic Saved or Approved,Busy only this entity/action. Reads keep cache; mutations retain form. aria-busy and polite status. Prevent repeated submit with same intent key.,Return invoking route/stack and scroll; dirty unacknowledged edits open Save/Discard/Stay decision; durable jobs continue.,Read failure retains last loaded content labeled stale with Retry; denied/missing target opens SYS-02; offline navigation uses cached authorized content.,Retry safe reads freely; mutation retries reuse same key after status fetch; never retry uncertain external publication. Cancel form keeps acknowledged revision; cancel job only via server checkpoint.,/create/:setupId/review,Visible label;44px/pt target; keyboard equivalent; focus2px forest offset2px; describedby error; restore focus on close; VoiceOver selected/position; status polite.,None: local UI/navigation; destination resource read only,No mutation on this gesture,No payload,CREATE-03-AT04,Destructive/paid/publication action uses catalog; input/navigation none
GEN-01-I01,GEN-01,output-tab,local,Click/Enter/Space or native tap; drag has Move before/after alternative,Read permission for requested entity; public routes exempt,Select labeled tab; preserve other panels state; update URL tab parameter; browser Back restores selection; no mutation.,Selected/focused state; retain content and exact values; no optimistic Saved or Approved,Busy only this entity/action. Reads keep cache; mutations retain form. aria-busy and polite status. Prevent repeated submit with same intent key.,Select labeled tab; preserve other panels state; update URL tab parameter; browser Back restores selection; no mutation.,Read failure retains last loaded content labeled stale with Retry; denied/missing target opens SYS-02; offline navigation uses cached authorized content.,Retry safe reads freely; mutation retries reuse same key after status fetch; never retry uncertain external publication. Cancel form keeps acknowledged revision; cancel job only via server checkpoint.,/content/:contentId/generation,Visible label;44px/pt target; keyboard equivalent; focus2px forest offset2px; describedby error; restore focus on close; VoiceOver selected/position; status polite.,None: local UI/navigation; destination resource read only,No mutation on this gesture,No payload,GEN-01-AT01,Destructive/paid/publication action uses catalog; input/navigation none
GEN-01-I02,GEN-01,view-job,navigation,Click/Enter/Space or native tap; drag has Move before/after alternative,Read permission for requested entity; public routes exempt,"Open ACT-02 for selected authorized entity; preserve originating route, tab stack and scroll.",Selected/focused state; retain content and exact values; no optimistic Saved or Approved,Busy only this entity/action. Reads keep cache; mutations retain form. aria-busy and polite status. Prevent repeated submit with same intent key.,"Open ACT-02 for selected authorized entity; preserve originating route, tab stack and scroll.",Read failure retains last loaded content labeled stale with Retry; denied/missing target opens SYS-02; offline navigation uses cached authorized content.,Retry safe reads freely; mutation retries reuse same key after status fetch; never retry uncertain external publication. Cancel form keeps acknowledged revision; cancel job only via server checkpoint.,ACT-02,Visible label;44px/pt target; keyboard equivalent; focus2px forest offset2px; describedby error; restore focus on close; VoiceOver selected/position; status polite.,None: local UI/navigation; destination resource read only,No mutation on this gesture,No payload,GEN-01-AT02,Destructive/paid/publication action uses catalog; input/navigation none
GEN-01-I03,GEN-01,open-editor,local,Click/Enter/Space or native tap; drag has Move before/after alternative,Read permission for requested entity; public routes exempt,Open selected output: Carousel CAR-01/PRE-01 or Reel REEL-01/PRE-02; wizard Edit CREATE-02; publication PUB-02. Read current revision first; unavailable entity SYS-02.,Selected/focused state; retain content and exact values; no optimistic Saved or Approved,Busy only this entity/action. Reads keep cache; mutations retain form. aria-busy and polite status. Prevent repeated submit with same intent key.,Open selected output: Carousel CAR-01/PRE-01 or Reel REEL-01/PRE-02; wizard Edit CREATE-02; publication PUB-02. Read current revision first; unavailable entity SYS-02.,Read failure retains last loaded content labeled stale with Retry; denied/missing target opens SYS-02; offline navigation uses cached authorized content.,Retry safe reads freely; mutation retries reuse same key after status fetch; never retry uncertain external publication. Cancel form keeps acknowledged revision; cancel job only via server checkpoint.,/content/:contentId/generation,Visible label;44px/pt target; keyboard equivalent; focus2px forest offset2px; describedby error; restore focus on close; VoiceOver selected/position; status polite.,None: local UI/navigation; destination resource read only,No mutation on this gesture,No payload,GEN-01-AT03,Destructive/paid/publication action uses catalog; input/navigation none
GEN-01-I04,GEN-01,retry-unit,mutation,Click/Enter/Space or native tap; drag has Move before/after alternative,Server canRetry true; no publish final attempt; failed config corrected,New/requeued safe job; retain successful units; paid repeat explicitly confirmed,Selected/focused state; retain content and exact values; no optimistic Saved or Approved,Busy only this entity/action. Reads keep cache; mutations retain form. aria-busy and polite status. Prevent repeated submit with same intent key.,New/requeued safe job; retain successful units; paid repeat explicitly confirmed,422: attach field errors and retain input;403: read-only permission banner;401: SYS-01 with safe return;409: show current state and retain draft; network: retain buffer and fetch authoritative state before retry.,Retry safe reads freely; mutation retries reuse same key after status fetch; never retry uncertain external publication. Cancel form keeps acknowledged revision; cancel job only via server checkpoint.,Remain on /content/:contentId/generation with acknowledged revision/state; no implicit publication or navigation,Visible label;44px/pt target; keyboard equivalent; focus2px forest offset2px; describedby error; restore focus on close; VoiceOver selected/position; status polite.,POST /v1/jobs/{jobId}/retry,Proposed exact contract; not present in audited repository,"{expectedJobRevision,unitId?,correctedConfiguration?}",GEN-01-AT04,Destructive/paid/publication action uses catalog; input/navigation none
GEN-01-I05,GEN-01,cancel-generation,mutation,Click/Enter/Space or native tap; drag has Move before/after alternative,Server canCancel true; final external publish cannot cancel,Cancelling until safe checkpoint; Cancelled retains completed assets,Selected/focused state; retain content and exact values; no optimistic Saved or Approved,Busy only this entity/action. Reads keep cache; mutations retain form. aria-busy and polite status. Prevent repeated submit with same intent key.,Cancelling until safe checkpoint; Cancelled retains completed assets,422: attach field errors and retain input;403: read-only permission banner;401: SYS-01 with safe return;409: show current state and retain draft; network: retain buffer and fetch authoritative state before retry.,Retry safe reads freely; mutation retries reuse same key after status fetch; never retry uncertain external publication. Cancel form keeps acknowledged revision; cancel job only via server checkpoint.,Current generation screen remains with cancelling then retained partial assets,Visible label;44px/pt target; keyboard equivalent; focus2px forest offset2px; describedby error; restore focus on close; VoiceOver selected/position; status polite.,POST /v1/jobs/{jobId}/cancel,Proposed exact contract; not present in audited repository,"{expectedJobRevision,reason}",GEN-01-AT05,Destructive/paid/publication action uses catalog; input/navigation none
GEN-01-I06,GEN-01,library,navigation,Click/Enter/Space or native tap; drag has Move before/after alternative,Read permission for requested entity; public routes exempt,"Open LIB-01 for selected authorized entity; preserve originating route, tab stack and scroll.",Selected/focused state; retain content and exact values; no optimistic Saved or Approved,Busy only this entity/action. Reads keep cache; mutations retain form. aria-busy and polite status. Prevent repeated submit with same intent key.,"Open LIB-01 for selected authorized entity; preserve originating route, tab stack and scroll.",Read failure retains last loaded content labeled stale with Retry; denied/missing target opens SYS-02; offline navigation uses cached authorized content.,Retry safe reads freely; mutation retries reuse same key after status fetch; never retry uncertain external publication. Cancel form keeps acknowledged revision; cancel job only via server checkpoint.,LIB-01,Visible label;44px/pt target; keyboard equivalent; focus2px forest offset2px; describedby error; restore focus on close; VoiceOver selected/position; status polite.,None: local UI/navigation; destination resource read only,No mutation on this gesture,No payload,GEN-01-AT06,Destructive/paid/publication action uses catalog; input/navigation none
CAR-01-I01,CAR-01,slide-select,local,Click/Enter/Space or native tap; drag has Move before/after alternative,Read permission for requested entity; public routes exempt,Select stable entity ID; highlight and announce position; show current revision detail; flush pending entity edits before switching; failed save offers Stay or keep buffer.,Selected/focused state; retain content and exact values; no optimistic Saved or Approved,Busy only this entity/action. Reads keep cache; mutations retain form. aria-busy and polite status. Prevent repeated submit with same intent key.,Select stable entity ID; highlight and announce position; show current revision detail; flush pending entity edits before switching; failed save offers Stay or keep buffer.,Read failure retains last loaded content labeled stale with Retry; denied/missing target opens SYS-02; offline navigation uses cached authorized content.,Retry safe reads freely; mutation retries reuse same key after status fetch; never retry uncertain external publication. Cancel form keeps acknowledged revision; cancel job only via server checkpoint.,/content/:contentId/carousel,Visible label;44px/pt target; keyboard equivalent; focus2px forest offset2px; describedby error; restore focus on close; VoiceOver selected/position; status polite.,None: local UI/navigation; destination resource read only,No mutation on this gesture,No payload,CAR-01-AT01,Destructive/paid/publication action uses catalog; input/navigation none
CAR-01-I02,CAR-01,slide-copy,mutation,Click/Enter/Space or native tap; drag has Move before/after alternative,Authenticated workspace and permitted role,Autosave current text; mark selected full artwork stale; invalidate approval,Selected/focused state; retain content and exact values; no optimistic Saved or Approved,Busy only this entity/action. Reads keep cache; mutations retain form. aria-busy and polite status. Prevent repeated submit with same intent key.,Autosave current text; mark selected full artwork stale; invalidate approval,422: attach field errors and retain input;403: read-only permission banner;401: SYS-01 with safe return;409: show current state and retain draft; network: retain buffer and fetch authoritative state before retry.,Retry safe reads freely; mutation retries reuse same key after status fetch; never retry uncertain external publication. Cancel form keeps acknowledged revision; cancel job only via server checkpoint.,Remain on /content/:contentId/carousel with acknowledged revision/state; no implicit publication or navigation,Visible label;44px/pt target; keyboard equivalent; focus2px forest offset2px; describedby error; restore focus on close; VoiceOver selected/position; status polite.,PATCH /v1/outputs/{outputId}/slides/{slideId},Proposed exact contract; not present in audited repository,"{expectedRevision,headline,body}",CAR-01-AT02,Destructive/paid/publication action uses catalog; input/navigation none
CAR-01-I04,CAR-01,regenerate-slide,navigation,Click/Enter/Space or native tap; drag has Move before/after alternative,Read permission for requested entity; public routes exempt,"Open CAR-03 for selected authorized entity; preserve originating route, tab stack and scroll.",Selected/focused state; retain content and exact values; no optimistic Saved or Approved,Busy only this entity/action. Reads keep cache; mutations retain form. aria-busy and polite status. Prevent repeated submit with same intent key.,"Open CAR-03 for selected authorized entity; preserve originating route, tab stack and scroll.",Read failure retains last loaded content labeled stale with Retry; denied/missing target opens SYS-02; offline navigation uses cached authorized content.,Retry safe reads freely; mutation retries reuse same key after status fetch; never retry uncertain external publication. Cancel form keeps acknowledged revision; cancel job only via server checkpoint.,CAR-03,Visible label;44px/pt target; keyboard equivalent; focus2px forest offset2px; describedby error; restore focus on close; VoiceOver selected/position; status polite.,None: local UI/navigation; destination resource read only,No mutation on this gesture,No payload,CAR-01-AT04,Destructive/paid/publication action uses catalog; input/navigation none
CAR-01-I05,CAR-01,reorder,mutation,Click/Enter/Space or native tap; drag has Move before/after alternative,Authenticated workspace and permitted role,Save atomic order; mark baked numbering changes stale; invalidate approval,Selected/focused state; retain content and exact values; no optimistic Saved or Approved,Busy only this entity/action. Reads keep cache; mutations retain form. aria-busy and polite status. Prevent repeated submit with same intent key.,Save atomic order; mark baked numbering changes stale; invalidate approval,422: attach field errors and retain input;403: read-only permission banner;401: SYS-01 with safe return;409: show current state and retain draft; network: retain buffer and fetch authoritative state before retry.,Retry safe reads freely; mutation retries reuse same key after status fetch; never retry uncertain external publication. Cancel form keeps acknowledged revision; cancel job only via server checkpoint.,Remain on /content/:contentId/carousel with acknowledged revision/state; no implicit publication or navigation,Visible label;44px/pt target; keyboard equivalent; focus2px forest offset2px; describedby error; restore focus on close; VoiceOver selected/position; status polite.,PUT /v1/outputs/{outputId}/slide-order,Proposed exact contract; not present in audited repository,"{expectedRevision,orderedIds}",CAR-01-AT05,Destructive/paid/publication action uses catalog; input/navigation none
CAR-01-I06,CAR-01,add-slide,mutation,Click/Enter/Space or native tap; drag has Move before/after alternative,Draft output; count below8,"Insert draft slide, select it; review gate still6–8",Selected/focused state; retain content and exact values; no optimistic Saved or Approved,Busy only this entity/action. Reads keep cache; mutations retain form. aria-busy and polite status. Prevent repeated submit with same intent key.,"Insert draft slide, select it; review gate still6–8",422: attach field errors and retain input;403: read-only permission banner;401: SYS-01 with safe return;409: show current state and retain draft; network: retain buffer and fetch authoritative state before retry.,Retry safe reads freely; mutation retries reuse same key after status fetch; never retry uncertain external publication. Cancel form keeps acknowledged revision; cancel job only via server checkpoint.,Remain on /content/:contentId/carousel with acknowledged revision/state; no implicit publication or navigation,Visible label;44px/pt target; keyboard equivalent; focus2px forest offset2px; describedby error; restore focus on close; VoiceOver selected/position; status polite.,POST /v1/outputs/{outputId}/slides,Proposed exact contract; not present in audited repository,"{expectedRevision,afterSlideId,headline,body}",CAR-01-AT06,Destructive/paid/publication action uses catalog; input/navigation none
CAR-01-I07,CAR-01,delete-slide,mutation,Click/Enter/Space or native tap; drag has Move before/after alternative,Draft output; count above1; review gate6–8,Remove selected slide after confirm; select next or previous; undo creates revision,Selected/focused state; retain content and exact values; no optimistic Saved or Approved,Busy only this entity/action. Reads keep cache; mutations retain form. aria-busy and polite status. Prevent repeated submit with same intent key.,Remove selected slide after confirm; select next or previous; undo creates revision,422: attach field errors and retain input;403: read-only permission banner;401: SYS-01 with safe return;409: show current state and retain draft; network: retain buffer and fetch authoritative state before retry.,Retry safe reads freely; mutation retries reuse same key after status fetch; never retry uncertain external publication. Cancel form keeps acknowledged revision; cancel job only via server checkpoint.,Remain on /content/:contentId/carousel with acknowledged revision/state; no implicit publication or navigation,Visible label;44px/pt target; keyboard equivalent; focus2px forest offset2px; describedby error; restore focus on close; VoiceOver selected/position; status polite.,DELETE /v1/outputs/{outputId}/slides/{slideId},Proposed exact contract; not present in audited repository,{expectedRevision},CAR-01-AT07,Destructive/paid/publication action uses catalog; input/navigation none
CAR-01-I08,CAR-01,undo,local,Click/Enter/Space or native tap; drag has Move before/after alternative,Read permission for requested entity; public routes exempt,Apply inverse of latest acknowledged editable operation as new revision; never remove history; no undo across external publish.,Selected/focused state; retain content and exact values; no optimistic Saved or Approved,Busy only this entity/action. Reads keep cache; mutations retain form. aria-busy and polite status. Prevent repeated submit with same intent key.,Apply inverse of latest acknowledged editable operation as new revision; never remove history; no undo across external publish.,Read failure retains last loaded content labeled stale with Retry; denied/missing target opens SYS-02; offline navigation uses cached authorized content.,Retry safe reads freely; mutation retries reuse same key after status fetch; never retry uncertain external publication. Cancel form keeps acknowledged revision; cancel job only via server checkpoint.,/content/:contentId/carousel,Visible label;44px/pt target; keyboard equivalent; focus2px forest offset2px; describedby error; restore focus on close; VoiceOver selected/position; status polite.,None: local UI/navigation; destination resource read only,No mutation on this gesture,No payload,CAR-01-AT08,Destructive/paid/publication action uses catalog; input/navigation none
CAR-01-I09,CAR-01,redo,local,Click/Enter/Space or native tap; drag has Move before/after alternative,Read permission for requested entity; public routes exempt,Reapply last undone operation with CAS; any divergent edit clears redo stack.,Selected/focused state; retain content and exact values; no optimistic Saved or Approved,Busy only this entity/action. Reads keep cache; mutations retain form. aria-busy and polite status. Prevent repeated submit with same intent key.,Reapply last undone operation with CAS; any divergent edit clears redo stack.,Read failure retains last loaded content labeled stale with Retry; denied/missing target opens SYS-02; offline navigation uses cached authorized content.,Retry safe reads freely; mutation retries reuse same key after status fetch; never retry uncertain external publication. Cancel form keeps acknowledged revision; cancel job only via server checkpoint.,/content/:contentId/carousel,Visible label;44px/pt target; keyboard equivalent; focus2px forest offset2px; describedby error; restore focus on close; VoiceOver selected/position; status polite.,None: local UI/navigation; destination resource read only,No mutation on this gesture,No payload,CAR-01-AT09,Destructive/paid/publication action uses catalog; input/navigation none
CAR-01-I10,CAR-01,versions,navigation,Click/Enter/Space or native tap; drag has Move before/after alternative,Read permission for requested entity; public routes exempt,"Open VER-01 for selected authorized entity; preserve originating route, tab stack and scroll.",Selected/focused state; retain content and exact values; no optimistic Saved or Approved,Busy only this entity/action. Reads keep cache; mutations retain form. aria-busy and polite status. Prevent repeated submit with same intent key.,"Open VER-01 for selected authorized entity; preserve originating route, tab stack and scroll.",Read failure retains last loaded content labeled stale with Retry; denied/missing target opens SYS-02; offline navigation uses cached authorized content.,Retry safe reads freely; mutation retries reuse same key after status fetch; never retry uncertain external publication. Cancel form keeps acknowledged revision; cancel job only via server checkpoint.,VER-01,Visible label;44px/pt target; keyboard equivalent; focus2px forest offset2px; describedby error; restore focus on close; VoiceOver selected/position; status polite.,None: local UI/navigation; destination resource read only,No mutation on this gesture,No payload,CAR-01-AT10,Destructive/paid/publication action uses catalog; input/navigation none
CAR-01-I11,CAR-01,preview,local,Click/Enter/Space or native tap; drag has Move before/after alternative,Read permission for requested entity; public routes exempt,Open selected output: Carousel CAR-01/PRE-01 or Reel REEL-01/PRE-02; wizard Edit CREATE-02; publication PUB-02. Read current revision first; unavailable entity SYS-02.,Selected/focused state; retain content and exact values; no optimistic Saved or Approved,Busy only this entity/action. Reads keep cache; mutations retain form. aria-busy and polite status. Prevent repeated submit with same intent key.,Open selected output: Carousel CAR-01/PRE-01 or Reel REEL-01/PRE-02; wizard Edit CREATE-02; publication PUB-02. Read current revision first; unavailable entity SYS-02.,Read failure retains last loaded content labeled stale with Retry; denied/missing target opens SYS-02; offline navigation uses cached authorized content.,Retry safe reads freely; mutation retries reuse same key after status fetch; never retry uncertain external publication. Cancel form keeps acknowledged revision; cancel job only via server checkpoint.,/content/:contentId/carousel,Visible label;44px/pt target; keyboard equivalent; focus2px forest offset2px; describedby error; restore focus on close; VoiceOver selected/position; status polite.,None: local UI/navigation; destination resource read only,No mutation on this gesture,No payload,CAR-01-AT11,Destructive/paid/publication action uses catalog; input/navigation none
CAR-01-I12,CAR-01,caption,navigation,Click/Enter/Space or native tap; drag has Move before/after alternative,Read permission for requested entity; public routes exempt,"Open CAP-01 for selected authorized entity; preserve originating route, tab stack and scroll.",Selected/focused state; retain content and exact values; no optimistic Saved or Approved,Busy only this entity/action. Reads keep cache; mutations retain form. aria-busy and polite status. Prevent repeated submit with same intent key.,"Open CAP-01 for selected authorized entity; preserve originating route, tab stack and scroll.",Read failure retains last loaded content labeled stale with Retry; denied/missing target opens SYS-02; offline navigation uses cached authorized content.,Retry safe reads freely; mutation retries reuse same key after status fetch; never retry uncertain external publication. Cancel form keeps acknowledged revision; cancel job only via server checkpoint.,CAP-01,Visible label;44px/pt target; keyboard equivalent; focus2px forest offset2px; describedby error; restore focus on close; VoiceOver selected/position; status polite.,None: local UI/navigation; destination resource read only,No mutation on this gesture,No payload,CAR-01-AT12,Destructive/paid/publication action uses catalog; input/navigation none
CAR-01-I13,CAR-01,submit-review,mutation,Click/Enter/Space or native tap; drag has Move before/after alternative,Current validated assets; supported claims; no active editing job,Output pending_review (Ready for review); REVIEW-02; independent other format unaffected,Selected/focused state; retain content and exact values; no optimistic Saved or Approved,Busy only this entity/action. Reads keep cache; mutations retain form. aria-busy and polite status. Prevent repeated submit with same intent key.,Output pending_review (Ready for review); REVIEW-02; independent other format unaffected,422: attach field errors and retain input;403: read-only permission banner;401: SYS-01 with safe return;409: show current state and retain draft; network: retain buffer and fetch authoritative state before retry.,Retry safe reads freely; mutation retries reuse same key after status fetch; never retry uncertain external publication. Cancel form keeps acknowledged revision; cancel job only via server checkpoint.,REVIEW-02 for this output format/revision,Visible label;44px/pt target; keyboard equivalent; focus2px forest offset2px; describedby error; restore focus on close; VoiceOver selected/position; status polite.,POST /v1/outputs/{outputId}/submit,Proposed exact contract; not present in audited repository,"{expectedRevision,assetHashes,evidenceHashes}",CAR-01-AT13,Destructive/paid/publication action uses catalog; input/navigation none
CAR-02-I01,CAR-02,slide-copy,mutation,Click/Enter/Space or native tap; drag has Move before/after alternative,Authenticated workspace and permitted role,Autosave current text; mark selected full artwork stale; invalidate approval,Selected/focused state; retain content and exact values; no optimistic Saved or Approved,Busy only this entity/action. Reads keep cache; mutations retain form. aria-busy and polite status. Prevent repeated submit with same intent key.,Autosave current text; mark selected full artwork stale; invalidate approval,422: attach field errors and retain input;403: read-only permission banner;401: SYS-01 with safe return;409: show current state and retain draft; network: retain buffer and fetch authoritative state before retry.,Retry safe reads freely; mutation retries reuse same key after status fetch; never retry uncertain external publication. Cancel form keeps acknowledged revision; cancel job only via server checkpoint.,Remain on /content/:contentId/carousel/slides/:slideId with acknowledged revision/state; no implicit publication or navigation,Visible label;44px/pt target; keyboard equivalent; focus2px forest offset2px; describedby error; restore focus on close; VoiceOver selected/position; status polite.,PATCH /v1/outputs/{outputId}/slides/{slideId},Proposed exact contract; not present in audited repository,"{expectedRevision,headline,body}",CAR-02-AT01,Destructive/paid/publication action uses catalog; input/navigation none
CAR-02-I03,CAR-02,save-now,local,Click/Enter/Space or native tap; drag has Move before/after alternative,Read permission for requested entity; public routes exempt,"Flush buffered entity-specific CAS edits; show Saving then Saved only after ACK; no changes is disabled, offline retains buffer.",Selected/focused state; retain content and exact values; no optimistic Saved or Approved,Busy only this entity/action. Reads keep cache; mutations retain form. aria-busy and polite status. Prevent repeated submit with same intent key.,"Flush buffered entity-specific CAS edits; show Saving then Saved only after ACK; no changes is disabled, offline retains buffer.",Read failure retains last loaded content labeled stale with Retry; denied/missing target opens SYS-02; offline navigation uses cached authorized content.,Retry safe reads freely; mutation retries reuse same key after status fetch; never retry uncertain external publication. Cancel form keeps acknowledged revision; cancel job only via server checkpoint.,/content/:contentId/carousel/slides/:slideId,Visible label;44px/pt target; keyboard equivalent; focus2px forest offset2px; describedby error; restore focus on close; VoiceOver selected/position; status polite.,None: local UI/navigation; destination resource read only,No mutation on this gesture,No payload,CAR-02-AT03,Destructive/paid/publication action uses catalog; input/navigation none
CAR-02-I04,CAR-02,regenerate-slide,navigation,Click/Enter/Space or native tap; drag has Move before/after alternative,Read permission for requested entity; public routes exempt,"Open CAR-03 for selected authorized entity; preserve originating route, tab stack and scroll.",Selected/focused state; retain content and exact values; no optimistic Saved or Approved,Busy only this entity/action. Reads keep cache; mutations retain form. aria-busy and polite status. Prevent repeated submit with same intent key.,"Open CAR-03 for selected authorized entity; preserve originating route, tab stack and scroll.",Read failure retains last loaded content labeled stale with Retry; denied/missing target opens SYS-02; offline navigation uses cached authorized content.,Retry safe reads freely; mutation retries reuse same key after status fetch; never retry uncertain external publication. Cancel form keeps acknowledged revision; cancel job only via server checkpoint.,CAR-03,Visible label;44px/pt target; keyboard equivalent; focus2px forest offset2px; describedby error; restore focus on close; VoiceOver selected/position; status polite.,None: local UI/navigation; destination resource read only,No mutation on this gesture,No payload,CAR-02-AT04,Destructive/paid/publication action uses catalog; input/navigation none
CAR-02-I05,CAR-02,back,local,Click/Enter/Space or native tap; drag has Move before/after alternative,Read permission for requested entity; public routes exempt,Return invoking route/stack and scroll; dirty unacknowledged edits open Save/Discard/Stay decision; durable jobs continue.,Selected/focused state; retain content and exact values; no optimistic Saved or Approved,Busy only this entity/action. Reads keep cache; mutations retain form. aria-busy and polite status. Prevent repeated submit with same intent key.,Return invoking route/stack and scroll; dirty unacknowledged edits open Save/Discard/Stay decision; durable jobs continue.,Read failure retains last loaded content labeled stale with Retry; denied/missing target opens SYS-02; offline navigation uses cached authorized content.,Retry safe reads freely; mutation retries reuse same key after status fetch; never retry uncertain external publication. Cancel form keeps acknowledged revision; cancel job only via server checkpoint.,/content/:contentId/carousel/slides/:slideId,Visible label;44px/pt target; keyboard equivalent; focus2px forest offset2px; describedby error; restore focus on close; VoiceOver selected/position; status polite.,None: local UI/navigation; destination resource read only,No mutation on this gesture,No payload,CAR-02-AT05,Destructive/paid/publication action uses catalog; input/navigation none
CAR-03-I02,CAR-03,regenerate-confirm,mutation,Click/Enter/Space or native tap; drag has Move before/after alternative,Saved current copy and automatic concept; provider ready; confirmed cost action,202 scoped job; retain previous asset until new current validated asset AI chooses a different background/composition using recent creative history; no manual layout prompt.,Selected/focused state; retain content and exact values; no optimistic Saved or Approved,Busy only this entity/action. Reads keep cache; mutations retain form. aria-busy and polite status. Prevent repeated submit with same intent key.,202 scoped job; retain previous asset until new current validated asset AI chooses a different background/composition using recent creative history; no manual layout prompt.,422: attach field errors and retain input;403: read-only permission banner;401: SYS-01 with safe return;409: show current state and retain draft; network: retain buffer and fetch authoritative state before retry.,Retry safe reads freely; mutation retries reuse same key after status fetch; never retry uncertain external publication. Cancel form keeps acknowledged revision; cancel job only via server checkpoint.,Remain on /content/:contentId/carousel/regenerate/:slideId with acknowledged revision/state; no implicit publication or navigation,Visible label;44px/pt target; keyboard equivalent; focus2px forest offset2px; describedby error; restore focus on close; VoiceOver selected/position; status polite.,POST /v1/outputs/{outputId}/slides/{slideId}/generate,Proposed exact contract; not present in audited repository,"{expectedRevision,confirmed:true}",CAR-03-AT02,Destructive/paid/publication action uses catalog; input/navigation none
CAR-03-I03,CAR-03,cancel,local,Click/Enter/Space or native tap; drag has Move before/after alternative,Read permission for requested entity; public routes exempt,Dismiss uncommitted form/sheet and restore invoker focus; does not cancel active durable job.,Selected/focused state; retain content and exact values; no optimistic Saved or Approved,Busy only this entity/action. Reads keep cache; mutations retain form. aria-busy and polite status. Prevent repeated submit with same intent key.,Dismiss uncommitted form/sheet and restore invoker focus; does not cancel active durable job.,Read failure retains last loaded content labeled stale with Retry; denied/missing target opens SYS-02; offline navigation uses cached authorized content.,Retry safe reads freely; mutation retries reuse same key after status fetch; never retry uncertain external publication. Cancel form keeps acknowledged revision; cancel job only via server checkpoint.,/content/:contentId/carousel/regenerate/:slideId,Visible label;44px/pt target; keyboard equivalent; focus2px forest offset2px; describedby error; restore focus on close; VoiceOver selected/position; status polite.,None: local UI/navigation; destination resource read only,No mutation on this gesture,No payload,CAR-03-AT03,Destructive/paid/publication action uses catalog; input/navigation none
VER-01-I01,VER-01,version-select,local,Click/Enter/Space or native tap; drag has Move before/after alternative,Read permission for requested entity; public routes exempt,Select stable entity ID; highlight and announce position; show current revision detail; flush pending entity edits before switching; failed save offers Stay or keep buffer.,Selected/focused state; retain content and exact values; no optimistic Saved or Approved,Busy only this entity/action. Reads keep cache; mutations retain form. aria-busy and polite status. Prevent repeated submit with same intent key.,Select stable entity ID; highlight and announce position; show current revision detail; flush pending entity edits before switching; failed save offers Stay or keep buffer.,Read failure retains last loaded content labeled stale with Retry; denied/missing target opens SYS-02; offline navigation uses cached authorized content.,Retry safe reads freely; mutation retries reuse same key after status fetch; never retry uncertain external publication. Cancel form keeps acknowledged revision; cancel job only via server checkpoint.,/content/:contentId/versions,Visible label;44px/pt target; keyboard equivalent; focus2px forest offset2px; describedby error; restore focus on close; VoiceOver selected/position; status polite.,None: local UI/navigation; destination resource read only,No mutation on this gesture,No payload,VER-01-AT01,Destructive/paid/publication action uses catalog; input/navigation none
VER-01-I02,VER-01,compare-version,local,Click/Enter/Space or native tap; drag has Move before/after alternative,Read permission for requested entity; public routes exempt,Show historical and current snapshot with text/asset hash differences; read-only; no restore until explicit Restore as draft.,Selected/focused state; retain content and exact values; no optimistic Saved or Approved,Busy only this entity/action. Reads keep cache; mutations retain form. aria-busy and polite status. Prevent repeated submit with same intent key.,Show historical and current snapshot with text/asset hash differences; read-only; no restore until explicit Restore as draft.,Read failure retains last loaded content labeled stale with Retry; denied/missing target opens SYS-02; offline navigation uses cached authorized content.,Retry safe reads freely; mutation retries reuse same key after status fetch; never retry uncertain external publication. Cancel form keeps acknowledged revision; cancel job only via server checkpoint.,/content/:contentId/versions,Visible label;44px/pt target; keyboard equivalent; focus2px forest offset2px; describedby error; restore focus on close; VoiceOver selected/position; status polite.,None: local UI/navigation; destination resource read only,No mutation on this gesture,No payload,VER-01-AT02,Destructive/paid/publication action uses catalog; input/navigation none
VER-01-I03,VER-01,restore-version,mutation,Click/Enter/Space or native tap; drag has Move before/after alternative,Authenticated workspace and permitted role,Create new draft head; never copy approval; editor opens restored draft,Selected/focused state; retain content and exact values; no optimistic Saved or Approved,Busy only this entity/action. Reads keep cache; mutations retain form. aria-busy and polite status. Prevent repeated submit with same intent key.,Create new draft head; never copy approval; editor opens restored draft,422: attach field errors and retain input;403: read-only permission banner;401: SYS-01 with safe return;409: show current state and retain draft; network: retain buffer and fetch authoritative state before retry.,Retry safe reads freely; mutation retries reuse same key after status fetch; never retry uncertain external publication. Cancel form keeps acknowledged revision; cancel job only via server checkpoint.,Remain on /content/:contentId/versions with acknowledged revision/state; no implicit publication or navigation,Visible label;44px/pt target; keyboard equivalent; focus2px forest offset2px; describedby error; restore focus on close; VoiceOver selected/position; status polite.,POST /v1/outputs/{outputId}/restore,Proposed exact contract; not present in audited repository,"{expectedRevision,historicalRevision}",VER-01-AT03,Destructive/paid/publication action uses catalog; input/navigation none
VER-01-I04,VER-01,back,local,Click/Enter/Space or native tap; drag has Move before/after alternative,Read permission for requested entity; public routes exempt,Return invoking route/stack and scroll; dirty unacknowledged edits open Save/Discard/Stay decision; durable jobs continue.,Selected/focused state; retain content and exact values; no optimistic Saved or Approved,Busy only this entity/action. Reads keep cache; mutations retain form. aria-busy and polite status. Prevent repeated submit with same intent key.,Return invoking route/stack and scroll; dirty unacknowledged edits open Save/Discard/Stay decision; durable jobs continue.,Read failure retains last loaded content labeled stale with Retry; denied/missing target opens SYS-02; offline navigation uses cached authorized content.,Retry safe reads freely; mutation retries reuse same key after status fetch; never retry uncertain external publication. Cancel form keeps acknowledged revision; cancel job only via server checkpoint.,/content/:contentId/versions,Visible label;44px/pt target; keyboard equivalent; focus2px forest offset2px; describedby error; restore focus on close; VoiceOver selected/position; status polite.,None: local UI/navigation; destination resource read only,No mutation on this gesture,No payload,VER-01-AT04,Destructive/paid/publication action uses catalog; input/navigation none
REEL-01-I01,REEL-01,play,local,Click/Enter/Space or native tap; drag has Move before/after alternative,Read permission for requested entity; public routes exempt,"Toggle current rendition play/pause only; no generation. If stale, show rendered revision and needs-render banner.",Selected/focused state; retain content and exact values; no optimistic Saved or Approved,Busy only this entity/action. Reads keep cache; mutations retain form. aria-busy and polite status. Prevent repeated submit with same intent key.,"Toggle current rendition play/pause only; no generation. If stale, show rendered revision and needs-render banner.",Read failure retains last loaded content labeled stale with Retry; denied/missing target opens SYS-02; offline navigation uses cached authorized content.,Retry safe reads freely; mutation retries reuse same key after status fetch; never retry uncertain external publication. Cancel form keeps acknowledged revision; cancel job only via server checkpoint.,/content/:contentId/reel,Visible label;44px/pt target; keyboard equivalent; focus2px forest offset2px; describedby error; restore focus on close; VoiceOver selected/position; status polite.,None: local UI/navigation; destination resource read only,No mutation on this gesture,No payload,REEL-01-AT01,Destructive/paid/publication action uses catalog; input/navigation none
REEL-01-I02,REEL-01,scrub,local,Click/Enter/Space or native tap; drag has Move before/after alternative,Read permission for requested entity; public routes exempt,Seek decoded rendition to selected time; keyboard left/right±1sec and Shift±5sec; scene tap seeks scene start; no timeline data mutation.,Selected/focused state; retain content and exact values; no optimistic Saved or Approved,Busy only this entity/action. Reads keep cache; mutations retain form. aria-busy and polite status. Prevent repeated submit with same intent key.,Seek decoded rendition to selected time; keyboard left/right±1sec and Shift±5sec; scene tap seeks scene start; no timeline data mutation.,Read failure retains last loaded content labeled stale with Retry; denied/missing target opens SYS-02; offline navigation uses cached authorized content.,Retry safe reads freely; mutation retries reuse same key after status fetch; never retry uncertain external publication. Cancel form keeps acknowledged revision; cancel job only via server checkpoint.,/content/:contentId/reel,Visible label;44px/pt target; keyboard equivalent; focus2px forest offset2px; describedby error; restore focus on close; VoiceOver selected/position; status polite.,None: local UI/navigation; destination resource read only,No mutation on this gesture,No payload,REEL-01-AT02,Destructive/paid/publication action uses catalog; input/navigation none
REEL-01-I03,REEL-01,mute,local,Click/Enter/Space or native tap; drag has Move before/after alternative,Read permission for requested entity; public routes exempt,Toggle preview audio only; retained device preference; no render invalidation.,Selected/focused state; retain content and exact values; no optimistic Saved or Approved,Busy only this entity/action. Reads keep cache; mutations retain form. aria-busy and polite status. Prevent repeated submit with same intent key.,Toggle preview audio only; retained device preference; no render invalidation.,Read failure retains last loaded content labeled stale with Retry; denied/missing target opens SYS-02; offline navigation uses cached authorized content.,Retry safe reads freely; mutation retries reuse same key after status fetch; never retry uncertain external publication. Cancel form keeps acknowledged revision; cancel job only via server checkpoint.,/content/:contentId/reel,Visible label;44px/pt target; keyboard equivalent; focus2px forest offset2px; describedby error; restore focus on close; VoiceOver selected/position; status polite.,None: local UI/navigation; destination resource read only,No mutation on this gesture,No payload,REEL-01-AT03,Destructive/paid/publication action uses catalog; input/navigation none
REEL-01-I04,REEL-01,fullscreen,local,Click/Enter/Space or native tap; drag has Move before/after alternative,Read permission for requested entity; public routes exempt,"Use browser fullscreen/native landscape player; Escape/Done returns position, playback and invoking focus.",Selected/focused state; retain content and exact values; no optimistic Saved or Approved,Busy only this entity/action. Reads keep cache; mutations retain form. aria-busy and polite status. Prevent repeated submit with same intent key.,"Use browser fullscreen/native landscape player; Escape/Done returns position, playback and invoking focus.",Read failure retains last loaded content labeled stale with Retry; denied/missing target opens SYS-02; offline navigation uses cached authorized content.,Retry safe reads freely; mutation retries reuse same key after status fetch; never retry uncertain external publication. Cancel form keeps acknowledged revision; cancel job only via server checkpoint.,/content/:contentId/reel,Visible label;44px/pt target; keyboard equivalent; focus2px forest offset2px; describedby error; restore focus on close; VoiceOver selected/position; status polite.,None: local UI/navigation; destination resource read only,No mutation on this gesture,No payload,REEL-01-AT04,Destructive/paid/publication action uses catalog; input/navigation none
REEL-01-I05,REEL-01,script,field,Input/change; editor autosave800ms or explicit Save,"Editable form, or public authentication field",Update local form buffer; script per scene1–1000characters. Commit only on form Save or editor autosave.,Field value retained; public/form inputs do not autosave until submit. Editor fields follow ordered CAS save.,Busy only this entity/action. Reads keep cache; mutations retain form. aria-busy and polite status. Prevent repeated submit with same intent key.,Update local form buffer; script per scene1–1000characters. Commit only on form Save or editor autosave.,422: attach field errors and retain input;403: read-only permission banner;401: SYS-01 with safe return;409: show current state and retain draft; network: retain buffer and fetch authoritative state before retry.,Retry safe reads freely; mutation retries reuse same key after status fetch; never retry uncertain external publication. Cancel form keeps acknowledged revision; cancel job only via server checkpoint.,/content/:contentId/reel,Visible label;44px/pt target; keyboard equivalent; focus2px forest offset2px; describedby error; restore focus on close; VoiceOver selected/position; status polite.,None on input; owning form Save contract,No mutation on this gesture,script per scene1–1000characters,REEL-01-AT05,Destructive/paid/publication action uses catalog; input/navigation none
REEL-01-I06,REEL-01,scene-select,local,Click/Enter/Space or native tap; drag has Move before/after alternative,Read permission for requested entity; public routes exempt,Select stable entity ID; highlight and announce position; show current revision detail; flush pending entity edits before switching; failed save offers Stay or keep buffer.,Selected/focused state; retain content and exact values; no optimistic Saved or Approved,Busy only this entity/action. Reads keep cache; mutations retain form. aria-busy and polite status. Prevent repeated submit with same intent key.,Select stable entity ID; highlight and announce position; show current revision detail; flush pending entity edits before switching; failed save offers Stay or keep buffer.,Read failure retains last loaded content labeled stale with Retry; denied/missing target opens SYS-02; offline navigation uses cached authorized content.,Retry safe reads freely; mutation retries reuse same key after status fetch; never retry uncertain external publication. Cancel form keeps acknowledged revision; cancel job only via server checkpoint.,/content/:contentId/reel,Visible label;44px/pt target; keyboard equivalent; focus2px forest offset2px; describedby error; restore focus on close; VoiceOver selected/position; status polite.,None: local UI/navigation; destination resource read only,No mutation on this gesture,No payload,REEL-01-AT06,Destructive/paid/publication action uses catalog; input/navigation none
REEL-01-I07,REEL-01,reorder-scenes,mutation,Click/Enter/Space or native tap; drag has Move before/after alternative,Authenticated workspace and permitted role,Atomic scene timeline revision; preserve reusable assets; total duration gate30–40s,Selected/focused state; retain content and exact values; no optimistic Saved or Approved,Busy only this entity/action. Reads keep cache; mutations retain form. aria-busy and polite status. Prevent repeated submit with same intent key.,Atomic scene timeline revision; preserve reusable assets; total duration gate30–40s,422: attach field errors and retain input;403: read-only permission banner;401: SYS-01 with safe return;409: show current state and retain draft; network: retain buffer and fetch authoritative state before retry.,Retry safe reads freely; mutation retries reuse same key after status fetch; never retry uncertain external publication. Cancel form keeps acknowledged revision; cancel job only via server checkpoint.,Remain on /content/:contentId/reel with acknowledged revision/state; no implicit publication or navigation,Visible label;44px/pt target; keyboard equivalent; focus2px forest offset2px; describedby error; restore focus on close; VoiceOver selected/position; status polite.,PATCH /v1/outputs/{outputId}/timeline,Proposed exact contract; not present in audited repository,"{expectedRevision,scenes:[ordered scene objects]}",REEL-01-AT07,Destructive/paid/publication action uses catalog; input/navigation none
REEL-01-I08,REEL-01,add-scene,mutation,Click/Enter/Space or native tap; drag has Move before/after alternative,Authenticated workspace and permitted role,Atomic scene timeline revision; preserve reusable assets; total duration gate30–40s,Selected/focused state; retain content and exact values; no optimistic Saved or Approved,Busy only this entity/action. Reads keep cache; mutations retain form. aria-busy and polite status. Prevent repeated submit with same intent key.,Atomic scene timeline revision; preserve reusable assets; total duration gate30–40s,422: attach field errors and retain input;403: read-only permission banner;401: SYS-01 with safe return;409: show current state and retain draft; network: retain buffer and fetch authoritative state before retry.,Retry safe reads freely; mutation retries reuse same key after status fetch; never retry uncertain external publication. Cancel form keeps acknowledged revision; cancel job only via server checkpoint.,Remain on /content/:contentId/reel with acknowledged revision/state; no implicit publication or navigation,Visible label;44px/pt target; keyboard equivalent; focus2px forest offset2px; describedby error; restore focus on close; VoiceOver selected/position; status polite.,PATCH /v1/outputs/{outputId}/timeline,Proposed exact contract; not present in audited repository,"{expectedRevision,scenes:[ordered scene objects]}",REEL-01-AT08,Destructive/paid/publication action uses catalog; input/navigation none
REEL-01-I09,REEL-01,delete-scene,mutation,Click/Enter/Space or native tap; drag has Move before/after alternative,Authenticated workspace and permitted role,Atomic scene timeline revision; preserve reusable assets; total duration gate30–40s,Selected/focused state; retain content and exact values; no optimistic Saved or Approved,Busy only this entity/action. Reads keep cache; mutations retain form. aria-busy and polite status. Prevent repeated submit with same intent key.,Atomic scene timeline revision; preserve reusable assets; total duration gate30–40s,422: attach field errors and retain input;403: read-only permission banner;401: SYS-01 with safe return;409: show current state and retain draft; network: retain buffer and fetch authoritative state before retry.,Retry safe reads freely; mutation retries reuse same key after status fetch; never retry uncertain external publication. Cancel form keeps acknowledged revision; cancel job only via server checkpoint.,Remain on /content/:contentId/reel with acknowledged revision/state; no implicit publication or navigation,Visible label;44px/pt target; keyboard equivalent; focus2px forest offset2px; describedby error; restore focus on close; VoiceOver selected/position; status polite.,PATCH /v1/outputs/{outputId}/timeline,Proposed exact contract; not present in audited repository,"{expectedRevision,scenes:[ordered scene objects]}",REEL-01-AT09,Destructive/paid/publication action uses catalog; input/navigation none
REEL-01-I10,REEL-01,voiceover,navigation,Tap/Click/Enter named tool,"Editable form, or public authentication field",Open REEL-05 for current Reel; tool selection does not change audio/timeline,Field value retained; public/form inputs do not autosave until submit. Editor fields follow ordered CAS save.,Busy only this entity/action. Reads keep cache; mutations retain form. aria-busy and polite status. Prevent repeated submit with same intent key.,Native push or desktop inspector opens REEL-05,422: attach field errors and retain input;403: read-only permission banner;401: SYS-01 with safe return;409: show current state and retain draft; network: retain buffer and fetch authoritative state before retry.,Retry safe reads freely; mutation retries reuse same key after status fetch; never retry uncertain external publication. Cancel form keeps acknowledged revision; cancel job only via server checkpoint.,REEL-05,Visible label;44px/pt target; keyboard equivalent; focus2px forest offset2px; describedby error; restore focus on close; VoiceOver selected/position; status polite.,None: navigation; target reads GET /v1/outputs/{outputId}/timeline,No mutation on this gesture,No mutation,REEL-01-AT10,Destructive/paid/publication action uses catalog; input/navigation none
REEL-01-I11,REEL-01,music,navigation,Tap/Click/Enter named tool,"Editable form, or public authentication field",Open REEL-05 for current Reel; tool selection does not change audio/timeline,Field value retained; public/form inputs do not autosave until submit. Editor fields follow ordered CAS save.,Busy only this entity/action. Reads keep cache; mutations retain form. aria-busy and polite status. Prevent repeated submit with same intent key.,Native push or desktop inspector opens REEL-05,422: attach field errors and retain input;403: read-only permission banner;401: SYS-01 with safe return;409: show current state and retain draft; network: retain buffer and fetch authoritative state before retry.,Retry safe reads freely; mutation retries reuse same key after status fetch; never retry uncertain external publication. Cancel form keeps acknowledged revision; cancel job only via server checkpoint.,REEL-05,Visible label;44px/pt target; keyboard equivalent; focus2px forest offset2px; describedby error; restore focus on close; VoiceOver selected/position; status polite.,None: navigation; target reads GET /v1/outputs/{outputId}/timeline,No mutation on this gesture,No mutation,REEL-01-AT11,Destructive/paid/publication action uses catalog; input/navigation none
REEL-01-I12,REEL-01,subtitles,navigation,Tap/Click/Enter named tool,"Editable form, or public authentication field",Open REEL-06 for current Reel; tool selection does not change audio/timeline,Field value retained; public/form inputs do not autosave until submit. Editor fields follow ordered CAS save.,Busy only this entity/action. Reads keep cache; mutations retain form. aria-busy and polite status. Prevent repeated submit with same intent key.,Native push or desktop inspector opens REEL-06,422: attach field errors and retain input;403: read-only permission banner;401: SYS-01 with safe return;409: show current state and retain draft; network: retain buffer and fetch authoritative state before retry.,Retry safe reads freely; mutation retries reuse same key after status fetch; never retry uncertain external publication. Cancel form keeps acknowledged revision; cancel job only via server checkpoint.,REEL-06,Visible label;44px/pt target; keyboard equivalent; focus2px forest offset2px; describedby error; restore focus on close; VoiceOver selected/position; status polite.,None: navigation; target reads GET /v1/outputs/{outputId}/timeline,No mutation on this gesture,No mutation,REEL-01-AT12,Destructive/paid/publication action uses catalog; input/navigation none
REEL-01-I13,REEL-01,render,mutation,Click/Enter/Space or native tap; drag has Move before/after alternative,All referenced assets current; audio choice resolved; duration30–40s,202 renderId/jobId; retain previous MP4 read-only; GEN-02 progresses to validation,Selected/focused state; retain content and exact values; no optimistic Saved or Approved,Busy only this entity/action. Reads keep cache; mutations retain form. aria-busy and polite status. Prevent repeated submit with same intent key.,202 renderId/jobId; retain previous MP4 read-only; GEN-02 progresses to validation,422: attach field errors and retain input;403: read-only permission banner;401: SYS-01 with safe return;409: show current state and retain draft; network: retain buffer and fetch authoritative state before retry.,Retry safe reads freely; mutation retries reuse same key after status fetch; never retry uncertain external publication. Cancel form keeps acknowledged revision; cancel job only via server checkpoint.,Remain on /content/:contentId/reel with acknowledged revision/state; no implicit publication or navigation,Visible label;44px/pt target; keyboard equivalent; focus2px forest offset2px; describedby error; restore focus on close; VoiceOver selected/position; status polite.,POST /v1/outputs/{outputId}/render,Proposed exact contract; not present in audited repository,"{expectedRevision,timelineHash,confirmed:true}",REEL-01-AT13,Destructive/paid/publication action uses catalog; input/navigation none
REEL-01-I14,REEL-01,versions,navigation,Click/Enter/Space or native tap; drag has Move before/after alternative,Read permission for requested entity; public routes exempt,"Open VER-01 for selected authorized entity; preserve originating route, tab stack and scroll.",Selected/focused state; retain content and exact values; no optimistic Saved or Approved,Busy only this entity/action. Reads keep cache; mutations retain form. aria-busy and polite status. Prevent repeated submit with same intent key.,"Open VER-01 for selected authorized entity; preserve originating route, tab stack and scroll.",Read failure retains last loaded content labeled stale with Retry; denied/missing target opens SYS-02; offline navigation uses cached authorized content.,Retry safe reads freely; mutation retries reuse same key after status fetch; never retry uncertain external publication. Cancel form keeps acknowledged revision; cancel job only via server checkpoint.,VER-01,Visible label;44px/pt target; keyboard equivalent; focus2px forest offset2px; describedby error; restore focus on close; VoiceOver selected/position; status polite.,None: local UI/navigation; destination resource read only,No mutation on this gesture,No payload,REEL-01-AT14,Destructive/paid/publication action uses catalog; input/navigation none
REEL-01-I15,REEL-01,preview,local,Click/Enter/Space or native tap; drag has Move before/after alternative,Read permission for requested entity; public routes exempt,Open selected output: Carousel CAR-01/PRE-01 or Reel REEL-01/PRE-02; wizard Edit CREATE-02; publication PUB-02. Read current revision first; unavailable entity SYS-02.,Selected/focused state; retain content and exact values; no optimistic Saved or Approved,Busy only this entity/action. Reads keep cache; mutations retain form. aria-busy and polite status. Prevent repeated submit with same intent key.,Open selected output: Carousel CAR-01/PRE-01 or Reel REEL-01/PRE-02; wizard Edit CREATE-02; publication PUB-02. Read current revision first; unavailable entity SYS-02.,Read failure retains last loaded content labeled stale with Retry; denied/missing target opens SYS-02; offline navigation uses cached authorized content.,Retry safe reads freely; mutation retries reuse same key after status fetch; never retry uncertain external publication. Cancel form keeps acknowledged revision; cancel job only via server checkpoint.,/content/:contentId/reel,Visible label;44px/pt target; keyboard equivalent; focus2px forest offset2px; describedby error; restore focus on close; VoiceOver selected/position; status polite.,None: local UI/navigation; destination resource read only,No mutation on this gesture,No payload,REEL-01-AT15,Destructive/paid/publication action uses catalog; input/navigation none
REEL-01-I16,REEL-01,submit-review,mutation,Click/Enter/Space or native tap; drag has Move before/after alternative,Current validated assets; supported claims; no active editing job,Output pending_review (Ready for review); REVIEW-02; independent other format unaffected,Selected/focused state; retain content and exact values; no optimistic Saved or Approved,Busy only this entity/action. Reads keep cache; mutations retain form. aria-busy and polite status. Prevent repeated submit with same intent key.,Output pending_review (Ready for review); REVIEW-02; independent other format unaffected,422: attach field errors and retain input;403: read-only permission banner;401: SYS-01 with safe return;409: show current state and retain draft; network: retain buffer and fetch authoritative state before retry.,Retry safe reads freely; mutation retries reuse same key after status fetch; never retry uncertain external publication. Cancel form keeps acknowledged revision; cancel job only via server checkpoint.,REVIEW-02 for this output format/revision,Visible label;44px/pt target; keyboard equivalent; focus2px forest offset2px; describedby error; restore focus on close; VoiceOver selected/position; status polite.,POST /v1/outputs/{outputId}/submit,Proposed exact contract; not present in audited repository,"{expectedRevision,assetHashes,evidenceHashes}",REEL-01-AT16,Destructive/paid/publication action uses catalog; input/navigation none
REEL-02-I01,REEL-02,script,mutation,Click/Enter/Space or native tap; drag has Move before/after alternative,Authenticated workspace and permitted role,Autosave script; affected visuals/audio/cues/render stale; invalidate Reel approval,Selected/focused state; retain content and exact values; no optimistic Saved or Approved,Busy only this entity/action. Reads keep cache; mutations retain form. aria-busy and polite status. Prevent repeated submit with same intent key.,Autosave script; affected visuals/audio/cues/render stale; invalidate Reel approval,422: attach field errors and retain input;403: read-only permission banner;401: SYS-01 with safe return;409: show current state and retain draft; network: retain buffer and fetch authoritative state before retry.,Retry safe reads freely; mutation retries reuse same key after status fetch; never retry uncertain external publication. Cancel form keeps acknowledged revision; cancel job only via server checkpoint.,Remain on /content/:contentId/reel/script with acknowledged revision/state; no implicit publication or navigation,Visible label;44px/pt target; keyboard equivalent; focus2px forest offset2px; describedby error; restore focus on close; VoiceOver selected/position; status polite.,PATCH /v1/outputs/{outputId}/timeline,Proposed exact contract; not present in audited repository,"{expectedRevision,scenes:[{id,script}]}",REEL-02-AT01,Destructive/paid/publication action uses catalog; input/navigation none
REEL-02-I02,REEL-02,ai-rewrite,mutation,Click/Enter/Space or native tap; drag has Move before/after alternative,Authenticated workspace and permitted role,Suggestion diff opens; Apply explicitly PATCHes timeline,Selected/focused state; retain content and exact values; no optimistic Saved or Approved,Busy only this entity/action. Reads keep cache; mutations retain form. aria-busy and polite status. Prevent repeated submit with same intent key.,Suggestion diff opens; Apply explicitly PATCHes timeline,422: attach field errors and retain input;403: read-only permission banner;401: SYS-01 with safe return;409: show current state and retain draft; network: retain buffer and fetch authoritative state before retry.,Retry safe reads freely; mutation retries reuse same key after status fetch; never retry uncertain external publication. Cancel form keeps acknowledged revision; cancel job only via server checkpoint.,Remain on /content/:contentId/reel/script with acknowledged revision/state; no implicit publication or navigation,Visible label;44px/pt target; keyboard equivalent; focus2px forest offset2px; describedby error; restore focus on close; VoiceOver selected/position; status polite.,POST /v1/outputs/{outputId}/script/suggestions,Proposed exact contract; not present in audited repository,"{expectedRevision,sceneIds,brief}",REEL-02-AT02,Destructive/paid/publication action uses catalog; input/navigation none
REEL-02-I03,REEL-02,save-now,local,Click/Enter/Space or native tap; drag has Move before/after alternative,Read permission for requested entity; public routes exempt,"Flush buffered entity-specific CAS edits; show Saving then Saved only after ACK; no changes is disabled, offline retains buffer.",Selected/focused state; retain content and exact values; no optimistic Saved or Approved,Busy only this entity/action. Reads keep cache; mutations retain form. aria-busy and polite status. Prevent repeated submit with same intent key.,"Flush buffered entity-specific CAS edits; show Saving then Saved only after ACK; no changes is disabled, offline retains buffer.",Read failure retains last loaded content labeled stale with Retry; denied/missing target opens SYS-02; offline navigation uses cached authorized content.,Retry safe reads freely; mutation retries reuse same key after status fetch; never retry uncertain external publication. Cancel form keeps acknowledged revision; cancel job only via server checkpoint.,/content/:contentId/reel/script,Visible label;44px/pt target; keyboard equivalent; focus2px forest offset2px; describedby error; restore focus on close; VoiceOver selected/position; status polite.,None: local UI/navigation; destination resource read only,No mutation on this gesture,No payload,REEL-02-AT03,Destructive/paid/publication action uses catalog; input/navigation none
REEL-02-I04,REEL-02,back,local,Click/Enter/Space or native tap; drag has Move before/after alternative,Read permission for requested entity; public routes exempt,Return invoking route/stack and scroll; dirty unacknowledged edits open Save/Discard/Stay decision; durable jobs continue.,Selected/focused state; retain content and exact values; no optimistic Saved or Approved,Busy only this entity/action. Reads keep cache; mutations retain form. aria-busy and polite status. Prevent repeated submit with same intent key.,Return invoking route/stack and scroll; dirty unacknowledged edits open Save/Discard/Stay decision; durable jobs continue.,Read failure retains last loaded content labeled stale with Retry; denied/missing target opens SYS-02; offline navigation uses cached authorized content.,Retry safe reads freely; mutation retries reuse same key after status fetch; never retry uncertain external publication. Cancel form keeps acknowledged revision; cancel job only via server checkpoint.,/content/:contentId/reel/script,Visible label;44px/pt target; keyboard equivalent; focus2px forest offset2px; describedby error; restore focus on close; VoiceOver selected/position; status polite.,None: local UI/navigation; destination resource read only,No mutation on this gesture,No payload,REEL-02-AT04,Destructive/paid/publication action uses catalog; input/navigation none
REEL-03-I01,REEL-03,scene-select,local,Click/Enter/Space or native tap; drag has Move before/after alternative,Read permission for requested entity; public routes exempt,Select stable entity ID; highlight and announce position; show current revision detail; flush pending entity edits before switching; failed save offers Stay or keep buffer.,Selected/focused state; retain content and exact values; no optimistic Saved or Approved,Busy only this entity/action. Reads keep cache; mutations retain form. aria-busy and polite status. Prevent repeated submit with same intent key.,Select stable entity ID; highlight and announce position; show current revision detail; flush pending entity edits before switching; failed save offers Stay or keep buffer.,Read failure retains last loaded content labeled stale with Retry; denied/missing target opens SYS-02; offline navigation uses cached authorized content.,Retry safe reads freely; mutation retries reuse same key after status fetch; never retry uncertain external publication. Cancel form keeps acknowledged revision; cancel job only via server checkpoint.,/content/:contentId/reel/scenes,Visible label;44px/pt target; keyboard equivalent; focus2px forest offset2px; describedby error; restore focus on close; VoiceOver selected/position; status polite.,None: local UI/navigation; destination resource read only,No mutation on this gesture,No payload,REEL-03-AT01,Destructive/paid/publication action uses catalog; input/navigation none
REEL-03-I02,REEL-03,reorder-scenes,mutation,Click/Enter/Space or native tap; drag has Move before/after alternative,Authenticated workspace and permitted role,Atomic scene timeline revision; preserve reusable assets; total duration gate30–40s,Selected/focused state; retain content and exact values; no optimistic Saved or Approved,Busy only this entity/action. Reads keep cache; mutations retain form. aria-busy and polite status. Prevent repeated submit with same intent key.,Atomic scene timeline revision; preserve reusable assets; total duration gate30–40s,422: attach field errors and retain input;403: read-only permission banner;401: SYS-01 with safe return;409: show current state and retain draft; network: retain buffer and fetch authoritative state before retry.,Retry safe reads freely; mutation retries reuse same key after status fetch; never retry uncertain external publication. Cancel form keeps acknowledged revision; cancel job only via server checkpoint.,Remain on /content/:contentId/reel/scenes with acknowledged revision/state; no implicit publication or navigation,Visible label;44px/pt target; keyboard equivalent; focus2px forest offset2px; describedby error; restore focus on close; VoiceOver selected/position; status polite.,PATCH /v1/outputs/{outputId}/timeline,Proposed exact contract; not present in audited repository,"{expectedRevision,scenes:[ordered scene objects]}",REEL-03-AT02,Destructive/paid/publication action uses catalog; input/navigation none
REEL-03-I03,REEL-03,add-scene,mutation,Click/Enter/Space or native tap; drag has Move before/after alternative,Authenticated workspace and permitted role,Atomic scene timeline revision; preserve reusable assets; total duration gate30–40s,Selected/focused state; retain content and exact values; no optimistic Saved or Approved,Busy only this entity/action. Reads keep cache; mutations retain form. aria-busy and polite status. Prevent repeated submit with same intent key.,Atomic scene timeline revision; preserve reusable assets; total duration gate30–40s,422: attach field errors and retain input;403: read-only permission banner;401: SYS-01 with safe return;409: show current state and retain draft; network: retain buffer and fetch authoritative state before retry.,Retry safe reads freely; mutation retries reuse same key after status fetch; never retry uncertain external publication. Cancel form keeps acknowledged revision; cancel job only via server checkpoint.,Remain on /content/:contentId/reel/scenes with acknowledged revision/state; no implicit publication or navigation,Visible label;44px/pt target; keyboard equivalent; focus2px forest offset2px; describedby error; restore focus on close; VoiceOver selected/position; status polite.,PATCH /v1/outputs/{outputId}/timeline,Proposed exact contract; not present in audited repository,"{expectedRevision,scenes:[ordered scene objects]}",REEL-03-AT03,Destructive/paid/publication action uses catalog; input/navigation none
REEL-03-I04,REEL-03,delete-scene,mutation,Click/Enter/Space or native tap; drag has Move before/after alternative,Authenticated workspace and permitted role,Atomic scene timeline revision; preserve reusable assets; total duration gate30–40s,Selected/focused state; retain content and exact values; no optimistic Saved or Approved,Busy only this entity/action. Reads keep cache; mutations retain form. aria-busy and polite status. Prevent repeated submit with same intent key.,Atomic scene timeline revision; preserve reusable assets; total duration gate30–40s,422: attach field errors and retain input;403: read-only permission banner;401: SYS-01 with safe return;409: show current state and retain draft; network: retain buffer and fetch authoritative state before retry.,Retry safe reads freely; mutation retries reuse same key after status fetch; never retry uncertain external publication. Cancel form keeps acknowledged revision; cancel job only via server checkpoint.,Remain on /content/:contentId/reel/scenes with acknowledged revision/state; no implicit publication or navigation,Visible label;44px/pt target; keyboard equivalent; focus2px forest offset2px; describedby error; restore focus on close; VoiceOver selected/position; status polite.,PATCH /v1/outputs/{outputId}/timeline,Proposed exact contract; not present in audited repository,"{expectedRevision,scenes:[ordered scene objects]}",REEL-03-AT04,Destructive/paid/publication action uses catalog; input/navigation none
REEL-03-I05,REEL-03,back,local,Click/Enter/Space or native tap; drag has Move before/after alternative,Read permission for requested entity; public routes exempt,Return invoking route/stack and scroll; dirty unacknowledged edits open Save/Discard/Stay decision; durable jobs continue.,Selected/focused state; retain content and exact values; no optimistic Saved or Approved,Busy only this entity/action. Reads keep cache; mutations retain form. aria-busy and polite status. Prevent repeated submit with same intent key.,Return invoking route/stack and scroll; dirty unacknowledged edits open Save/Discard/Stay decision; durable jobs continue.,Read failure retains last loaded content labeled stale with Retry; denied/missing target opens SYS-02; offline navigation uses cached authorized content.,Retry safe reads freely; mutation retries reuse same key after status fetch; never retry uncertain external publication. Cancel form keeps acknowledged revision; cancel job only via server checkpoint.,/content/:contentId/reel/scenes,Visible label;44px/pt target; keyboard equivalent; focus2px forest offset2px; describedby error; restore focus on close; VoiceOver selected/position; status polite.,None: local UI/navigation; destination resource read only,No mutation on this gesture,No payload,REEL-03-AT05,Destructive/paid/publication action uses catalog; input/navigation none
REEL-04-I01,REEL-04,scene-copy,mutation,Click/Enter/Space or native tap; drag has Move before/after alternative,Authenticated workspace and permitted role,Save changed scene; mark dependent voice/cues/render stale,Selected/focused state; retain content and exact values; no optimistic Saved or Approved,Busy only this entity/action. Reads keep cache; mutations retain form. aria-busy and polite status. Prevent repeated submit with same intent key.,Save changed scene; mark dependent voice/cues/render stale,422: attach field errors and retain input;403: read-only permission banner;401: SYS-01 with safe return;409: show current state and retain draft; network: retain buffer and fetch authoritative state before retry.,Retry safe reads freely; mutation retries reuse same key after status fetch; never retry uncertain external publication. Cancel form keeps acknowledged revision; cancel job only via server checkpoint.,Remain on /content/:contentId/reel/scenes/:sceneId with acknowledged revision/state; no implicit publication or navigation,Visible label;44px/pt target; keyboard equivalent; focus2px forest offset2px; describedby error; restore focus on close; VoiceOver selected/position; status polite.,PATCH /v1/outputs/{outputId}/timeline,Proposed exact contract; not present in audited repository,"{expectedRevision,scenes:[{id,script,durationSec}]}",REEL-04-AT01,Destructive/paid/publication action uses catalog; input/navigation none
REEL-04-I02,REEL-04,scene-duration,mutation,Click/Enter/Space or native tap; drag has Move before/after alternative,Authenticated workspace and permitted role,Save changed scene; mark dependent voice/cues/render stale,Selected/focused state; retain content and exact values; no optimistic Saved or Approved,Busy only this entity/action. Reads keep cache; mutations retain form. aria-busy and polite status. Prevent repeated submit with same intent key.,Save changed scene; mark dependent voice/cues/render stale,422: attach field errors and retain input;403: read-only permission banner;401: SYS-01 with safe return;409: show current state and retain draft; network: retain buffer and fetch authoritative state before retry.,Retry safe reads freely; mutation retries reuse same key after status fetch; never retry uncertain external publication. Cancel form keeps acknowledged revision; cancel job only via server checkpoint.,Remain on /content/:contentId/reel/scenes/:sceneId with acknowledged revision/state; no implicit publication or navigation,Visible label;44px/pt target; keyboard equivalent; focus2px forest offset2px; describedby error; restore focus on close; VoiceOver selected/position; status polite.,PATCH /v1/outputs/{outputId}/timeline,Proposed exact contract; not present in audited repository,"{expectedRevision,scenes:[{id,script,durationSec}]}",REEL-04-AT02,Destructive/paid/publication action uses catalog; input/navigation none
REEL-04-I04,REEL-04,regenerate-scene,mutation,Click/Enter/Space or native tap; drag has Move before/after alternative,Saved scene; provider ready; explicit confirmation,202 scene job; retain old visual; new visual invalidates render AI chooses a different background/composition using recent creative history; no manual layout prompt.,Selected/focused state; retain content and exact values; no optimistic Saved or Approved,Busy only this entity/action. Reads keep cache; mutations retain form. aria-busy and polite status. Prevent repeated submit with same intent key.,202 scene job; retain old visual; new visual invalidates render AI chooses a different background/composition using recent creative history; no manual layout prompt.,422: attach field errors and retain input;403: read-only permission banner;401: SYS-01 with safe return;409: show current state and retain draft; network: retain buffer and fetch authoritative state before retry.,Retry safe reads freely; mutation retries reuse same key after status fetch; never retry uncertain external publication. Cancel form keeps acknowledged revision; cancel job only via server checkpoint.,Remain on /content/:contentId/reel/scenes/:sceneId with acknowledged revision/state; no implicit publication or navigation,Visible label;44px/pt target; keyboard equivalent; focus2px forest offset2px; describedby error; restore focus on close; VoiceOver selected/position; status polite.,POST /v1/outputs/{outputId}/scenes/{sceneId}/generate,Proposed exact contract; not present in audited repository,"{expectedRevision,confirmed:true}",REEL-04-AT04,Destructive/paid/publication action uses catalog; input/navigation none
REEL-04-I05,REEL-04,save-now,local,Click/Enter/Space or native tap; drag has Move before/after alternative,Read permission for requested entity; public routes exempt,"Flush buffered entity-specific CAS edits; show Saving then Saved only after ACK; no changes is disabled, offline retains buffer.",Selected/focused state; retain content and exact values; no optimistic Saved or Approved,Busy only this entity/action. Reads keep cache; mutations retain form. aria-busy and polite status. Prevent repeated submit with same intent key.,"Flush buffered entity-specific CAS edits; show Saving then Saved only after ACK; no changes is disabled, offline retains buffer.",Read failure retains last loaded content labeled stale with Retry; denied/missing target opens SYS-02; offline navigation uses cached authorized content.,Retry safe reads freely; mutation retries reuse same key after status fetch; never retry uncertain external publication. Cancel form keeps acknowledged revision; cancel job only via server checkpoint.,/content/:contentId/reel/scenes/:sceneId,Visible label;44px/pt target; keyboard equivalent; focus2px forest offset2px; describedby error; restore focus on close; VoiceOver selected/position; status polite.,None: local UI/navigation; destination resource read only,No mutation on this gesture,No payload,REEL-04-AT05,Destructive/paid/publication action uses catalog; input/navigation none
REEL-04-I06,REEL-04,back,local,Click/Enter/Space or native tap; drag has Move before/after alternative,Read permission for requested entity; public routes exempt,Return invoking route/stack and scroll; dirty unacknowledged edits open Save/Discard/Stay decision; durable jobs continue.,Selected/focused state; retain content and exact values; no optimistic Saved or Approved,Busy only this entity/action. Reads keep cache; mutations retain form. aria-busy and polite status. Prevent repeated submit with same intent key.,Return invoking route/stack and scroll; dirty unacknowledged edits open Save/Discard/Stay decision; durable jobs continue.,Read failure retains last loaded content labeled stale with Retry; denied/missing target opens SYS-02; offline navigation uses cached authorized content.,Retry safe reads freely; mutation retries reuse same key after status fetch; never retry uncertain external publication. Cancel form keeps acknowledged revision; cancel job only via server checkpoint.,/content/:contentId/reel/scenes/:sceneId,Visible label;44px/pt target; keyboard equivalent; focus2px forest offset2px; describedby error; restore focus on close; VoiceOver selected/position; status polite.,None: local UI/navigation; destination resource read only,No mutation on this gesture,No payload,REEL-04-AT06,Destructive/paid/publication action uses catalog; input/navigation none
REEL-05-I01,REEL-05,voice-preview,local,Click/Enter/Space or native tap; drag has Move before/after alternative,Read permission for requested entity; public routes exempt,Play cached preview; provider preview request only after explicit sample notice; no script synthesis.,Selected/focused state; retain content and exact values; no optimistic Saved or Approved,Busy only this entity/action. Reads keep cache; mutations retain form. aria-busy and polite status. Prevent repeated submit with same intent key.,Play cached preview; provider preview request only after explicit sample notice; no script synthesis.,Read failure retains last loaded content labeled stale with Retry; denied/missing target opens SYS-02; offline navigation uses cached authorized content.,Retry safe reads freely; mutation retries reuse same key after status fetch; never retry uncertain external publication. Cancel form keeps acknowledged revision; cancel job only via server checkpoint.,/content/:contentId/reel/audio,Visible label;44px/pt target; keyboard equivalent; focus2px forest offset2px; describedby error; restore focus on close; VoiceOver selected/position; status polite.,None: local UI/navigation; destination resource read only,No mutation on this gesture,No payload,REEL-05-AT01,Destructive/paid/publication action uses catalog; input/navigation none
REEL-05-I02,REEL-05,voiceover,mutation,Click/Enter/Space or native tap; drag has Move before/after alternative,Authenticated workspace and permitted role,Save selection; require explicit Generate voiceover; chosen voice alone is not generated audio,Selected/focused state; retain content and exact values; no optimistic Saved or Approved,Busy only this entity/action. Reads keep cache; mutations retain form. aria-busy and polite status. Prevent repeated submit with same intent key.,Save selection; require explicit Generate voiceover; chosen voice alone is not generated audio,422: attach field errors and retain input;403: read-only permission banner;401: SYS-01 with safe return;409: show current state and retain draft; network: retain buffer and fetch authoritative state before retry.,Retry safe reads freely; mutation retries reuse same key after status fetch; never retry uncertain external publication. Cancel form keeps acknowledged revision; cancel job only via server checkpoint.,Remain on /content/:contentId/reel/audio with acknowledged revision/state; no implicit publication or navigation,Visible label;44px/pt target; keyboard equivalent; focus2px forest offset2px; describedby error; restore focus on close; VoiceOver selected/position; status polite.,PATCH /v1/outputs/{outputId}/timeline,Proposed exact contract; not present in audited repository,"{expectedRevision,voiceId|null}",REEL-05-AT02,Destructive/paid/publication action uses catalog; input/navigation none
REEL-05-I03,REEL-05,music,mutation,Click/Enter/Space or native tap; drag has Move before/after alternative,Authenticated workspace and permitted role,Save audio mix; mark render stale; voice/music gains -60..6dB; silence explicit,Selected/focused state; retain content and exact values; no optimistic Saved or Approved,Busy only this entity/action. Reads keep cache; mutations retain form. aria-busy and polite status. Prevent repeated submit with same intent key.,Save audio mix; mark render stale; voice/music gains -60..6dB; silence explicit,422: attach field errors and retain input;403: read-only permission banner;401: SYS-01 with safe return;409: show current state and retain draft; network: retain buffer and fetch authoritative state before retry.,Retry safe reads freely; mutation retries reuse same key after status fetch; never retry uncertain external publication. Cancel form keeps acknowledged revision; cancel job only via server checkpoint.,Remain on /content/:contentId/reel/audio with acknowledged revision/state; no implicit publication or navigation,Visible label;44px/pt target; keyboard equivalent; focus2px forest offset2px; describedby error; restore focus on close; VoiceOver selected/position; status polite.,PATCH /v1/outputs/{outputId}/timeline,Proposed exact contract; not present in audited repository,"{expectedRevision,musicAssetId,voiceGainDb,musicGainDb,ducking,license}",REEL-05-AT03,Destructive/paid/publication action uses catalog; input/navigation none
REEL-05-I04,REEL-05,upload-audio,mutation,Click/Enter/Space or native tap; drag has Move before/after alternative,WAV/MP3/M4A;<=50MiB; rights acknowledgment; no background publish,Return signed upload and complete-upload contract; decode validate audio before available,Selected/focused state; retain content and exact values; no optimistic Saved or Approved,Busy only this entity/action. Reads keep cache; mutations retain form. aria-busy and polite status. Prevent repeated submit with same intent key.,Return signed upload and complete-upload contract; decode validate audio before available,422: attach field errors and retain input;403: read-only permission banner;401: SYS-01 with safe return;409: show current state and retain draft; network: retain buffer and fetch authoritative state before retry.,Retry safe reads freely; mutation retries reuse same key after status fetch; never retry uncertain external publication. Cancel form keeps acknowledged revision; cancel job only via server checkpoint.,Remain on /content/:contentId/reel/audio with acknowledged revision/state; no implicit publication or navigation,Visible label;44px/pt target; keyboard equivalent; focus2px forest offset2px; describedby error; restore focus on close; VoiceOver selected/position; status polite.,POST /v1/outputs/{outputId}/audio/uploads,Proposed exact contract; not present in audited repository,"{fileName,mimeType,sizeBytes,license}",REEL-05-AT04,Destructive/paid/publication action uses catalog; input/navigation none
REEL-05-I05,REEL-05,volume,mutation,Click/Enter/Space or native tap; drag has Move before/after alternative,Authenticated workspace and permitted role,Save audio mix; mark render stale; voice/music gains -60..6dB; silence explicit,Selected/focused state; retain content and exact values; no optimistic Saved or Approved,Busy only this entity/action. Reads keep cache; mutations retain form. aria-busy and polite status. Prevent repeated submit with same intent key.,Save audio mix; mark render stale; voice/music gains -60..6dB; silence explicit,422: attach field errors and retain input;403: read-only permission banner;401: SYS-01 with safe return;409: show current state and retain draft; network: retain buffer and fetch authoritative state before retry.,Retry safe reads freely; mutation retries reuse same key after status fetch; never retry uncertain external publication. Cancel form keeps acknowledged revision; cancel job only via server checkpoint.,Remain on /content/:contentId/reel/audio with acknowledged revision/state; no implicit publication or navigation,Visible label;44px/pt target; keyboard equivalent; focus2px forest offset2px; describedby error; restore focus on close; VoiceOver selected/position; status polite.,PATCH /v1/outputs/{outputId}/timeline,Proposed exact contract; not present in audited repository,"{expectedRevision,musicAssetId,voiceGainDb,musicGainDb,ducking,license}",REEL-05-AT05,Destructive/paid/publication action uses catalog; input/navigation none
REEL-05-I06,REEL-05,ducking,mutation,Click/Enter/Space or native tap; drag has Move before/after alternative,Authenticated workspace and permitted role,Save audio mix; mark render stale; voice/music gains -60..6dB; silence explicit,Selected/focused state; retain content and exact values; no optimistic Saved or Approved,Busy only this entity/action. Reads keep cache; mutations retain form. aria-busy and polite status. Prevent repeated submit with same intent key.,Save audio mix; mark render stale; voice/music gains -60..6dB; silence explicit,422: attach field errors and retain input;403: read-only permission banner;401: SYS-01 with safe return;409: show current state and retain draft; network: retain buffer and fetch authoritative state before retry.,Retry safe reads freely; mutation retries reuse same key after status fetch; never retry uncertain external publication. Cancel form keeps acknowledged revision; cancel job only via server checkpoint.,Remain on /content/:contentId/reel/audio with acknowledged revision/state; no implicit publication or navigation,Visible label;44px/pt target; keyboard equivalent; focus2px forest offset2px; describedby error; restore focus on close; VoiceOver selected/position; status polite.,PATCH /v1/outputs/{outputId}/timeline,Proposed exact contract; not present in audited repository,"{expectedRevision,musicAssetId,voiceGainDb,musicGainDb,ducking,license}",REEL-05-AT06,Destructive/paid/publication action uses catalog; input/navigation none
REEL-05-I07,REEL-05,rights,mutation,Click/Enter/Space or native tap; drag has Move before/after alternative,Authenticated workspace and permitted role,Save audio mix; mark render stale; voice/music gains -60..6dB; silence explicit,Selected/focused state; retain content and exact values; no optimistic Saved or Approved,Busy only this entity/action. Reads keep cache; mutations retain form. aria-busy and polite status. Prevent repeated submit with same intent key.,Save audio mix; mark render stale; voice/music gains -60..6dB; silence explicit,422: attach field errors and retain input;403: read-only permission banner;401: SYS-01 with safe return;409: show current state and retain draft; network: retain buffer and fetch authoritative state before retry.,Retry safe reads freely; mutation retries reuse same key after status fetch; never retry uncertain external publication. Cancel form keeps acknowledged revision; cancel job only via server checkpoint.,Remain on /content/:contentId/reel/audio with acknowledged revision/state; no implicit publication or navigation,Visible label;44px/pt target; keyboard equivalent; focus2px forest offset2px; describedby error; restore focus on close; VoiceOver selected/position; status polite.,PATCH /v1/outputs/{outputId}/timeline,Proposed exact contract; not present in audited repository,"{expectedRevision,musicAssetId,voiceGainDb,musicGainDb,ducking,license}",REEL-05-AT07,Destructive/paid/publication action uses catalog; input/navigation none
REEL-05-I08,REEL-05,save-now,local,Click/Enter/Space or native tap; drag has Move before/after alternative,Read permission for requested entity; public routes exempt,"Flush buffered entity-specific CAS edits; show Saving then Saved only after ACK; no changes is disabled, offline retains buffer.",Selected/focused state; retain content and exact values; no optimistic Saved or Approved,Busy only this entity/action. Reads keep cache; mutations retain form. aria-busy and polite status. Prevent repeated submit with same intent key.,"Flush buffered entity-specific CAS edits; show Saving then Saved only after ACK; no changes is disabled, offline retains buffer.",Read failure retains last loaded content labeled stale with Retry; denied/missing target opens SYS-02; offline navigation uses cached authorized content.,Retry safe reads freely; mutation retries reuse same key after status fetch; never retry uncertain external publication. Cancel form keeps acknowledged revision; cancel job only via server checkpoint.,/content/:contentId/reel/audio,Visible label;44px/pt target; keyboard equivalent; focus2px forest offset2px; describedby error; restore focus on close; VoiceOver selected/position; status polite.,None: local UI/navigation; destination resource read only,No mutation on this gesture,No payload,REEL-05-AT08,Destructive/paid/publication action uses catalog; input/navigation none
REEL-05-I09,REEL-05,back,local,Click/Enter/Space or native tap; drag has Move before/after alternative,Read permission for requested entity; public routes exempt,Return invoking route/stack and scroll; dirty unacknowledged edits open Save/Discard/Stay decision; durable jobs continue.,Selected/focused state; retain content and exact values; no optimistic Saved or Approved,Busy only this entity/action. Reads keep cache; mutations retain form. aria-busy and polite status. Prevent repeated submit with same intent key.,Return invoking route/stack and scroll; dirty unacknowledged edits open Save/Discard/Stay decision; durable jobs continue.,Read failure retains last loaded content labeled stale with Retry; denied/missing target opens SYS-02; offline navigation uses cached authorized content.,Retry safe reads freely; mutation retries reuse same key after status fetch; never retry uncertain external publication. Cancel form keeps acknowledged revision; cancel job only via server checkpoint.,/content/:contentId/reel/audio,Visible label;44px/pt target; keyboard equivalent; focus2px forest offset2px; describedby error; restore focus on close; VoiceOver selected/position; status polite.,None: local UI/navigation; destination resource read only,No mutation on this gesture,No payload,REEL-05-AT09,Destructive/paid/publication action uses catalog; input/navigation none
REEL-06-I01,REEL-06,cue-select,local,Click/Enter/Space or native tap; drag has Move before/after alternative,Read permission for requested entity; public routes exempt,Select stable entity ID; highlight and announce position; show current revision detail; flush pending entity edits before switching; failed save offers Stay or keep buffer.,Selected/focused state; retain content and exact values; no optimistic Saved or Approved,Busy only this entity/action. Reads keep cache; mutations retain form. aria-busy and polite status. Prevent repeated submit with same intent key.,Select stable entity ID; highlight and announce position; show current revision detail; flush pending entity edits before switching; failed save offers Stay or keep buffer.,Read failure retains last loaded content labeled stale with Retry; denied/missing target opens SYS-02; offline navigation uses cached authorized content.,Retry safe reads freely; mutation retries reuse same key after status fetch; never retry uncertain external publication. Cancel form keeps acknowledged revision; cancel job only via server checkpoint.,/content/:contentId/reel/subtitles,Visible label;44px/pt target; keyboard equivalent; focus2px forest offset2px; describedby error; restore focus on close; VoiceOver selected/position; status polite.,None: local UI/navigation; destination resource read only,No mutation on this gesture,No payload,REEL-06-AT01,Destructive/paid/publication action uses catalog; input/navigation none
REEL-06-I02,REEL-06,cue-text,mutation,Click/Enter/Space or native tap; drag has Move before/after alternative,Authenticated workspace and permitted role,"Save subtitle revision; render stale; cues ordered, no overlap, within duration",Selected/focused state; retain content and exact values; no optimistic Saved or Approved,Busy only this entity/action. Reads keep cache; mutations retain form. aria-busy and polite status. Prevent repeated submit with same intent key.,"Save subtitle revision; render stale; cues ordered, no overlap, within duration",422: attach field errors and retain input;403: read-only permission banner;401: SYS-01 with safe return;409: show current state and retain draft; network: retain buffer and fetch authoritative state before retry.,Retry safe reads freely; mutation retries reuse same key after status fetch; never retry uncertain external publication. Cancel form keeps acknowledged revision; cancel job only via server checkpoint.,Remain on /content/:contentId/reel/subtitles with acknowledged revision/state; no implicit publication or navigation,Visible label;44px/pt target; keyboard equivalent; focus2px forest offset2px; describedby error; restore focus on close; VoiceOver selected/position; status polite.,PATCH /v1/outputs/{outputId}/timeline,Proposed exact contract; not present in audited repository,"{expectedRevision,cues:[{id,text,startMs,endMs}],subtitleStyle}",REEL-06-AT02,Destructive/paid/publication action uses catalog; input/navigation none
REEL-06-I03,REEL-06,cue-timing,mutation,Click/Enter/Space or native tap; drag has Move before/after alternative,Authenticated workspace and permitted role,"Save subtitle revision; render stale; cues ordered, no overlap, within duration",Selected/focused state; retain content and exact values; no optimistic Saved or Approved,Busy only this entity/action. Reads keep cache; mutations retain form. aria-busy and polite status. Prevent repeated submit with same intent key.,"Save subtitle revision; render stale; cues ordered, no overlap, within duration",422: attach field errors and retain input;403: read-only permission banner;401: SYS-01 with safe return;409: show current state and retain draft; network: retain buffer and fetch authoritative state before retry.,Retry safe reads freely; mutation retries reuse same key after status fetch; never retry uncertain external publication. Cancel form keeps acknowledged revision; cancel job only via server checkpoint.,Remain on /content/:contentId/reel/subtitles with acknowledged revision/state; no implicit publication or navigation,Visible label;44px/pt target; keyboard equivalent; focus2px forest offset2px; describedby error; restore focus on close; VoiceOver selected/position; status polite.,PATCH /v1/outputs/{outputId}/timeline,Proposed exact contract; not present in audited repository,"{expectedRevision,cues:[{id,text,startMs,endMs}],subtitleStyle}",REEL-06-AT03,Destructive/paid/publication action uses catalog; input/navigation none
REEL-06-I04,REEL-06,subtitle-style,mutation,Click/Enter/Space or native tap; drag has Move before/after alternative,Authenticated workspace and permitted role,"Save subtitle revision; render stale; cues ordered, no overlap, within duration",Selected/focused state; retain content and exact values; no optimistic Saved or Approved,Busy only this entity/action. Reads keep cache; mutations retain form. aria-busy and polite status. Prevent repeated submit with same intent key.,"Save subtitle revision; render stale; cues ordered, no overlap, within duration",422: attach field errors and retain input;403: read-only permission banner;401: SYS-01 with safe return;409: show current state and retain draft; network: retain buffer and fetch authoritative state before retry.,Retry safe reads freely; mutation retries reuse same key after status fetch; never retry uncertain external publication. Cancel form keeps acknowledged revision; cancel job only via server checkpoint.,Remain on /content/:contentId/reel/subtitles with acknowledged revision/state; no implicit publication or navigation,Visible label;44px/pt target; keyboard equivalent; focus2px forest offset2px; describedby error; restore focus on close; VoiceOver selected/position; status polite.,PATCH /v1/outputs/{outputId}/timeline,Proposed exact contract; not present in audited repository,"{expectedRevision,cues:[{id,text,startMs,endMs}],subtitleStyle}",REEL-06-AT04,Destructive/paid/publication action uses catalog; input/navigation none
REEL-06-I05,REEL-06,save-now,local,Click/Enter/Space or native tap; drag has Move before/after alternative,Read permission for requested entity; public routes exempt,"Flush buffered entity-specific CAS edits; show Saving then Saved only after ACK; no changes is disabled, offline retains buffer.",Selected/focused state; retain content and exact values; no optimistic Saved or Approved,Busy only this entity/action. Reads keep cache; mutations retain form. aria-busy and polite status. Prevent repeated submit with same intent key.,"Flush buffered entity-specific CAS edits; show Saving then Saved only after ACK; no changes is disabled, offline retains buffer.",Read failure retains last loaded content labeled stale with Retry; denied/missing target opens SYS-02; offline navigation uses cached authorized content.,Retry safe reads freely; mutation retries reuse same key after status fetch; never retry uncertain external publication. Cancel form keeps acknowledged revision; cancel job only via server checkpoint.,/content/:contentId/reel/subtitles,Visible label;44px/pt target; keyboard equivalent; focus2px forest offset2px; describedby error; restore focus on close; VoiceOver selected/position; status polite.,None: local UI/navigation; destination resource read only,No mutation on this gesture,No payload,REEL-06-AT05,Destructive/paid/publication action uses catalog; input/navigation none
REEL-06-I06,REEL-06,back,local,Click/Enter/Space or native tap; drag has Move before/after alternative,Read permission for requested entity; public routes exempt,Return invoking route/stack and scroll; dirty unacknowledged edits open Save/Discard/Stay decision; durable jobs continue.,Selected/focused state; retain content and exact values; no optimistic Saved or Approved,Busy only this entity/action. Reads keep cache; mutations retain form. aria-busy and polite status. Prevent repeated submit with same intent key.,Return invoking route/stack and scroll; dirty unacknowledged edits open Save/Discard/Stay decision; durable jobs continue.,Read failure retains last loaded content labeled stale with Retry; denied/missing target opens SYS-02; offline navigation uses cached authorized content.,Retry safe reads freely; mutation retries reuse same key after status fetch; never retry uncertain external publication. Cancel form keeps acknowledged revision; cancel job only via server checkpoint.,/content/:contentId/reel/subtitles,Visible label;44px/pt target; keyboard equivalent; focus2px forest offset2px; describedby error; restore focus on close; VoiceOver selected/position; status polite.,None: local UI/navigation; destination resource read only,No mutation on this gesture,No payload,REEL-06-AT06,Destructive/paid/publication action uses catalog; input/navigation none
CAP-01-I01,CAP-01,caption-text,mutation,Click/Enter/Space or native tap; drag has Move before/after alternative,Authenticated workspace and permitted role,Save caption; invalidate only this output approval; do not rerender unchanged video,Selected/focused state; retain content and exact values; no optimistic Saved or Approved,Busy only this entity/action. Reads keep cache; mutations retain form. aria-busy and polite status. Prevent repeated submit with same intent key.,Save caption; invalidate only this output approval; do not rerender unchanged video,422: attach field errors and retain input;403: read-only permission banner;401: SYS-01 with safe return;409: show current state and retain draft; network: retain buffer and fetch authoritative state before retry.,Retry safe reads freely; mutation retries reuse same key after status fetch; never retry uncertain external publication. Cancel form keeps acknowledged revision; cancel job only via server checkpoint.,Remain on /content/:contentId/caption/:format with acknowledged revision/state; no implicit publication or navigation,Visible label;44px/pt target; keyboard equivalent; focus2px forest offset2px; describedby error; restore focus on close; VoiceOver selected/position; status polite.,PATCH /v1/outputs/{outputId}/caption,Proposed exact contract; not present in audited repository,"{expectedRevision,caption,hashtags}",CAP-01-AT01,Destructive/paid/publication action uses catalog; input/navigation none
CAP-01-I02,CAP-01,hashtags,mutation,Click/Enter/Space or native tap; drag has Move before/after alternative,Authenticated workspace and permitted role,Save caption; invalidate only this output approval; do not rerender unchanged video,Selected/focused state; retain content and exact values; no optimistic Saved or Approved,Busy only this entity/action. Reads keep cache; mutations retain form. aria-busy and polite status. Prevent repeated submit with same intent key.,Save caption; invalidate only this output approval; do not rerender unchanged video,422: attach field errors and retain input;403: read-only permission banner;401: SYS-01 with safe return;409: show current state and retain draft; network: retain buffer and fetch authoritative state before retry.,Retry safe reads freely; mutation retries reuse same key after status fetch; never retry uncertain external publication. Cancel form keeps acknowledged revision; cancel job only via server checkpoint.,Remain on /content/:contentId/caption/:format with acknowledged revision/state; no implicit publication or navigation,Visible label;44px/pt target; keyboard equivalent; focus2px forest offset2px; describedby error; restore focus on close; VoiceOver selected/position; status polite.,PATCH /v1/outputs/{outputId}/caption,Proposed exact contract; not present in audited repository,"{expectedRevision,caption,hashtags}",CAP-01-AT02,Destructive/paid/publication action uses catalog; input/navigation none
CAP-01-I03,CAP-01,suggest-caption,mutation,Click/Enter/Space or native tap; drag has Move before/after alternative,Authenticated workspace and permitted role,Suggestion diff opens; Apply explicitly PATCHes caption; Cancel leaves saved caption,Selected/focused state; retain content and exact values; no optimistic Saved or Approved,Busy only this entity/action. Reads keep cache; mutations retain form. aria-busy and polite status. Prevent repeated submit with same intent key.,Suggestion diff opens; Apply explicitly PATCHes caption; Cancel leaves saved caption,422: attach field errors and retain input;403: read-only permission banner;401: SYS-01 with safe return;409: show current state and retain draft; network: retain buffer and fetch authoritative state before retry.,Retry safe reads freely; mutation retries reuse same key after status fetch; never retry uncertain external publication. Cancel form keeps acknowledged revision; cancel job only via server checkpoint.,Remain on /content/:contentId/caption/:format with acknowledged revision/state; no implicit publication or navigation,Visible label;44px/pt target; keyboard equivalent; focus2px forest offset2px; describedby error; restore focus on close; VoiceOver selected/position; status polite.,POST /v1/outputs/{outputId}/caption/suggestions,Proposed exact contract; not present in audited repository,"{expectedRevision,brief}",CAP-01-AT03,Destructive/paid/publication action uses catalog; input/navigation none
CAP-01-I04,CAP-01,copy-caption,local,Click/Enter/Space or native tap; drag has Move before/after alternative,Read permission for requested entity; public routes exempt,Copy displayed caption to clipboard on gesture; toast Copied; permission failure offers select text.,Selected/focused state; retain content and exact values; no optimistic Saved or Approved,Busy only this entity/action. Reads keep cache; mutations retain form. aria-busy and polite status. Prevent repeated submit with same intent key.,Copy displayed caption to clipboard on gesture; toast Copied; permission failure offers select text.,Read failure retains last loaded content labeled stale with Retry; denied/missing target opens SYS-02; offline navigation uses cached authorized content.,Retry safe reads freely; mutation retries reuse same key after status fetch; never retry uncertain external publication. Cancel form keeps acknowledged revision; cancel job only via server checkpoint.,/content/:contentId/caption/:format,Visible label;44px/pt target; keyboard equivalent; focus2px forest offset2px; describedby error; restore focus on close; VoiceOver selected/position; status polite.,None: local UI/navigation; destination resource read only,No mutation on this gesture,No payload,CAP-01-AT04,Destructive/paid/publication action uses catalog; input/navigation none
CAP-01-I05,CAP-01,save-now,local,Click/Enter/Space or native tap; drag has Move before/after alternative,Read permission for requested entity; public routes exempt,"Flush buffered entity-specific CAS edits; show Saving then Saved only after ACK; no changes is disabled, offline retains buffer.",Selected/focused state; retain content and exact values; no optimistic Saved or Approved,Busy only this entity/action. Reads keep cache; mutations retain form. aria-busy and polite status. Prevent repeated submit with same intent key.,"Flush buffered entity-specific CAS edits; show Saving then Saved only after ACK; no changes is disabled, offline retains buffer.",Read failure retains last loaded content labeled stale with Retry; denied/missing target opens SYS-02; offline navigation uses cached authorized content.,Retry safe reads freely; mutation retries reuse same key after status fetch; never retry uncertain external publication. Cancel form keeps acknowledged revision; cancel job only via server checkpoint.,/content/:contentId/caption/:format,Visible label;44px/pt target; keyboard equivalent; focus2px forest offset2px; describedby error; restore focus on close; VoiceOver selected/position; status polite.,None: local UI/navigation; destination resource read only,No mutation on this gesture,No payload,CAP-01-AT05,Destructive/paid/publication action uses catalog; input/navigation none
CAP-01-I06,CAP-01,back,local,Click/Enter/Space or native tap; drag has Move before/after alternative,Read permission for requested entity; public routes exempt,Return invoking route/stack and scroll; dirty unacknowledged edits open Save/Discard/Stay decision; durable jobs continue.,Selected/focused state; retain content and exact values; no optimistic Saved or Approved,Busy only this entity/action. Reads keep cache; mutations retain form. aria-busy and polite status. Prevent repeated submit with same intent key.,Return invoking route/stack and scroll; dirty unacknowledged edits open Save/Discard/Stay decision; durable jobs continue.,Read failure retains last loaded content labeled stale with Retry; denied/missing target opens SYS-02; offline navigation uses cached authorized content.,Retry safe reads freely; mutation retries reuse same key after status fetch; never retry uncertain external publication. Cancel form keeps acknowledged revision; cancel job only via server checkpoint.,/content/:contentId/caption/:format,Visible label;44px/pt target; keyboard equivalent; focus2px forest offset2px; describedby error; restore focus on close; VoiceOver selected/position; status polite.,None: local UI/navigation; destination resource read only,No mutation on this gesture,No payload,CAP-01-AT06,Destructive/paid/publication action uses catalog; input/navigation none
PRE-01-I01,PRE-01,previous,local,Click/Enter/Space or native tap; drag has Move before/after alternative,Read permission for requested entity; public routes exempt,Select adjacent slide within bounds; arrow keys supported; announce Slide n of total; controls disabled at bounds.,Selected/focused state; retain content and exact values; no optimistic Saved or Approved,Busy only this entity/action. Reads keep cache; mutations retain form. aria-busy and polite status. Prevent repeated submit with same intent key.,Select adjacent slide within bounds; arrow keys supported; announce Slide n of total; controls disabled at bounds.,Read failure retains last loaded content labeled stale with Retry; denied/missing target opens SYS-02; offline navigation uses cached authorized content.,Retry safe reads freely; mutation retries reuse same key after status fetch; never retry uncertain external publication. Cancel form keeps acknowledged revision; cancel job only via server checkpoint.,/content/:contentId/preview/carousel,Visible label;44px/pt target; keyboard equivalent; focus2px forest offset2px; describedby error; restore focus on close; VoiceOver selected/position; status polite.,None: local UI/navigation; destination resource read only,No mutation on this gesture,No payload,PRE-01-AT01,Destructive/paid/publication action uses catalog; input/navigation none
PRE-01-I02,PRE-01,next-slide,local,Click/Enter/Space or native tap; drag has Move before/after alternative,Read permission for requested entity; public routes exempt,Select adjacent slide within bounds; arrow keys supported; announce Slide n of total; controls disabled at bounds.,Selected/focused state; retain content and exact values; no optimistic Saved or Approved,Busy only this entity/action. Reads keep cache; mutations retain form. aria-busy and polite status. Prevent repeated submit with same intent key.,Select adjacent slide within bounds; arrow keys supported; announce Slide n of total; controls disabled at bounds.,Read failure retains last loaded content labeled stale with Retry; denied/missing target opens SYS-02; offline navigation uses cached authorized content.,Retry safe reads freely; mutation retries reuse same key after status fetch; never retry uncertain external publication. Cancel form keeps acknowledged revision; cancel job only via server checkpoint.,/content/:contentId/preview/carousel,Visible label;44px/pt target; keyboard equivalent; focus2px forest offset2px; describedby error; restore focus on close; VoiceOver selected/position; status polite.,None: local UI/navigation; destination resource read only,No mutation on this gesture,No payload,PRE-01-AT02,Destructive/paid/publication action uses catalog; input/navigation none
PRE-01-I03,PRE-01,zoom,local,Click/Enter/Space or native tap; drag has Move before/after alternative,Read permission for requested entity; public routes exempt,"Change artwork display100/150/200percent, never asset dimensions; pan with keyboard alternative; reset Fit on resize.",Selected/focused state; retain content and exact values; no optimistic Saved or Approved,Busy only this entity/action. Reads keep cache; mutations retain form. aria-busy and polite status. Prevent repeated submit with same intent key.,"Change artwork display100/150/200percent, never asset dimensions; pan with keyboard alternative; reset Fit on resize.",Read failure retains last loaded content labeled stale with Retry; denied/missing target opens SYS-02; offline navigation uses cached authorized content.,Retry safe reads freely; mutation retries reuse same key after status fetch; never retry uncertain external publication. Cancel form keeps acknowledged revision; cancel job only via server checkpoint.,/content/:contentId/preview/carousel,Visible label;44px/pt target; keyboard equivalent; focus2px forest offset2px; describedby error; restore focus on close; VoiceOver selected/position; status polite.,None: local UI/navigation; destination resource read only,No mutation on this gesture,No payload,PRE-01-AT03,Destructive/paid/publication action uses catalog; input/navigation none
PRE-01-I04,PRE-01,slide-select,local,Click/Enter/Space or native tap; drag has Move before/after alternative,Read permission for requested entity; public routes exempt,Select stable entity ID; highlight and announce position; show current revision detail; flush pending entity edits before switching; failed save offers Stay or keep buffer.,Selected/focused state; retain content and exact values; no optimistic Saved or Approved,Busy only this entity/action. Reads keep cache; mutations retain form. aria-busy and polite status. Prevent repeated submit with same intent key.,Select stable entity ID; highlight and announce position; show current revision detail; flush pending entity edits before switching; failed save offers Stay or keep buffer.,Read failure retains last loaded content labeled stale with Retry; denied/missing target opens SYS-02; offline navigation uses cached authorized content.,Retry safe reads freely; mutation retries reuse same key after status fetch; never retry uncertain external publication. Cancel form keeps acknowledged revision; cancel job only via server checkpoint.,/content/:contentId/preview/carousel,Visible label;44px/pt target; keyboard equivalent; focus2px forest offset2px; describedby error; restore focus on close; VoiceOver selected/position; status polite.,None: local UI/navigation; destination resource read only,No mutation on this gesture,No payload,PRE-01-AT04,Destructive/paid/publication action uses catalog; input/navigation none
PRE-01-I05,PRE-01,download,read,Click/Enter/Space or native tap; drag has Move before/after alternative,Export current or retained revision; native share sheet,"Download selected displayed revision, never latest silently",Selected/focused state; retain content and exact values; no optimistic Saved or Approved,Busy only this entity/action. Reads keep cache; mutations retain form. aria-busy and polite status. Prevent repeated submit with same intent key.,"Download selected displayed revision, never latest silently",Read failure retains last loaded content labeled stale with Retry; denied/missing target opens SYS-02; offline navigation uses cached authorized content.,Retry safe reads freely; mutation retries reuse same key after status fetch; never retry uncertain external publication. Cancel form keeps acknowledged revision; cancel job only via server checkpoint.,Remain on /content/:contentId/preview/carousel with acknowledged revision/state; no implicit publication or navigation,Visible label;44px/pt target; keyboard equivalent; focus2px forest offset2px; describedby error; restore focus on close; VoiceOver selected/position; status polite.,GET /v1/outputs/{outputId}/exports/{revision},Proposed exact contract; not present in audited repository,no mutation; authenticated expiring download,PRE-01-AT05,Destructive/paid/publication action uses catalog; input/navigation none
PRE-01-I06,PRE-01,edit,local,Click/Enter/Space or native tap; drag has Move before/after alternative,Read permission for requested entity; public routes exempt,Open selected output: Carousel CAR-01/PRE-01 or Reel REEL-01/PRE-02; wizard Edit CREATE-02; publication PUB-02. Read current revision first; unavailable entity SYS-02.,Selected/focused state; retain content and exact values; no optimistic Saved or Approved,Busy only this entity/action. Reads keep cache; mutations retain form. aria-busy and polite status. Prevent repeated submit with same intent key.,Open selected output: Carousel CAR-01/PRE-01 or Reel REEL-01/PRE-02; wizard Edit CREATE-02; publication PUB-02. Read current revision first; unavailable entity SYS-02.,Read failure retains last loaded content labeled stale with Retry; denied/missing target opens SYS-02; offline navigation uses cached authorized content.,Retry safe reads freely; mutation retries reuse same key after status fetch; never retry uncertain external publication. Cancel form keeps acknowledged revision; cancel job only via server checkpoint.,/content/:contentId/preview/carousel,Visible label;44px/pt target; keyboard equivalent; focus2px forest offset2px; describedby error; restore focus on close; VoiceOver selected/position; status polite.,None: local UI/navigation; destination resource read only,No mutation on this gesture,No payload,PRE-01-AT06,Destructive/paid/publication action uses catalog; input/navigation none
PRE-01-I07,PRE-01,close,local,Click/Enter/Space or native tap; drag has Move before/after alternative,Read permission for requested entity; public routes exempt,Close preview/sheet to invoker; preserve revision and preview position; dirty form invokes unsaved decision.,Selected/focused state; retain content and exact values; no optimistic Saved or Approved,Busy only this entity/action. Reads keep cache; mutations retain form. aria-busy and polite status. Prevent repeated submit with same intent key.,Close preview/sheet to invoker; preserve revision and preview position; dirty form invokes unsaved decision.,Read failure retains last loaded content labeled stale with Retry; denied/missing target opens SYS-02; offline navigation uses cached authorized content.,Retry safe reads freely; mutation retries reuse same key after status fetch; never retry uncertain external publication. Cancel form keeps acknowledged revision; cancel job only via server checkpoint.,/content/:contentId/preview/carousel,Visible label;44px/pt target; keyboard equivalent; focus2px forest offset2px; describedby error; restore focus on close; VoiceOver selected/position; status polite.,None: local UI/navigation; destination resource read only,No mutation on this gesture,No payload,PRE-01-AT07,Destructive/paid/publication action uses catalog; input/navigation none
PRE-02-I01,PRE-02,play,local,Click/Enter/Space or native tap; drag has Move before/after alternative,Read permission for requested entity; public routes exempt,"Toggle current rendition play/pause only; no generation. If stale, show rendered revision and needs-render banner.",Selected/focused state; retain content and exact values; no optimistic Saved or Approved,Busy only this entity/action. Reads keep cache; mutations retain form. aria-busy and polite status. Prevent repeated submit with same intent key.,"Toggle current rendition play/pause only; no generation. If stale, show rendered revision and needs-render banner.",Read failure retains last loaded content labeled stale with Retry; denied/missing target opens SYS-02; offline navigation uses cached authorized content.,Retry safe reads freely; mutation retries reuse same key after status fetch; never retry uncertain external publication. Cancel form keeps acknowledged revision; cancel job only via server checkpoint.,/content/:contentId/preview/reel,Visible label;44px/pt target; keyboard equivalent; focus2px forest offset2px; describedby error; restore focus on close; VoiceOver selected/position; status polite.,None: local UI/navigation; destination resource read only,No mutation on this gesture,No payload,PRE-02-AT01,Destructive/paid/publication action uses catalog; input/navigation none
PRE-02-I02,PRE-02,scrub,local,Click/Enter/Space or native tap; drag has Move before/after alternative,Read permission for requested entity; public routes exempt,Seek decoded rendition to selected time; keyboard left/right±1sec and Shift±5sec; scene tap seeks scene start; no timeline data mutation.,Selected/focused state; retain content and exact values; no optimistic Saved or Approved,Busy only this entity/action. Reads keep cache; mutations retain form. aria-busy and polite status. Prevent repeated submit with same intent key.,Seek decoded rendition to selected time; keyboard left/right±1sec and Shift±5sec; scene tap seeks scene start; no timeline data mutation.,Read failure retains last loaded content labeled stale with Retry; denied/missing target opens SYS-02; offline navigation uses cached authorized content.,Retry safe reads freely; mutation retries reuse same key after status fetch; never retry uncertain external publication. Cancel form keeps acknowledged revision; cancel job only via server checkpoint.,/content/:contentId/preview/reel,Visible label;44px/pt target; keyboard equivalent; focus2px forest offset2px; describedby error; restore focus on close; VoiceOver selected/position; status polite.,None: local UI/navigation; destination resource read only,No mutation on this gesture,No payload,PRE-02-AT02,Destructive/paid/publication action uses catalog; input/navigation none
PRE-02-I03,PRE-02,mute,local,Click/Enter/Space or native tap; drag has Move before/after alternative,Read permission for requested entity; public routes exempt,Toggle preview audio only; retained device preference; no render invalidation.,Selected/focused state; retain content and exact values; no optimistic Saved or Approved,Busy only this entity/action. Reads keep cache; mutations retain form. aria-busy and polite status. Prevent repeated submit with same intent key.,Toggle preview audio only; retained device preference; no render invalidation.,Read failure retains last loaded content labeled stale with Retry; denied/missing target opens SYS-02; offline navigation uses cached authorized content.,Retry safe reads freely; mutation retries reuse same key after status fetch; never retry uncertain external publication. Cancel form keeps acknowledged revision; cancel job only via server checkpoint.,/content/:contentId/preview/reel,Visible label;44px/pt target; keyboard equivalent; focus2px forest offset2px; describedby error; restore focus on close; VoiceOver selected/position; status polite.,None: local UI/navigation; destination resource read only,No mutation on this gesture,No payload,PRE-02-AT03,Destructive/paid/publication action uses catalog; input/navigation none
PRE-02-I04,PRE-02,fullscreen,local,Click/Enter/Space or native tap; drag has Move before/after alternative,Read permission for requested entity; public routes exempt,"Use browser fullscreen/native landscape player; Escape/Done returns position, playback and invoking focus.",Selected/focused state; retain content and exact values; no optimistic Saved or Approved,Busy only this entity/action. Reads keep cache; mutations retain form. aria-busy and polite status. Prevent repeated submit with same intent key.,"Use browser fullscreen/native landscape player; Escape/Done returns position, playback and invoking focus.",Read failure retains last loaded content labeled stale with Retry; denied/missing target opens SYS-02; offline navigation uses cached authorized content.,Retry safe reads freely; mutation retries reuse same key after status fetch; never retry uncertain external publication. Cancel form keeps acknowledged revision; cancel job only via server checkpoint.,/content/:contentId/preview/reel,Visible label;44px/pt target; keyboard equivalent; focus2px forest offset2px; describedby error; restore focus on close; VoiceOver selected/position; status polite.,None: local UI/navigation; destination resource read only,No mutation on this gesture,No payload,PRE-02-AT04,Destructive/paid/publication action uses catalog; input/navigation none
PRE-02-I05,PRE-02,transcript,local,Click/Enter/Space or native tap; drag has Move before/after alternative,Read permission for requested entity; public routes exempt,Show timed transcript; selecting cue seeks rendition; not editing captions; sheet close preserves playback position.,Selected/focused state; retain content and exact values; no optimistic Saved or Approved,Busy only this entity/action. Reads keep cache; mutations retain form. aria-busy and polite status. Prevent repeated submit with same intent key.,Show timed transcript; selecting cue seeks rendition; not editing captions; sheet close preserves playback position.,Read failure retains last loaded content labeled stale with Retry; denied/missing target opens SYS-02; offline navigation uses cached authorized content.,Retry safe reads freely; mutation retries reuse same key after status fetch; never retry uncertain external publication. Cancel form keeps acknowledged revision; cancel job only via server checkpoint.,/content/:contentId/preview/reel,Visible label;44px/pt target; keyboard equivalent; focus2px forest offset2px; describedby error; restore focus on close; VoiceOver selected/position; status polite.,None: local UI/navigation; destination resource read only,No mutation on this gesture,No payload,PRE-02-AT05,Destructive/paid/publication action uses catalog; input/navigation none
PRE-02-I06,PRE-02,download,read,Click/Enter/Space or native tap; drag has Move before/after alternative,Export current or retained revision; native share sheet,"Download selected displayed revision, never latest silently",Selected/focused state; retain content and exact values; no optimistic Saved or Approved,Busy only this entity/action. Reads keep cache; mutations retain form. aria-busy and polite status. Prevent repeated submit with same intent key.,"Download selected displayed revision, never latest silently",Read failure retains last loaded content labeled stale with Retry; denied/missing target opens SYS-02; offline navigation uses cached authorized content.,Retry safe reads freely; mutation retries reuse same key after status fetch; never retry uncertain external publication. Cancel form keeps acknowledged revision; cancel job only via server checkpoint.,Remain on /content/:contentId/preview/reel with acknowledged revision/state; no implicit publication or navigation,Visible label;44px/pt target; keyboard equivalent; focus2px forest offset2px; describedby error; restore focus on close; VoiceOver selected/position; status polite.,GET /v1/outputs/{outputId}/exports/{revision},Proposed exact contract; not present in audited repository,no mutation; authenticated expiring download,PRE-02-AT06,Destructive/paid/publication action uses catalog; input/navigation none
PRE-02-I07,PRE-02,edit,local,Click/Enter/Space or native tap; drag has Move before/after alternative,Read permission for requested entity; public routes exempt,Open selected output: Carousel CAR-01/PRE-01 or Reel REEL-01/PRE-02; wizard Edit CREATE-02; publication PUB-02. Read current revision first; unavailable entity SYS-02.,Selected/focused state; retain content and exact values; no optimistic Saved or Approved,Busy only this entity/action. Reads keep cache; mutations retain form. aria-busy and polite status. Prevent repeated submit with same intent key.,Open selected output: Carousel CAR-01/PRE-01 or Reel REEL-01/PRE-02; wizard Edit CREATE-02; publication PUB-02. Read current revision first; unavailable entity SYS-02.,Read failure retains last loaded content labeled stale with Retry; denied/missing target opens SYS-02; offline navigation uses cached authorized content.,Retry safe reads freely; mutation retries reuse same key after status fetch; never retry uncertain external publication. Cancel form keeps acknowledged revision; cancel job only via server checkpoint.,/content/:contentId/preview/reel,Visible label;44px/pt target; keyboard equivalent; focus2px forest offset2px; describedby error; restore focus on close; VoiceOver selected/position; status polite.,None: local UI/navigation; destination resource read only,No mutation on this gesture,No payload,PRE-02-AT07,Destructive/paid/publication action uses catalog; input/navigation none
PRE-02-I08,PRE-02,close,local,Click/Enter/Space or native tap; drag has Move before/after alternative,Read permission for requested entity; public routes exempt,Close preview/sheet to invoker; preserve revision and preview position; dirty form invokes unsaved decision.,Selected/focused state; retain content and exact values; no optimistic Saved or Approved,Busy only this entity/action. Reads keep cache; mutations retain form. aria-busy and polite status. Prevent repeated submit with same intent key.,Close preview/sheet to invoker; preserve revision and preview position; dirty form invokes unsaved decision.,Read failure retains last loaded content labeled stale with Retry; denied/missing target opens SYS-02; offline navigation uses cached authorized content.,Retry safe reads freely; mutation retries reuse same key after status fetch; never retry uncertain external publication. Cancel form keeps acknowledged revision; cancel job only via server checkpoint.,/content/:contentId/preview/reel,Visible label;44px/pt target; keyboard equivalent; focus2px forest offset2px; describedby error; restore focus on close; VoiceOver selected/position; status polite.,None: local UI/navigation; destination resource read only,No mutation on this gesture,No payload,PRE-02-AT08,Destructive/paid/publication action uses catalog; input/navigation none
REVIEW-01-I01,REVIEW-01,review-filters,local,Click/Enter/Space or native tap; drag has Move before/after alternative,Read permission for requested entity; public routes exempt,Open labeled selection surface; Apply validates values and updates query/URL; reset cursor; Cancel preserves original; clear resets to all. Server reads use screen resource listed below.,Selected/focused state; retain content and exact values; no optimistic Saved or Approved,Busy only this entity/action. Reads keep cache; mutations retain form. aria-busy and polite status. Prevent repeated submit with same intent key.,Open labeled selection surface; Apply validates values and updates query/URL; reset cursor; Cancel preserves original; clear resets to all. Server reads use screen resource listed below.,Read failure retains last loaded content labeled stale with Retry; denied/missing target opens SYS-02; offline navigation uses cached authorized content.,Retry safe reads freely; mutation retries reuse same key after status fetch; never retry uncertain external publication. Cancel form keeps acknowledged revision; cancel job only via server checkpoint.,/review,Visible label;44px/pt target; keyboard equivalent; focus2px forest offset2px; describedby error; restore focus on close; VoiceOver selected/position; status polite.,None: local UI/navigation; destination resource read only,No mutation on this gesture,No payload,REVIEW-01-AT01,Destructive/paid/publication action uses catalog; input/navigation none
REVIEW-01-I02,REVIEW-01,review-open,navigation,Click/Enter/Space or native tap; drag has Move before/after alternative,Read permission for requested entity; public routes exempt,"Open REVIEW-02 for selected authorized entity; preserve originating route, tab stack and scroll.",Selected/focused state; retain content and exact values; no optimistic Saved or Approved,Busy only this entity/action. Reads keep cache; mutations retain form. aria-busy and polite status. Prevent repeated submit with same intent key.,"Open REVIEW-02 for selected authorized entity; preserve originating route, tab stack and scroll.",Read failure retains last loaded content labeled stale with Retry; denied/missing target opens SYS-02; offline navigation uses cached authorized content.,Retry safe reads freely; mutation retries reuse same key after status fetch; never retry uncertain external publication. Cancel form keeps acknowledged revision; cancel job only via server checkpoint.,REVIEW-02,Visible label;44px/pt target; keyboard equivalent; focus2px forest offset2px; describedby error; restore focus on close; VoiceOver selected/position; status polite.,None: local UI/navigation; destination resource read only,No mutation on this gesture,No payload,REVIEW-01-AT02,Destructive/paid/publication action uses catalog; input/navigation none
REVIEW-01-I03,REVIEW-01,search-content,local,Click/Enter/Space or native tap; drag has Move before/after alternative,Read permission for requested entity; public routes exempt,Update URL query after300ms debounce; abort superseded request; reset cursor; existing rows visible with updating status; clear button resets query.,Selected/focused state; retain content and exact values; no optimistic Saved or Approved,Busy only this entity/action. Reads keep cache; mutations retain form. aria-busy and polite status. Prevent repeated submit with same intent key.,Update URL query after300ms debounce; abort superseded request; reset cursor; existing rows visible with updating status; clear button resets query.,Read failure retains last loaded content labeled stale with Retry; denied/missing target opens SYS-02; offline navigation uses cached authorized content.,Retry safe reads freely; mutation retries reuse same key after status fetch; never retry uncertain external publication. Cancel form keeps acknowledged revision; cancel job only via server checkpoint.,/review,Visible label;44px/pt target; keyboard equivalent; focus2px forest offset2px; describedby error; restore focus on close; VoiceOver selected/position; status polite.,None: local UI/navigation; destination resource read only,No mutation on this gesture,No payload,REVIEW-01-AT03,Destructive/paid/publication action uses catalog; input/navigation none
REVIEW-02-I01,REVIEW-02,preview,local,Click/Enter/Space or native tap; drag has Move before/after alternative,Read permission for requested entity; public routes exempt,Open selected output: Carousel CAR-01/PRE-01 or Reel REEL-01/PRE-02; wizard Edit CREATE-02; publication PUB-02. Read current revision first; unavailable entity SYS-02.,Selected/focused state; retain content and exact values; no optimistic Saved or Approved,Busy only this entity/action. Reads keep cache; mutations retain form. aria-busy and polite status. Prevent repeated submit with same intent key.,Open selected output: Carousel CAR-01/PRE-01 or Reel REEL-01/PRE-02; wizard Edit CREATE-02; publication PUB-02. Read current revision first; unavailable entity SYS-02.,Read failure retains last loaded content labeled stale with Retry; denied/missing target opens SYS-02; offline navigation uses cached authorized content.,Retry safe reads freely; mutation retries reuse same key after status fetch; never retry uncertain external publication. Cancel form keeps acknowledged revision; cancel job only via server checkpoint.,/review/:contentId/:format,Visible label;44px/pt target; keyboard equivalent; focus2px forest offset2px; describedby error; restore focus on close; VoiceOver selected/position; status polite.,None: local UI/navigation; destination resource read only,No mutation on this gesture,No payload,REVIEW-02-AT01,Destructive/paid/publication action uses catalog; input/navigation none
REVIEW-02-I02,REVIEW-02,sources,navigation,Click/Enter/Space or native tap; drag has Move before/after alternative,Read permission for requested entity; public routes exempt,"Open SOURCE-01 for selected authorized entity; preserve originating route, tab stack and scroll.",Selected/focused state; retain content and exact values; no optimistic Saved or Approved,Busy only this entity/action. Reads keep cache; mutations retain form. aria-busy and polite status. Prevent repeated submit with same intent key.,"Open SOURCE-01 for selected authorized entity; preserve originating route, tab stack and scroll.",Read failure retains last loaded content labeled stale with Retry; denied/missing target opens SYS-02; offline navigation uses cached authorized content.,Retry safe reads freely; mutation retries reuse same key after status fetch; never retry uncertain external publication. Cancel form keeps acknowledged revision; cancel job only via server checkpoint.,SOURCE-01,Visible label;44px/pt target; keyboard equivalent; focus2px forest offset2px; describedby error; restore focus on close; VoiceOver selected/position; status polite.,None: local UI/navigation; destination resource read only,No mutation on this gesture,No payload,REVIEW-02-AT02,Destructive/paid/publication action uses catalog; input/navigation none
REVIEW-02-I03,REVIEW-02,caption,navigation,Click/Enter/Space or native tap; drag has Move before/after alternative,Read permission for requested entity; public routes exempt,"Open CAP-01 for selected authorized entity; preserve originating route, tab stack and scroll.",Selected/focused state; retain content and exact values; no optimistic Saved or Approved,Busy only this entity/action. Reads keep cache; mutations retain form. aria-busy and polite status. Prevent repeated submit with same intent key.,"Open CAP-01 for selected authorized entity; preserve originating route, tab stack and scroll.",Read failure retains last loaded content labeled stale with Retry; denied/missing target opens SYS-02; offline navigation uses cached authorized content.,Retry safe reads freely; mutation retries reuse same key after status fetch; never retry uncertain external publication. Cancel form keeps acknowledged revision; cancel job only via server checkpoint.,CAP-01,Visible label;44px/pt target; keyboard equivalent; focus2px forest offset2px; describedby error; restore focus on close; VoiceOver selected/position; status polite.,None: local UI/navigation; destination resource read only,No mutation on this gesture,No payload,REVIEW-02-AT03,Destructive/paid/publication action uses catalog; input/navigation none
REVIEW-02-I04,REVIEW-02,checklist,local,Click/Enter/Space or native tap; drag has Move before/after alternative,Read permission for requested entity; public routes exempt,Set local reviewer checks scoped to exact revision/hash. View every slide or full Reel before assets checkbox unlocks; edits reset affected checks.,Selected/focused state; retain content and exact values; no optimistic Saved or Approved,Busy only this entity/action. Reads keep cache; mutations retain form. aria-busy and polite status. Prevent repeated submit with same intent key.,Set local reviewer checks scoped to exact revision/hash. View every slide or full Reel before assets checkbox unlocks; edits reset affected checks.,Read failure retains last loaded content labeled stale with Retry; denied/missing target opens SYS-02; offline navigation uses cached authorized content.,Retry safe reads freely; mutation retries reuse same key after status fetch; never retry uncertain external publication. Cancel form keeps acknowledged revision; cancel job only via server checkpoint.,/review/:contentId/:format,Visible label;44px/pt target; keyboard equivalent; focus2px forest offset2px; describedby error; restore focus on close; VoiceOver selected/position; status polite.,None: local UI/navigation; destination resource read only,No mutation on this gesture,No payload,REVIEW-02-AT04,Destructive/paid/publication action uses catalog; input/navigation none
REVIEW-02-I05,REVIEW-02,approve,mutation,Click/Enter/Space or native tap; drag has Move before/after alternative,Reviewer/Owner; all assets viewed; sources/caption/currentness checked,Approval freezes current output; publication becomes eligible,Selected/focused state; retain content and exact values; no optimistic Saved or Approved,Busy only this entity/action. Reads keep cache; mutations retain form. aria-busy and polite status. Prevent repeated submit with same intent key.,Approval freezes current output; publication becomes eligible,422: attach field errors and retain input;403: read-only permission banner;401: SYS-01 with safe return;409: show current state and retain draft; network: retain buffer and fetch authoritative state before retry.,Retry safe reads freely; mutation retries reuse same key after status fetch; never retry uncertain external publication. Cancel form keeps acknowledged revision; cancel job only via server checkpoint.,Remain on /review/:contentId/:format with acknowledged revision/state; no implicit publication or navigation,Visible label;44px/pt target; keyboard equivalent; focus2px forest offset2px; describedby error; restore focus on close; VoiceOver selected/position; status polite.,POST /v1/outputs/{outputId}/approve,Proposed exact contract; not present in audited repository,"{expectedRevision,checklist,reviewedAssetIds,assetHashes,evidenceHashes}",REVIEW-02-AT05,Destructive/paid/publication action uses catalog; input/navigation none
REVIEW-02-I06,REVIEW-02,request-changes,navigation,Click/Enter/Space or native tap; drag has Move before/after alternative,Read permission for requested entity; public routes exempt,"Open REVIEW-03 for selected authorized entity; preserve originating route, tab stack and scroll.",Selected/focused state; retain content and exact values; no optimistic Saved or Approved,Busy only this entity/action. Reads keep cache; mutations retain form. aria-busy and polite status. Prevent repeated submit with same intent key.,"Open REVIEW-03 for selected authorized entity; preserve originating route, tab stack and scroll.",Read failure retains last loaded content labeled stale with Retry; denied/missing target opens SYS-02; offline navigation uses cached authorized content.,Retry safe reads freely; mutation retries reuse same key after status fetch; never retry uncertain external publication. Cancel form keeps acknowledged revision; cancel job only via server checkpoint.,REVIEW-03,Visible label;44px/pt target; keyboard equivalent; focus2px forest offset2px; describedby error; restore focus on close; VoiceOver selected/position; status polite.,None: local UI/navigation; destination resource read only,No mutation on this gesture,No payload,REVIEW-02-AT06,Destructive/paid/publication action uses catalog; input/navigation none
REVIEW-02-I07,REVIEW-02,edit,local,Click/Enter/Space or native tap; drag has Move before/after alternative,Read permission for requested entity; public routes exempt,Open selected output: Carousel CAR-01/PRE-01 or Reel REEL-01/PRE-02; wizard Edit CREATE-02; publication PUB-02. Read current revision first; unavailable entity SYS-02.,Selected/focused state; retain content and exact values; no optimistic Saved or Approved,Busy only this entity/action. Reads keep cache; mutations retain form. aria-busy and polite status. Prevent repeated submit with same intent key.,Open selected output: Carousel CAR-01/PRE-01 or Reel REEL-01/PRE-02; wizard Edit CREATE-02; publication PUB-02. Read current revision first; unavailable entity SYS-02.,Read failure retains last loaded content labeled stale with Retry; denied/missing target opens SYS-02; offline navigation uses cached authorized content.,Retry safe reads freely; mutation retries reuse same key after status fetch; never retry uncertain external publication. Cancel form keeps acknowledged revision; cancel job only via server checkpoint.,/review/:contentId/:format,Visible label;44px/pt target; keyboard equivalent; focus2px forest offset2px; describedby error; restore focus on close; VoiceOver selected/position; status polite.,None: local UI/navigation; destination resource read only,No mutation on this gesture,No payload,REVIEW-02-AT07,Destructive/paid/publication action uses catalog; input/navigation none
REVIEW-02-I08,REVIEW-02,back,local,Click/Enter/Space or native tap; drag has Move before/after alternative,Read permission for requested entity; public routes exempt,Return invoking route/stack and scroll; dirty unacknowledged edits open Save/Discard/Stay decision; durable jobs continue.,Selected/focused state; retain content and exact values; no optimistic Saved or Approved,Busy only this entity/action. Reads keep cache; mutations retain form. aria-busy and polite status. Prevent repeated submit with same intent key.,Return invoking route/stack and scroll; dirty unacknowledged edits open Save/Discard/Stay decision; durable jobs continue.,Read failure retains last loaded content labeled stale with Retry; denied/missing target opens SYS-02; offline navigation uses cached authorized content.,Retry safe reads freely; mutation retries reuse same key after status fetch; never retry uncertain external publication. Cancel form keeps acknowledged revision; cancel job only via server checkpoint.,/review/:contentId/:format,Visible label;44px/pt target; keyboard equivalent; focus2px forest offset2px; describedby error; restore focus on close; VoiceOver selected/position; status polite.,None: local UI/navigation; destination resource read only,No mutation on this gesture,No payload,REVIEW-02-AT08,Destructive/paid/publication action uses catalog; input/navigation none
REVIEW-03-I01,REVIEW-03,revision-target,field,Input/change; editor autosave800ms or explicit Save,"Editable form, or public authentication field",Update local form buffer; one or more output units or Caption/Sources/Overall. Commit only on form Save or editor autosave.,Field value retained; public/form inputs do not autosave until submit. Editor fields follow ordered CAS save.,Busy only this entity/action. Reads keep cache; mutations retain form. aria-busy and polite status. Prevent repeated submit with same intent key.,Update local form buffer; one or more output units or Caption/Sources/Overall. Commit only on form Save or editor autosave.,422: attach field errors and retain input;403: read-only permission banner;401: SYS-01 with safe return;409: show current state and retain draft; network: retain buffer and fetch authoritative state before retry.,Retry safe reads freely; mutation retries reuse same key after status fetch; never retry uncertain external publication. Cancel form keeps acknowledged revision; cancel job only via server checkpoint.,/review/:contentId/:format/changes,Visible label;44px/pt target; keyboard equivalent; focus2px forest offset2px; describedby error; restore focus on close; VoiceOver selected/position; status polite.,None on input; owning form Save contract,No mutation on this gesture,one or more output units or Caption/Sources/Overall,REVIEW-03-AT01,Destructive/paid/publication action uses catalog; input/navigation none
REVIEW-03-I02,REVIEW-03,revision-note,field,Input/change; editor autosave800ms or explicit Save,"Editable form, or public authentication field",Update local form buffer; 10–2000characters. Commit only on form Save or editor autosave.,Field value retained; public/form inputs do not autosave until submit. Editor fields follow ordered CAS save.,Busy only this entity/action. Reads keep cache; mutations retain form. aria-busy and polite status. Prevent repeated submit with same intent key.,Update local form buffer; 10–2000characters. Commit only on form Save or editor autosave.,422: attach field errors and retain input;403: read-only permission banner;401: SYS-01 with safe return;409: show current state and retain draft; network: retain buffer and fetch authoritative state before retry.,Retry safe reads freely; mutation retries reuse same key after status fetch; never retry uncertain external publication. Cancel form keeps acknowledged revision; cancel job only via server checkpoint.,/review/:contentId/:format/changes,Visible label;44px/pt target; keyboard equivalent; focus2px forest offset2px; describedby error; restore focus on close; VoiceOver selected/position; status polite.,None on input; owning form Save contract,No mutation on this gesture,10–2000characters,REVIEW-03-AT02,Destructive/paid/publication action uses catalog; input/navigation none
REVIEW-03-I03,REVIEW-03,submit-changes,mutation,Click/Enter/Space or native tap; drag has Move before/after alternative,Reviewer/Owner; target selected; note10–2000,Output changes_requested; editor receives inbox event; no auto generation,Selected/focused state; retain content and exact values; no optimistic Saved or Approved,Busy only this entity/action. Reads keep cache; mutations retain form. aria-busy and polite status. Prevent repeated submit with same intent key.,Output changes_requested; editor receives inbox event; no auto generation,422: attach field errors and retain input;403: read-only permission banner;401: SYS-01 with safe return;409: show current state and retain draft; network: retain buffer and fetch authoritative state before retry.,Retry safe reads freely; mutation retries reuse same key after status fetch; never retry uncertain external publication. Cancel form keeps acknowledged revision; cancel job only via server checkpoint.,REVIEW-01 after acknowledged feedback,Visible label;44px/pt target; keyboard equivalent; focus2px forest offset2px; describedby error; restore focus on close; VoiceOver selected/position; status polite.,POST /v1/outputs/{outputId}/changes,Proposed exact contract; not present in audited repository,"{expectedRevision,targets,note}",REVIEW-03-AT03,Destructive/paid/publication action uses catalog; input/navigation none
REVIEW-03-I04,REVIEW-03,cancel,local,Click/Enter/Space or native tap; drag has Move before/after alternative,Read permission for requested entity; public routes exempt,Dismiss uncommitted form/sheet and restore invoker focus; does not cancel active durable job.,Selected/focused state; retain content and exact values; no optimistic Saved or Approved,Busy only this entity/action. Reads keep cache; mutations retain form. aria-busy and polite status. Prevent repeated submit with same intent key.,Dismiss uncommitted form/sheet and restore invoker focus; does not cancel active durable job.,Read failure retains last loaded content labeled stale with Retry; denied/missing target opens SYS-02; offline navigation uses cached authorized content.,Retry safe reads freely; mutation retries reuse same key after status fetch; never retry uncertain external publication. Cancel form keeps acknowledged revision; cancel job only via server checkpoint.,/review/:contentId/:format/changes,Visible label;44px/pt target; keyboard equivalent; focus2px forest offset2px; describedby error; restore focus on close; VoiceOver selected/position; status polite.,None: local UI/navigation; destination resource read only,No mutation on this gesture,No payload,REVIEW-03-AT04,Destructive/paid/publication action uses catalog; input/navigation none
PUB-01-I01,PUB-01,account-select,field,Input/change; editor autosave800ms or explicit Save,"Editable form, or public authentication field","Update local form buffer; eligible connected accountID only; show handle and capability, never auto-switch on failure. Commit only on form Save or editor autosave.",Field value retained; public/form inputs do not autosave until submit. Editor fields follow ordered CAS save.,Busy only this entity/action. Reads keep cache; mutations retain form. aria-busy and polite status. Prevent repeated submit with same intent key.,"Update local form buffer; eligible connected accountID only; show handle and capability, never auto-switch on failure. Commit only on form Save or editor autosave.",422: attach field errors and retain input;403: read-only permission banner;401: SYS-01 with safe return;409: show current state and retain draft; network: retain buffer and fetch authoritative state before retry.,Retry safe reads freely; mutation retries reuse same key after status fetch; never retry uncertain external publication. Cancel form keeps acknowledged revision; cancel job only via server checkpoint.,/content/:contentId/publish/:format,Visible label;44px/pt target; keyboard equivalent; focus2px forest offset2px; describedby error; restore focus on close; VoiceOver selected/position; status polite.,None on input; owning form Save contract,No mutation on this gesture,"eligible connected accountID only; show handle and capability, never auto-switch on failure",PUB-01-AT01,Destructive/paid/publication action uses catalog; input/navigation none
PUB-01-I02,PUB-01,publish-mode,field,Input/change; editor autosave800ms or explicit Save,"Editable form, or public authentication field",Update local form buffer; Publish now / Schedule; explicit radio; mode change never submits. Commit only on form Save or editor autosave.,Field value retained; public/form inputs do not autosave until submit. Editor fields follow ordered CAS save.,Busy only this entity/action. Reads keep cache; mutations retain form. aria-busy and polite status. Prevent repeated submit with same intent key.,Update local form buffer; Publish now / Schedule; explicit radio; mode change never submits. Commit only on form Save or editor autosave.,422: attach field errors and retain input;403: read-only permission banner;401: SYS-01 with safe return;409: show current state and retain draft; network: retain buffer and fetch authoritative state before retry.,Retry safe reads freely; mutation retries reuse same key after status fetch; never retry uncertain external publication. Cancel form keeps acknowledged revision; cancel job only via server checkpoint.,/content/:contentId/publish/:format,Visible label;44px/pt target; keyboard equivalent; focus2px forest offset2px; describedby error; restore focus on close; VoiceOver selected/position; status polite.,None on input; owning form Save contract,No mutation on this gesture,Publish now / Schedule; explicit radio; mode change never submits,PUB-01-AT02,Destructive/paid/publication action uses catalog; input/navigation none
PUB-01-I03,PUB-01,schedule-date,field,Input/change; editor autosave800ms or explicit Save,"Editable form, or public authentication field",Update local form buffer; future local>=5min after serverNow; reject DST gaps; choose offset at overlap. Commit only on form Save or editor autosave.,Field value retained; public/form inputs do not autosave until submit. Editor fields follow ordered CAS save.,Busy only this entity/action. Reads keep cache; mutations retain form. aria-busy and polite status. Prevent repeated submit with same intent key.,Update local form buffer; future local>=5min after serverNow; reject DST gaps; choose offset at overlap. Commit only on form Save or editor autosave.,422: attach field errors and retain input;403: read-only permission banner;401: SYS-01 with safe return;409: show current state and retain draft; network: retain buffer and fetch authoritative state before retry.,Retry safe reads freely; mutation retries reuse same key after status fetch; never retry uncertain external publication. Cancel form keeps acknowledged revision; cancel job only via server checkpoint.,/content/:contentId/publish/:format,Visible label;44px/pt target; keyboard equivalent; focus2px forest offset2px; describedby error; restore focus on close; VoiceOver selected/position; status polite.,None on input; owning form Save contract,No mutation on this gesture,future local>=5min after serverNow; reject DST gaps; choose offset at overlap,PUB-01-AT03,Destructive/paid/publication action uses catalog; input/navigation none
PUB-01-I04,PUB-01,timezone,field,Input/change; editor autosave800ms or explicit Save,"Editable form, or public authentication field",Update local form buffer; searchable IANA zone; do not reinterpret existing reservations. Commit only on form Save or editor autosave.,Field value retained; public/form inputs do not autosave until submit. Editor fields follow ordered CAS save.,Busy only this entity/action. Reads keep cache; mutations retain form. aria-busy and polite status. Prevent repeated submit with same intent key.,Update local form buffer; searchable IANA zone; do not reinterpret existing reservations. Commit only on form Save or editor autosave.,422: attach field errors and retain input;403: read-only permission banner;401: SYS-01 with safe return;409: show current state and retain draft; network: retain buffer and fetch authoritative state before retry.,Retry safe reads freely; mutation retries reuse same key after status fetch; never retry uncertain external publication. Cancel form keeps acknowledged revision; cancel job only via server checkpoint.,/content/:contentId/publish/:format,Visible label;44px/pt target; keyboard equivalent; focus2px forest offset2px; describedby error; restore focus on close; VoiceOver selected/position; status polite.,None on input; owning form Save contract,No mutation on this gesture,searchable IANA zone; do not reinterpret existing reservations,PUB-01-AT04,Destructive/paid/publication action uses catalog; input/navigation none
PUB-01-I05,PUB-01,preflight,mutation,Click/Enter/Space or native tap; drag has Move before/after alternative,Authenticated workspace and permitted role,"Display eligibility, conversion, capability changes; no publication authorization",Selected/focused state; retain content and exact values; no optimistic Saved or Approved,Busy only this entity/action. Reads keep cache; mutations retain form. aria-busy and polite status. Prevent repeated submit with same intent key.,"Display eligibility, conversion, capability changes; no publication authorization",422: attach field errors and retain input;403: read-only permission banner;401: SYS-01 with safe return;409: show current state and retain draft; network: retain buffer and fetch authoritative state before retry.,Retry safe reads freely; mutation retries reuse same key after status fetch; never retry uncertain external publication. Cancel form keeps acknowledged revision; cancel job only via server checkpoint.,Remain on /content/:contentId/publish/:format with acknowledged revision/state; no implicit publication or navigation,Visible label;44px/pt target; keyboard equivalent; focus2px forest offset2px; describedby error; restore focus on close; VoiceOver selected/position; status polite.,POST /v1/publications/preflight,Proposed exact contract; not present in audited repository,"{outputId,approvalId,accountId,mode,scheduledLocal,timeZone,offsetChoice}",PUB-01-AT05,Destructive/paid/publication action uses catalog; input/navigation none
PUB-01-I06,PUB-01,confirm-publish,mutation,Click/Enter/Space or native tap; drag has Move before/after alternative,Publish permission; current approval; successful preflight; explicit named account/time confirm,Create authorized immutable reservation; open PUB-02,Selected/focused state; retain content and exact values; no optimistic Saved or Approved,Busy only this entity/action. Reads keep cache; mutations retain form. aria-busy and polite status. Prevent repeated submit with same intent key.,Create authorized immutable reservation; open PUB-02,422: attach field errors and retain input;403: read-only permission banner;401: SYS-01 with safe return;409: show current state and retain draft; network: retain buffer and fetch authoritative state before retry.,Retry safe reads freely; mutation retries reuse same key after status fetch; never retry uncertain external publication. Cancel form keeps acknowledged revision; cancel job only via server checkpoint.,PUB-02 with returned publicationId,Visible label;44px/pt target; keyboard equivalent; focus2px forest offset2px; describedby error; restore focus on close; VoiceOver selected/position; status polite.,POST /v1/publications,Proposed exact contract; not present in audited repository,"{outputId,approvalId,accountId,mode,scheduledLocal?,timeZone?,offsetChoice?,confirmationId}",PUB-01-AT06,Destructive/paid/publication action uses catalog; input/navigation none
PUB-01-I07,PUB-01,confirm-schedule,mutation,Click/Enter/Space or native tap; drag has Move before/after alternative,Publish permission; current approval; successful preflight; explicit named account/time confirm,Create authorized immutable reservation; open PUB-02,Selected/focused state; retain content and exact values; no optimistic Saved or Approved,Busy only this entity/action. Reads keep cache; mutations retain form. aria-busy and polite status. Prevent repeated submit with same intent key.,Create authorized immutable reservation; open PUB-02,422: attach field errors and retain input;403: read-only permission banner;401: SYS-01 with safe return;409: show current state and retain draft; network: retain buffer and fetch authoritative state before retry.,Retry safe reads freely; mutation retries reuse same key after status fetch; never retry uncertain external publication. Cancel form keeps acknowledged revision; cancel job only via server checkpoint.,PUB-02 with returned publicationId,Visible label;44px/pt target; keyboard equivalent; focus2px forest offset2px; describedby error; restore focus on close; VoiceOver selected/position; status polite.,POST /v1/publications,Proposed exact contract; not present in audited repository,"{outputId,approvalId,accountId,mode,scheduledLocal?,timeZone?,offsetChoice?,confirmationId}",PUB-01-AT07,Destructive/paid/publication action uses catalog; input/navigation none
PUB-01-I08,PUB-01,cancel,local,Click/Enter/Space or native tap; drag has Move before/after alternative,Read permission for requested entity; public routes exempt,Dismiss uncommitted form/sheet and restore invoker focus; does not cancel active durable job.,Selected/focused state; retain content and exact values; no optimistic Saved or Approved,Busy only this entity/action. Reads keep cache; mutations retain form. aria-busy and polite status. Prevent repeated submit with same intent key.,Dismiss uncommitted form/sheet and restore invoker focus; does not cancel active durable job.,Read failure retains last loaded content labeled stale with Retry; denied/missing target opens SYS-02; offline navigation uses cached authorized content.,Retry safe reads freely; mutation retries reuse same key after status fetch; never retry uncertain external publication. Cancel form keeps acknowledged revision; cancel job only via server checkpoint.,/content/:contentId/publish/:format,Visible label;44px/pt target; keyboard equivalent; focus2px forest offset2px; describedby error; restore focus on close; VoiceOver selected/position; status polite.,None: local UI/navigation; destination resource read only,No mutation on this gesture,No payload,PUB-01-AT08,Destructive/paid/publication action uses catalog; input/navigation none
PUB-02-I01,PUB-02,view-account,navigation,Click/Enter/Space or native tap; drag has Move before/after alternative,Read permission for requested entity; public routes exempt,"Open SET-07 for selected authorized entity; preserve originating route, tab stack and scroll.",Selected/focused state; retain content and exact values; no optimistic Saved or Approved,Busy only this entity/action. Reads keep cache; mutations retain form. aria-busy and polite status. Prevent repeated submit with same intent key.,"Open SET-07 for selected authorized entity; preserve originating route, tab stack and scroll.",Read failure retains last loaded content labeled stale with Retry; denied/missing target opens SYS-02; offline navigation uses cached authorized content.,Retry safe reads freely; mutation retries reuse same key after status fetch; never retry uncertain external publication. Cancel form keeps acknowledged revision; cancel job only via server checkpoint.,SET-07,Visible label;44px/pt target; keyboard equivalent; focus2px forest offset2px; describedby error; restore focus on close; VoiceOver selected/position; status polite.,None: local UI/navigation; destination resource read only,No mutation on this gesture,No payload,PUB-02-AT01,Destructive/paid/publication action uses catalog; input/navigation none
PUB-02-I02,PUB-02,view-content,navigation,Click/Enter/Space or native tap; drag has Move before/after alternative,Read permission for requested entity; public routes exempt,"Open LIB-02 for selected authorized entity; preserve originating route, tab stack and scroll.",Selected/focused state; retain content and exact values; no optimistic Saved or Approved,Busy only this entity/action. Reads keep cache; mutations retain form. aria-busy and polite status. Prevent repeated submit with same intent key.,"Open LIB-02 for selected authorized entity; preserve originating route, tab stack and scroll.",Read failure retains last loaded content labeled stale with Retry; denied/missing target opens SYS-02; offline navigation uses cached authorized content.,Retry safe reads freely; mutation retries reuse same key after status fetch; never retry uncertain external publication. Cancel form keeps acknowledged revision; cancel job only via server checkpoint.,LIB-02,Visible label;44px/pt target; keyboard equivalent; focus2px forest offset2px; describedby error; restore focus on close; VoiceOver selected/position; status polite.,None: local UI/navigation; destination resource read only,No mutation on this gesture,No payload,PUB-02-AT02,Destructive/paid/publication action uses catalog; input/navigation none
PUB-02-I03,PUB-02,view-job,navigation,Click/Enter/Space or native tap; drag has Move before/after alternative,Read permission for requested entity; public routes exempt,"Open ACT-02 for selected authorized entity; preserve originating route, tab stack and scroll.",Selected/focused state; retain content and exact values; no optimistic Saved or Approved,Busy only this entity/action. Reads keep cache; mutations retain form. aria-busy and polite status. Prevent repeated submit with same intent key.,"Open ACT-02 for selected authorized entity; preserve originating route, tab stack and scroll.",Read failure retains last loaded content labeled stale with Retry; denied/missing target opens SYS-02; offline navigation uses cached authorized content.,Retry safe reads freely; mutation retries reuse same key after status fetch; never retry uncertain external publication. Cancel form keeps acknowledged revision; cancel job only via server checkpoint.,ACT-02,Visible label;44px/pt target; keyboard equivalent; focus2px forest offset2px; describedby error; restore focus on close; VoiceOver selected/position; status polite.,None: local UI/navigation; destination resource read only,No mutation on this gesture,No payload,PUB-02-AT03,Destructive/paid/publication action uses catalog; input/navigation none
PUB-02-I04,PUB-02,reconcile,navigation,Click/Enter/Space or native tap; drag has Move before/after alternative,Read permission for requested entity; public routes exempt,"Open PUB-03 for selected authorized entity; preserve originating route, tab stack and scroll.",Selected/focused state; retain content and exact values; no optimistic Saved or Approved,Busy only this entity/action. Reads keep cache; mutations retain form. aria-busy and polite status. Prevent repeated submit with same intent key.,"Open PUB-03 for selected authorized entity; preserve originating route, tab stack and scroll.",Read failure retains last loaded content labeled stale with Retry; denied/missing target opens SYS-02; offline navigation uses cached authorized content.,Retry safe reads freely; mutation retries reuse same key after status fetch; never retry uncertain external publication. Cancel form keeps acknowledged revision; cancel job only via server checkpoint.,PUB-03,Visible label;44px/pt target; keyboard equivalent; focus2px forest offset2px; describedby error; restore focus on close; VoiceOver selected/position; status polite.,None: local UI/navigation; destination resource read only,No mutation on this gesture,No payload,PUB-02-AT04,Destructive/paid/publication action uses catalog; input/navigation none
PUB-02-I05,PUB-02,back,local,Click/Enter/Space or native tap; drag has Move before/after alternative,Read permission for requested entity; public routes exempt,Return invoking route/stack and scroll; dirty unacknowledged edits open Save/Discard/Stay decision; durable jobs continue.,Selected/focused state; retain content and exact values; no optimistic Saved or Approved,Busy only this entity/action. Reads keep cache; mutations retain form. aria-busy and polite status. Prevent repeated submit with same intent key.,Return invoking route/stack and scroll; dirty unacknowledged edits open Save/Discard/Stay decision; durable jobs continue.,Read failure retains last loaded content labeled stale with Retry; denied/missing target opens SYS-02; offline navigation uses cached authorized content.,Retry safe reads freely; mutation retries reuse same key after status fetch; never retry uncertain external publication. Cancel form keeps acknowledged revision; cancel job only via server checkpoint.,/publications/:publicationId,Visible label;44px/pt target; keyboard equivalent; focus2px forest offset2px; describedby error; restore focus on close; VoiceOver selected/position; status polite.,None: local UI/navigation; destination resource read only,No mutation on this gesture,No payload,PUB-02-AT05,Destructive/paid/publication action uses catalog; input/navigation none
PUB-03-I01,PUB-03,outcome,field,Input/change; editor autosave800ms or explicit Save,"Editable form, or public authentication field",Update local form buffer; Published / Not published / Still unknown; no preselection. Commit only on form Save or editor autosave.,Field value retained; public/form inputs do not autosave until submit. Editor fields follow ordered CAS save.,Busy only this entity/action. Reads keep cache; mutations retain form. aria-busy and polite status. Prevent repeated submit with same intent key.,Update local form buffer; Published / Not published / Still unknown; no preselection. Commit only on form Save or editor autosave.,422: attach field errors and retain input;403: read-only permission banner;401: SYS-01 with safe return;409: show current state and retain draft; network: retain buffer and fetch authoritative state before retry.,Retry safe reads freely; mutation retries reuse same key after status fetch; never retry uncertain external publication. Cancel form keeps acknowledged revision; cancel job only via server checkpoint.,/publications/:publicationId/reconcile,Visible label;44px/pt target; keyboard equivalent; focus2px forest offset2px; describedby error; restore focus on close; VoiceOver selected/position; status polite.,None on input; owning form Save contract,No mutation on this gesture,Published / Not published / Still unknown; no preselection,PUB-03-AT01,Destructive/paid/publication action uses catalog; input/navigation none
PUB-03-I02,PUB-03,external-id,field,Input/change; editor autosave800ms or explicit Save,"Editable form, or public authentication field",Update local form buffer; required for Published; max200characters. Commit only on form Save or editor autosave.,Field value retained; public/form inputs do not autosave until submit. Editor fields follow ordered CAS save.,Busy only this entity/action. Reads keep cache; mutations retain form. aria-busy and polite status. Prevent repeated submit with same intent key.,Update local form buffer; required for Published; max200characters. Commit only on form Save or editor autosave.,422: attach field errors and retain input;403: read-only permission banner;401: SYS-01 with safe return;409: show current state and retain draft; network: retain buffer and fetch authoritative state before retry.,Retry safe reads freely; mutation retries reuse same key after status fetch; never retry uncertain external publication. Cancel form keeps acknowledged revision; cancel job only via server checkpoint.,/publications/:publicationId/reconcile,Visible label;44px/pt target; keyboard equivalent; focus2px forest offset2px; describedby error; restore focus on close; VoiceOver selected/position; status polite.,None on input; owning form Save contract,No mutation on this gesture,required for Published; max200characters,PUB-03-AT02,Destructive/paid/publication action uses catalog; input/navigation none
PUB-03-I03,PUB-03,reconcile-note,field,Input/change; editor autosave800ms or explicit Save,"Editable form, or public authentication field",Update local form buffer; 10–1000characters. Commit only on form Save or editor autosave.,Field value retained; public/form inputs do not autosave until submit. Editor fields follow ordered CAS save.,Busy only this entity/action. Reads keep cache; mutations retain form. aria-busy and polite status. Prevent repeated submit with same intent key.,Update local form buffer; 10–1000characters. Commit only on form Save or editor autosave.,422: attach field errors and retain input;403: read-only permission banner;401: SYS-01 with safe return;409: show current state and retain draft; network: retain buffer and fetch authoritative state before retry.,Retry safe reads freely; mutation retries reuse same key after status fetch; never retry uncertain external publication. Cancel form keeps acknowledged revision; cancel job only via server checkpoint.,/publications/:publicationId/reconcile,Visible label;44px/pt target; keyboard equivalent; focus2px forest offset2px; describedby error; restore focus on close; VoiceOver selected/position; status polite.,None on input; owning form Save contract,No mutation on this gesture,10–1000characters,PUB-03-AT03,Destructive/paid/publication action uses catalog; input/navigation none
PUB-03-I04,PUB-03,save-outcome,mutation,Click/Enter/Space or native tap; drag has Move before/after alternative,Owner/publish permission; confirmed external evidence; note10–1000,published attaches externalID; not_published releases to draft and reapproval; unknown stays locked,Selected/focused state; retain content and exact values; no optimistic Saved or Approved,Busy only this entity/action. Reads keep cache; mutations retain form. aria-busy and polite status. Prevent repeated submit with same intent key.,published attaches externalID; not_published releases to draft and reapproval; unknown stays locked,422: attach field errors and retain input;403: read-only permission banner;401: SYS-01 with safe return;409: show current state and retain draft; network: retain buffer and fetch authoritative state before retry.,Retry safe reads freely; mutation retries reuse same key after status fetch; never retry uncertain external publication. Cancel form keeps acknowledged revision; cancel job only via server checkpoint.,PUB-02 with authoritative reconciled outcome,Visible label;44px/pt target; keyboard equivalent; focus2px forest offset2px; describedby error; restore focus on close; VoiceOver selected/position; status polite.,POST /v1/publications/{publicationId}/reconcile,Proposed exact contract; not present in audited repository,"{expectedRevision,outcome,externalId?,note}",PUB-03-AT04,Destructive/paid/publication action uses catalog; input/navigation none
PUB-03-I05,PUB-03,cancel,local,Click/Enter/Space or native tap; drag has Move before/after alternative,Read permission for requested entity; public routes exempt,Dismiss uncommitted form/sheet and restore invoker focus; does not cancel active durable job.,Selected/focused state; retain content and exact values; no optimistic Saved or Approved,Busy only this entity/action. Reads keep cache; mutations retain form. aria-busy and polite status. Prevent repeated submit with same intent key.,Dismiss uncommitted form/sheet and restore invoker focus; does not cancel active durable job.,Read failure retains last loaded content labeled stale with Retry; denied/missing target opens SYS-02; offline navigation uses cached authorized content.,Retry safe reads freely; mutation retries reuse same key after status fetch; never retry uncertain external publication. Cancel form keeps acknowledged revision; cancel job only via server checkpoint.,/publications/:publicationId/reconcile,Visible label;44px/pt target; keyboard equivalent; focus2px forest offset2px; describedby error; restore focus on close; VoiceOver selected/position; status polite.,None: local UI/navigation; destination resource read only,No mutation on this gesture,No payload,PUB-03-AT05,Destructive/paid/publication action uses catalog; input/navigation none
CAL-01-I01,CAL-01,calendar-view,local,Click/Enter/Space or native tap; drag has Move before/after alternative,Read permission for requested entity; public routes exempt,Switch Month/Agenda; preserve selected local date and display timezone.,Selected/focused state; retain content and exact values; no optimistic Saved or Approved,Busy only this entity/action. Reads keep cache; mutations retain form. aria-busy and polite status. Prevent repeated submit with same intent key.,Switch Month/Agenda; preserve selected local date and display timezone.,Read failure retains last loaded content labeled stale with Retry; denied/missing target opens SYS-02; offline navigation uses cached authorized content.,Retry safe reads freely; mutation retries reuse same key after status fetch; never retry uncertain external publication. Cancel form keeps acknowledged revision; cancel job only via server checkpoint.,/calendar,Visible label;44px/pt target; keyboard equivalent; focus2px forest offset2px; describedby error; restore focus on close; VoiceOver selected/position; status polite.,None: local UI/navigation; destination resource read only,No mutation on this gesture,No payload,CAL-01-AT01,Destructive/paid/publication action uses catalog; input/navigation none
CAL-01-I02,CAL-01,calendar-date,local,Click/Enter/Space or native tap; drag has Move before/after alternative,Read permission for requested entity; public routes exempt,Select date; display reservations at that date in selected zone; swipe changes date only.,Selected/focused state; retain content and exact values; no optimistic Saved or Approved,Busy only this entity/action. Reads keep cache; mutations retain form. aria-busy and polite status. Prevent repeated submit with same intent key.,Select date; display reservations at that date in selected zone; swipe changes date only.,Read failure retains last loaded content labeled stale with Retry; denied/missing target opens SYS-02; offline navigation uses cached authorized content.,Retry safe reads freely; mutation retries reuse same key after status fetch; never retry uncertain external publication. Cancel form keeps acknowledged revision; cancel job only via server checkpoint.,/calendar,Visible label;44px/pt target; keyboard equivalent; focus2px forest offset2px; describedby error; restore focus on close; VoiceOver selected/position; status polite.,None: local UI/navigation; destination resource read only,No mutation on this gesture,No payload,CAL-01-AT02,Destructive/paid/publication action uses catalog; input/navigation none
CAL-01-I03,CAL-01,publication-open,local,Click/Enter/Space or native tap; drag has Move before/after alternative,Read permission for requested entity; public routes exempt,Open selected output: Carousel CAR-01/PRE-01 or Reel REEL-01/PRE-02; wizard Edit CREATE-02; publication PUB-02. Read current revision first; unavailable entity SYS-02.,Selected/focused state; retain content and exact values; no optimistic Saved or Approved,Busy only this entity/action. Reads keep cache; mutations retain form. aria-busy and polite status. Prevent repeated submit with same intent key.,Open selected output: Carousel CAR-01/PRE-01 or Reel REEL-01/PRE-02; wizard Edit CREATE-02; publication PUB-02. Read current revision first; unavailable entity SYS-02.,Read failure retains last loaded content labeled stale with Retry; denied/missing target opens SYS-02; offline navigation uses cached authorized content.,Retry safe reads freely; mutation retries reuse same key after status fetch; never retry uncertain external publication. Cancel form keeps acknowledged revision; cancel job only via server checkpoint.,/calendar,Visible label;44px/pt target; keyboard equivalent; focus2px forest offset2px; describedby error; restore focus on close; VoiceOver selected/position; status polite.,None: local UI/navigation; destination resource read only,No mutation on this gesture,No payload,CAL-01-AT03,Destructive/paid/publication action uses catalog; input/navigation none
CAL-01-I04,CAL-01,reschedule,mutation,Click/Enter/Space or native tap; drag has Move before/after alternative,"Scheduled, not claimed; valid future slot>=5min",New explicit authorization freezes revised time; atomic lock with scheduler,Selected/focused state; retain content and exact values; no optimistic Saved or Approved,Busy only this entity/action. Reads keep cache; mutations retain form. aria-busy and polite status. Prevent repeated submit with same intent key.,New explicit authorization freezes revised time; atomic lock with scheduler,422: attach field errors and retain input;403: read-only permission banner;401: SYS-01 with safe return;409: show current state and retain draft; network: retain buffer and fetch authoritative state before retry.,Retry safe reads freely; mutation retries reuse same key after status fetch; never retry uncertain external publication. Cancel form keeps acknowledged revision; cancel job only via server checkpoint.,CAL-01 selected new date after explicit authorization ACK,Visible label;44px/pt target; keyboard equivalent; focus2px forest offset2px; describedby error; restore focus on close; VoiceOver selected/position; status polite.,PATCH /v1/publications/{publicationId}/schedule,Proposed exact contract; not present in audited repository,"{expectedRevision,scheduledLocal,timeZone,offsetChoice,confirmationId}",CAL-01-AT04,Destructive/paid/publication action uses catalog; input/navigation none
CAL-01-I05,CAL-01,cancel-schedule,mutation,Click/Enter/Space or native tap; drag has Move before/after alternative,Scheduled and not final external attempt; atomic scheduler race check,"Cancelled reservation, retains approved snapshot",Selected/focused state; retain content and exact values; no optimistic Saved or Approved,Busy only this entity/action. Reads keep cache; mutations retain form. aria-busy and polite status. Prevent repeated submit with same intent key.,"Cancelled reservation, retains approved snapshot",422: attach field errors and retain input;403: read-only permission banner;401: SYS-01 with safe return;409: show current state and retain draft; network: retain buffer and fetch authoritative state before retry.,Retry safe reads freely; mutation retries reuse same key after status fetch; never retry uncertain external publication. Cancel form keeps acknowledged revision; cancel job only via server checkpoint.,CAL-01 or invoking publication detail with Cancelled only after atomic ACK,Visible label;44px/pt target; keyboard equivalent; focus2px forest offset2px; describedby error; restore focus on close; VoiceOver selected/position; status polite.,POST /v1/publications/{publicationId}/cancel,Proposed exact contract; not present in audited repository,"{expectedRevision,confirmed:true}",CAL-01-AT05,Destructive/paid/publication action uses catalog; input/navigation none
CAL-01-I06,CAL-01,timezone,field,Input/change; editor autosave800ms or explicit Save,"Editable form, or public authentication field",Update local form buffer; searchable IANA zone; do not reinterpret existing reservations. Commit only on form Save or editor autosave.,Field value retained; public/form inputs do not autosave until submit. Editor fields follow ordered CAS save.,Busy only this entity/action. Reads keep cache; mutations retain form. aria-busy and polite status. Prevent repeated submit with same intent key.,Update local form buffer; searchable IANA zone; do not reinterpret existing reservations. Commit only on form Save or editor autosave.,422: attach field errors and retain input;403: read-only permission banner;401: SYS-01 with safe return;409: show current state and retain draft; network: retain buffer and fetch authoritative state before retry.,Retry safe reads freely; mutation retries reuse same key after status fetch; never retry uncertain external publication. Cancel form keeps acknowledged revision; cancel job only via server checkpoint.,/calendar,Visible label;44px/pt target; keyboard equivalent; focus2px forest offset2px; describedby error; restore focus on close; VoiceOver selected/position; status polite.,None on input; owning form Save contract,No mutation on this gesture,searchable IANA zone; do not reinterpret existing reservations,CAL-01-AT06,Destructive/paid/publication action uses catalog; input/navigation none
LIB-01-I01,LIB-01,search-content,local,Click/Enter/Space or native tap; drag has Move before/after alternative,Read permission for requested entity; public routes exempt,Update URL query after300ms debounce; abort superseded request; reset cursor; existing rows visible with updating status; clear button resets query.,Selected/focused state; retain content and exact values; no optimistic Saved or Approved,Busy only this entity/action. Reads keep cache; mutations retain form. aria-busy and polite status. Prevent repeated submit with same intent key.,Update URL query after300ms debounce; abort superseded request; reset cursor; existing rows visible with updating status; clear button resets query.,Read failure retains last loaded content labeled stale with Retry; denied/missing target opens SYS-02; offline navigation uses cached authorized content.,Retry safe reads freely; mutation retries reuse same key after status fetch; never retry uncertain external publication. Cancel form keeps acknowledged revision; cancel job only via server checkpoint.,/content,Visible label;44px/pt target; keyboard equivalent; focus2px forest offset2px; describedby error; restore focus on close; VoiceOver selected/position; status polite.,None: local UI/navigation; destination resource read only,No mutation on this gesture,No payload,LIB-01-AT01,Destructive/paid/publication action uses catalog; input/navigation none
LIB-01-I02,LIB-01,library-filters,local,Click/Enter/Space or native tap; drag has Move before/after alternative,Read permission for requested entity; public routes exempt,Open labeled selection surface; Apply validates values and updates query/URL; reset cursor; Cancel preserves original; clear resets to all. Server reads use screen resource listed below.,Selected/focused state; retain content and exact values; no optimistic Saved or Approved,Busy only this entity/action. Reads keep cache; mutations retain form. aria-busy and polite status. Prevent repeated submit with same intent key.,Open labeled selection surface; Apply validates values and updates query/URL; reset cursor; Cancel preserves original; clear resets to all. Server reads use screen resource listed below.,Read failure retains last loaded content labeled stale with Retry; denied/missing target opens SYS-02; offline navigation uses cached authorized content.,Retry safe reads freely; mutation retries reuse same key after status fetch; never retry uncertain external publication. Cancel form keeps acknowledged revision; cancel job only via server checkpoint.,/content,Visible label;44px/pt target; keyboard equivalent; focus2px forest offset2px; describedby error; restore focus on close; VoiceOver selected/position; status polite.,None: local UI/navigation; destination resource read only,No mutation on this gesture,No payload,LIB-01-AT02,Destructive/paid/publication action uses catalog; input/navigation none
LIB-01-I03,LIB-01,sort,local,Click/Enter/Space or native tap; drag has Move before/after alternative,Read permission for requested entity; public routes exempt,Open labeled selection surface; Apply validates values and updates query/URL; reset cursor; Cancel preserves original; clear resets to all. Server reads use screen resource listed below.,Selected/focused state; retain content and exact values; no optimistic Saved or Approved,Busy only this entity/action. Reads keep cache; mutations retain form. aria-busy and polite status. Prevent repeated submit with same intent key.,Open labeled selection surface; Apply validates values and updates query/URL; reset cursor; Cancel preserves original; clear resets to all. Server reads use screen resource listed below.,Read failure retains last loaded content labeled stale with Retry; denied/missing target opens SYS-02; offline navigation uses cached authorized content.,Retry safe reads freely; mutation retries reuse same key after status fetch; never retry uncertain external publication. Cancel form keeps acknowledged revision; cancel job only via server checkpoint.,/content,Visible label;44px/pt target; keyboard equivalent; focus2px forest offset2px; describedby error; restore focus on close; VoiceOver selected/position; status polite.,None: local UI/navigation; destination resource read only,No mutation on this gesture,No payload,LIB-01-AT03,Destructive/paid/publication action uses catalog; input/navigation none
LIB-01-I04,LIB-01,view-toggle,local,Click/Enter/Space or native tap; drag has Move before/after alternative,Read permission for requested entity; public routes exempt,"Switch grid/list, device preference; preserve filters, cursor and selected entity.",Selected/focused state; retain content and exact values; no optimistic Saved or Approved,Busy only this entity/action. Reads keep cache; mutations retain form. aria-busy and polite status. Prevent repeated submit with same intent key.,"Switch grid/list, device preference; preserve filters, cursor and selected entity.",Read failure retains last loaded content labeled stale with Retry; denied/missing target opens SYS-02; offline navigation uses cached authorized content.,Retry safe reads freely; mutation retries reuse same key after status fetch; never retry uncertain external publication. Cancel form keeps acknowledged revision; cancel job only via server checkpoint.,/content,Visible label;44px/pt target; keyboard equivalent; focus2px forest offset2px; describedby error; restore focus on close; VoiceOver selected/position; status polite.,None: local UI/navigation; destination resource read only,No mutation on this gesture,No payload,LIB-01-AT04,Destructive/paid/publication action uses catalog; input/navigation none
LIB-01-I05,LIB-01,content-open,navigation,Click/Enter/Space or native tap; drag has Move before/after alternative,Read permission for requested entity; public routes exempt,"Open LIB-02 for selected authorized entity; preserve originating route, tab stack and scroll.",Selected/focused state; retain content and exact values; no optimistic Saved or Approved,Busy only this entity/action. Reads keep cache; mutations retain form. aria-busy and polite status. Prevent repeated submit with same intent key.,"Open LIB-02 for selected authorized entity; preserve originating route, tab stack and scroll.",Read failure retains last loaded content labeled stale with Retry; denied/missing target opens SYS-02; offline navigation uses cached authorized content.,Retry safe reads freely; mutation retries reuse same key after status fetch; never retry uncertain external publication. Cancel form keeps acknowledged revision; cancel job only via server checkpoint.,LIB-02,Visible label;44px/pt target; keyboard equivalent; focus2px forest offset2px; describedby error; restore focus on close; VoiceOver selected/position; status polite.,None: local UI/navigation; destination resource read only,No mutation on this gesture,No payload,LIB-01-AT05,Destructive/paid/publication action uses catalog; input/navigation none
LIB-01-I06,LIB-01,create,navigation,Click/Enter/Space or native tap; drag has Move before/after alternative,Read permission for requested entity; public routes exempt,"Open CREATE-01 for selected authorized entity; preserve originating route, tab stack and scroll.",Selected/focused state; retain content and exact values; no optimistic Saved or Approved,Busy only this entity/action. Reads keep cache; mutations retain form. aria-busy and polite status. Prevent repeated submit with same intent key.,"Open CREATE-01 for selected authorized entity; preserve originating route, tab stack and scroll.",Read failure retains last loaded content labeled stale with Retry; denied/missing target opens SYS-02; offline navigation uses cached authorized content.,Retry safe reads freely; mutation retries reuse same key after status fetch; never retry uncertain external publication. Cancel form keeps acknowledged revision; cancel job only via server checkpoint.,CREATE-01,Visible label;44px/pt target; keyboard equivalent; focus2px forest offset2px; describedby error; restore focus on close; VoiceOver selected/position; status polite.,None: local UI/navigation; destination resource read only,No mutation on this gesture,No payload,LIB-01-AT06,Destructive/paid/publication action uses catalog; input/navigation none
LIB-01-I07,LIB-01,content-menu,local,Click/Enter/Space or native tap; drag has Move before/after alternative,Read permission for requested entity; public routes exempt,Open contextual Duplicate/Archive/Export/Delete menu; destructive commands follow catalog confirmations; active publication locks destructive commands with reason.,Selected/focused state; retain content and exact values; no optimistic Saved or Approved,Busy only this entity/action. Reads keep cache; mutations retain form. aria-busy and polite status. Prevent repeated submit with same intent key.,Open contextual Duplicate/Archive/Export/Delete menu; destructive commands follow catalog confirmations; active publication locks destructive commands with reason.,Read failure retains last loaded content labeled stale with Retry; denied/missing target opens SYS-02; offline navigation uses cached authorized content.,Retry safe reads freely; mutation retries reuse same key after status fetch; never retry uncertain external publication. Cancel form keeps acknowledged revision; cancel job only via server checkpoint.,/content,Visible label;44px/pt target; keyboard equivalent; focus2px forest offset2px; describedby error; restore focus on close; VoiceOver selected/position; status polite.,None: local UI/navigation; destination resource read only,No mutation on this gesture,No payload,LIB-01-AT07,Destructive/paid/publication action uses catalog; input/navigation none
LIB-01-I08,LIB-01,load-more,local,Click/Enter/Space or native tap; drag has Move before/after alternative,Read permission for requested entity; public routes exempt,Request nextCursor of current query; append unique stable IDs; failure keeps rows and Retry load more; expired cursor restarts first page preserving filters.,Selected/focused state; retain content and exact values; no optimistic Saved or Approved,Busy only this entity/action. Reads keep cache; mutations retain form. aria-busy and polite status. Prevent repeated submit with same intent key.,Request nextCursor of current query; append unique stable IDs; failure keeps rows and Retry load more; expired cursor restarts first page preserving filters.,Read failure retains last loaded content labeled stale with Retry; denied/missing target opens SYS-02; offline navigation uses cached authorized content.,Retry safe reads freely; mutation retries reuse same key after status fetch; never retry uncertain external publication. Cancel form keeps acknowledged revision; cancel job only via server checkpoint.,/content,Visible label;44px/pt target; keyboard equivalent; focus2px forest offset2px; describedby error; restore focus on close; VoiceOver selected/position; status polite.,None: local UI/navigation; destination resource read only,No mutation on this gesture,No payload,LIB-01-AT08,Destructive/paid/publication action uses catalog; input/navigation none
LIB-02-I01,LIB-02,output-open,local,Click/Enter/Space or native tap; drag has Move before/after alternative,Read permission for requested entity; public routes exempt,Open selected output: Carousel CAR-01/PRE-01 or Reel REEL-01/PRE-02; wizard Edit CREATE-02; publication PUB-02. Read current revision first; unavailable entity SYS-02.,Selected/focused state; retain content and exact values; no optimistic Saved or Approved,Busy only this entity/action. Reads keep cache; mutations retain form. aria-busy and polite status. Prevent repeated submit with same intent key.,Open selected output: Carousel CAR-01/PRE-01 or Reel REEL-01/PRE-02; wizard Edit CREATE-02; publication PUB-02. Read current revision first; unavailable entity SYS-02.,Read failure retains last loaded content labeled stale with Retry; denied/missing target opens SYS-02; offline navigation uses cached authorized content.,Retry safe reads freely; mutation retries reuse same key after status fetch; never retry uncertain external publication. Cancel form keeps acknowledged revision; cancel job only via server checkpoint.,/content/:contentId,Visible label;44px/pt target; keyboard equivalent; focus2px forest offset2px; describedby error; restore focus on close; VoiceOver selected/position; status polite.,None: local UI/navigation; destination resource read only,No mutation on this gesture,No payload,LIB-02-AT01,Destructive/paid/publication action uses catalog; input/navigation none
LIB-02-I02,LIB-02,content-menu,local,Click/Enter/Space or native tap; drag has Move before/after alternative,Read permission for requested entity; public routes exempt,Open contextual Duplicate/Archive/Export/Delete menu; destructive commands follow catalog confirmations; active publication locks destructive commands with reason.,Selected/focused state; retain content and exact values; no optimistic Saved or Approved,Busy only this entity/action. Reads keep cache; mutations retain form. aria-busy and polite status. Prevent repeated submit with same intent key.,Open contextual Duplicate/Archive/Export/Delete menu; destructive commands follow catalog confirmations; active publication locks destructive commands with reason.,Read failure retains last loaded content labeled stale with Retry; denied/missing target opens SYS-02; offline navigation uses cached authorized content.,Retry safe reads freely; mutation retries reuse same key after status fetch; never retry uncertain external publication. Cancel form keeps acknowledged revision; cancel job only via server checkpoint.,/content/:contentId,Visible label;44px/pt target; keyboard equivalent; focus2px forest offset2px; describedby error; restore focus on close; VoiceOver selected/position; status polite.,None: local UI/navigation; destination resource read only,No mutation on this gesture,No payload,LIB-02-AT02,Destructive/paid/publication action uses catalog; input/navigation none
LIB-02-I03,LIB-02,duplicate,mutation,Click/Enter/Space or native tap; drag has Move before/after alternative,Authenticated workspace and permitted role,New draft opens LIB-02; reuse immutable assets when compatible; no copied approval/schedule,Selected/focused state; retain content and exact values; no optimistic Saved or Approved,Busy only this entity/action. Reads keep cache; mutations retain form. aria-busy and polite status. Prevent repeated submit with same intent key.,New draft opens LIB-02; reuse immutable assets when compatible; no copied approval/schedule,422: attach field errors and retain input;403: read-only permission banner;401: SYS-01 with safe return;409: show current state and retain draft; network: retain buffer and fetch authoritative state before retry.,Retry safe reads freely; mutation retries reuse same key after status fetch; never retry uncertain external publication. Cancel form keeps acknowledged revision; cancel job only via server checkpoint.,LIB-02 with returned new contentId,Visible label;44px/pt target; keyboard equivalent; focus2px forest offset2px; describedby error; restore focus on close; VoiceOver selected/position; status polite.,POST /v1/content/{contentId}/duplicate,Proposed exact contract; not present in audited repository,{expectedRevision},LIB-02-AT03,Destructive/paid/publication action uses catalog; input/navigation none
LIB-02-I04,LIB-02,archive-content,mutation,Click/Enter/Space or native tap; drag has Move before/after alternative,Authenticated workspace and permitted role,Hidden from default library; retained in Archived; Undo unarchives,Selected/focused state; retain content and exact values; no optimistic Saved or Approved,Busy only this entity/action. Reads keep cache; mutations retain form. aria-busy and polite status. Prevent repeated submit with same intent key.,Hidden from default library; retained in Archived; Undo unarchives,422: attach field errors and retain input;403: read-only permission banner;401: SYS-01 with safe return;409: show current state and retain draft; network: retain buffer and fetch authoritative state before retry.,Retry safe reads freely; mutation retries reuse same key after status fetch; never retry uncertain external publication. Cancel form keeps acknowledged revision; cancel job only via server checkpoint.,Remain on /content/:contentId with acknowledged revision/state; no implicit publication or navigation,Visible label;44px/pt target; keyboard equivalent; focus2px forest offset2px; describedby error; restore focus on close; VoiceOver selected/position; status polite.,POST /v1/content/{contentId}/archive,Proposed exact contract; not present in audited repository,{expectedRevision},LIB-02-AT04,Destructive/paid/publication action uses catalog; input/navigation none
LIB-02-I05,LIB-02,delete-content,mutation,Click/Enter/Space or native tap; drag has Move before/after alternative,No active job/reservation/unknown outcome; explicit confirmation,30day Trash; hide item; restore available,Selected/focused state; retain content and exact values; no optimistic Saved or Approved,Busy only this entity/action. Reads keep cache; mutations retain form. aria-busy and polite status. Prevent repeated submit with same intent key.,30day Trash; hide item; restore available,422: attach field errors and retain input;403: read-only permission banner;401: SYS-01 with safe return;409: show current state and retain draft; network: retain buffer and fetch authoritative state before retry.,Retry safe reads freely; mutation retries reuse same key after status fetch; never retry uncertain external publication. Cancel form keeps acknowledged revision; cancel job only via server checkpoint.,LIB-01 after successful Trash mutation,Visible label;44px/pt target; keyboard equivalent; focus2px forest offset2px; describedby error; restore focus on close; VoiceOver selected/position; status polite.,POST /v1/content/{contentId}/trash,Proposed exact contract; not present in audited repository,{expectedRevision},LIB-02-AT05,Destructive/paid/publication action uses catalog; input/navigation none
LIB-02-I06,LIB-02,export-content,mutation,Click/Enter/Space or native tap; drag has Move before/after alternative,Authenticated workspace and permitted role,Export immutable selected revision; ZIP original slides/video + captions + evidence manifest,Selected/focused state; retain content and exact values; no optimistic Saved or Approved,Busy only this entity/action. Reads keep cache; mutations retain form. aria-busy and polite status. Prevent repeated submit with same intent key.,Export immutable selected revision; ZIP original slides/video + captions + evidence manifest,422: attach field errors and retain input;403: read-only permission banner;401: SYS-01 with safe return;409: show current state and retain draft; network: retain buffer and fetch authoritative state before retry.,Retry safe reads freely; mutation retries reuse same key after status fetch; never retry uncertain external publication. Cancel form keeps acknowledged revision; cancel job only via server checkpoint.,Remain on /content/:contentId with acknowledged revision/state; no implicit publication or navigation,Visible label;44px/pt target; keyboard equivalent; focus2px forest offset2px; describedby error; restore focus on close; VoiceOver selected/position; status polite.,POST /v1/content/{contentId}/exports,Proposed exact contract; not present in audited repository,"{outputIds,revision,fileType:zip}",LIB-02-AT06,Destructive/paid/publication action uses catalog; input/navigation none
LIB-02-I07,LIB-02,activity,navigation,Click/Enter/Space or native tap; drag has Move before/after alternative,Read permission for requested entity; public routes exempt,"Open ACT-01 for selected authorized entity; preserve originating route, tab stack and scroll.",Selected/focused state; retain content and exact values; no optimistic Saved or Approved,Busy only this entity/action. Reads keep cache; mutations retain form. aria-busy and polite status. Prevent repeated submit with same intent key.,"Open ACT-01 for selected authorized entity; preserve originating route, tab stack and scroll.",Read failure retains last loaded content labeled stale with Retry; denied/missing target opens SYS-02; offline navigation uses cached authorized content.,Retry safe reads freely; mutation retries reuse same key after status fetch; never retry uncertain external publication. Cancel form keeps acknowledged revision; cancel job only via server checkpoint.,ACT-01,Visible label;44px/pt target; keyboard equivalent; focus2px forest offset2px; describedby error; restore focus on close; VoiceOver selected/position; status polite.,None: local UI/navigation; destination resource read only,No mutation on this gesture,No payload,LIB-02-AT07,Destructive/paid/publication action uses catalog; input/navigation none
LIB-02-I08,LIB-02,back,local,Click/Enter/Space or native tap; drag has Move before/after alternative,Read permission for requested entity; public routes exempt,Return invoking route/stack and scroll; dirty unacknowledged edits open Save/Discard/Stay decision; durable jobs continue.,Selected/focused state; retain content and exact values; no optimistic Saved or Approved,Busy only this entity/action. Reads keep cache; mutations retain form. aria-busy and polite status. Prevent repeated submit with same intent key.,Return invoking route/stack and scroll; dirty unacknowledged edits open Save/Discard/Stay decision; durable jobs continue.,Read failure retains last loaded content labeled stale with Retry; denied/missing target opens SYS-02; offline navigation uses cached authorized content.,Retry safe reads freely; mutation retries reuse same key after status fetch; never retry uncertain external publication. Cancel form keeps acknowledged revision; cancel job only via server checkpoint.,/content/:contentId,Visible label;44px/pt target; keyboard equivalent; focus2px forest offset2px; describedby error; restore focus on close; VoiceOver selected/position; status polite.,None: local UI/navigation; destination resource read only,No mutation on this gesture,No payload,LIB-02-AT08,Destructive/paid/publication action uses catalog; input/navigation none
TRASH-01-I01,TRASH-01,restore-content,mutation,Click/Enter/Space or native tap; drag has Move before/after alternative,Authenticated workspace and permitted role,Restore draft visibility and open LIB-02; no publication restart,Selected/focused state; retain content and exact values; no optimistic Saved or Approved,Busy only this entity/action. Reads keep cache; mutations retain form. aria-busy and polite status. Prevent repeated submit with same intent key.,Restore draft visibility and open LIB-02; no publication restart,422: attach field errors and retain input;403: read-only permission banner;401: SYS-01 with safe return;409: show current state and retain draft; network: retain buffer and fetch authoritative state before retry.,Retry safe reads freely; mutation retries reuse same key after status fetch; never retry uncertain external publication. Cancel form keeps acknowledged revision; cancel job only via server checkpoint.,LIB-02 with restored contentId,Visible label;44px/pt target; keyboard equivalent; focus2px forest offset2px; describedby error; restore focus on close; VoiceOver selected/position; status polite.,POST /v1/content/{contentId}/restore,Proposed exact contract; not present in audited repository,{expectedRevision},TRASH-01-AT01,Destructive/paid/publication action uses catalog; input/navigation none
TRASH-01-I02,TRASH-01,permanent-delete,mutation,Click/Enter/Space or native tap; drag has Move before/after alternative,Owner; Trash item; no active reservation; type DELETE,Remove content and unreferenced private assets; external post remains,Selected/focused state; retain content and exact values; no optimistic Saved or Approved,Busy only this entity/action. Reads keep cache; mutations retain form. aria-busy and polite status. Prevent repeated submit with same intent key.,Remove content and unreferenced private assets; external post remains,422: attach field errors and retain input;403: read-only permission banner;401: SYS-01 with safe return;409: show current state and retain draft; network: retain buffer and fetch authoritative state before retry.,Retry safe reads freely; mutation retries reuse same key after status fetch; never retry uncertain external publication. Cancel form keeps acknowledged revision; cancel job only via server checkpoint.,TRASH-01 refreshed after ACK,Visible label;44px/pt target; keyboard equivalent; focus2px forest offset2px; describedby error; restore focus on close; VoiceOver selected/position; status polite.,DELETE /v1/content/{contentId}/purge,Proposed exact contract; not present in audited repository,"{expectedRevision,confirmationText}",TRASH-01-AT02,Destructive/paid/publication action uses catalog; input/navigation none
TRASH-01-I03,TRASH-01,back,local,Click/Enter/Space or native tap; drag has Move before/after alternative,Read permission for requested entity; public routes exempt,Return invoking route/stack and scroll; dirty unacknowledged edits open Save/Discard/Stay decision; durable jobs continue.,Selected/focused state; retain content and exact values; no optimistic Saved or Approved,Busy only this entity/action. Reads keep cache; mutations retain form. aria-busy and polite status. Prevent repeated submit with same intent key.,Return invoking route/stack and scroll; dirty unacknowledged edits open Save/Discard/Stay decision; durable jobs continue.,Read failure retains last loaded content labeled stale with Retry; denied/missing target opens SYS-02; offline navigation uses cached authorized content.,Retry safe reads freely; mutation retries reuse same key after status fetch; never retry uncertain external publication. Cancel form keeps acknowledged revision; cancel job only via server checkpoint.,/content/trash,Visible label;44px/pt target; keyboard equivalent; focus2px forest offset2px; describedby error; restore focus on close; VoiceOver selected/position; status polite.,None: local UI/navigation; destination resource read only,No mutation on this gesture,No payload,TRASH-01-AT03,Destructive/paid/publication action uses catalog; input/navigation none
ACT-01-I01,ACT-01,activity-tabs,local,Click/Enter/Space or native tap; drag has Move before/after alternative,Read permission for requested entity; public routes exempt,Select labeled tab; preserve other panels state; update URL tab parameter; browser Back restores selection; no mutation.,Selected/focused state; retain content and exact values; no optimistic Saved or Approved,Busy only this entity/action. Reads keep cache; mutations retain form. aria-busy and polite status. Prevent repeated submit with same intent key.,Select labeled tab; preserve other panels state; update URL tab parameter; browser Back restores selection; no mutation.,Read failure retains last loaded content labeled stale with Retry; denied/missing target opens SYS-02; offline navigation uses cached authorized content.,Retry safe reads freely; mutation retries reuse same key after status fetch; never retry uncertain external publication. Cancel form keeps acknowledged revision; cancel job only via server checkpoint.,/activity,Visible label;44px/pt target; keyboard equivalent; focus2px forest offset2px; describedby error; restore focus on close; VoiceOver selected/position; status polite.,None: local UI/navigation; destination resource read only,No mutation on this gesture,No payload,ACT-01-AT01,Destructive/paid/publication action uses catalog; input/navigation none
ACT-01-I02,ACT-01,job-filters,local,Click/Enter/Space or native tap; drag has Move before/after alternative,Read permission for requested entity; public routes exempt,Open labeled selection surface; Apply validates values and updates query/URL; reset cursor; Cancel preserves original; clear resets to all. Server reads use screen resource listed below.,Selected/focused state; retain content and exact values; no optimistic Saved or Approved,Busy only this entity/action. Reads keep cache; mutations retain form. aria-busy and polite status. Prevent repeated submit with same intent key.,Open labeled selection surface; Apply validates values and updates query/URL; reset cursor; Cancel preserves original; clear resets to all. Server reads use screen resource listed below.,Read failure retains last loaded content labeled stale with Retry; denied/missing target opens SYS-02; offline navigation uses cached authorized content.,Retry safe reads freely; mutation retries reuse same key after status fetch; never retry uncertain external publication. Cancel form keeps acknowledged revision; cancel job only via server checkpoint.,/activity,Visible label;44px/pt target; keyboard equivalent; focus2px forest offset2px; describedby error; restore focus on close; VoiceOver selected/position; status polite.,None: local UI/navigation; destination resource read only,No mutation on this gesture,No payload,ACT-01-AT02,Destructive/paid/publication action uses catalog; input/navigation none
ACT-01-I03,ACT-01,job-open,navigation,Click/Enter/Space or native tap; drag has Move before/after alternative,Read permission for requested entity; public routes exempt,"Open ACT-02 for selected authorized entity; preserve originating route, tab stack and scroll.",Selected/focused state; retain content and exact values; no optimistic Saved or Approved,Busy only this entity/action. Reads keep cache; mutations retain form. aria-busy and polite status. Prevent repeated submit with same intent key.,"Open ACT-02 for selected authorized entity; preserve originating route, tab stack and scroll.",Read failure retains last loaded content labeled stale with Retry; denied/missing target opens SYS-02; offline navigation uses cached authorized content.,Retry safe reads freely; mutation retries reuse same key after status fetch; never retry uncertain external publication. Cancel form keeps acknowledged revision; cancel job only via server checkpoint.,ACT-02,Visible label;44px/pt target; keyboard equivalent; focus2px forest offset2px; describedby error; restore focus on close; VoiceOver selected/position; status polite.,None: local UI/navigation; destination resource read only,No mutation on this gesture,No payload,ACT-01-AT03,Destructive/paid/publication action uses catalog; input/navigation none
ACT-01-I04,ACT-01,retry-job,mutation,Click/Enter/Space or native tap; drag has Move before/after alternative,Server canRetry true; no publish final attempt; failed config corrected,New/requeued safe job; retain successful units; paid repeat explicitly confirmed,Selected/focused state; retain content and exact values; no optimistic Saved or Approved,Busy only this entity/action. Reads keep cache; mutations retain form. aria-busy and polite status. Prevent repeated submit with same intent key.,New/requeued safe job; retain successful units; paid repeat explicitly confirmed,422: attach field errors and retain input;403: read-only permission banner;401: SYS-01 with safe return;409: show current state and retain draft; network: retain buffer and fetch authoritative state before retry.,Retry safe reads freely; mutation retries reuse same key after status fetch; never retry uncertain external publication. Cancel form keeps acknowledged revision; cancel job only via server checkpoint.,ACT-02 with returned jobId,Visible label;44px/pt target; keyboard equivalent; focus2px forest offset2px; describedby error; restore focus on close; VoiceOver selected/position; status polite.,POST /v1/jobs/{jobId}/retry,Proposed exact contract; not present in audited repository,"{expectedJobRevision,unitId?,correctedConfiguration?}",ACT-01-AT04,Destructive/paid/publication action uses catalog; input/navigation none
ACT-01-I05,ACT-01,content-open,navigation,Click/Enter/Space or native tap; drag has Move before/after alternative,Read permission for requested entity; public routes exempt,"Open LIB-02 for selected authorized entity; preserve originating route, tab stack and scroll.",Selected/focused state; retain content and exact values; no optimistic Saved or Approved,Busy only this entity/action. Reads keep cache; mutations retain form. aria-busy and polite status. Prevent repeated submit with same intent key.,"Open LIB-02 for selected authorized entity; preserve originating route, tab stack and scroll.",Read failure retains last loaded content labeled stale with Retry; denied/missing target opens SYS-02; offline navigation uses cached authorized content.,Retry safe reads freely; mutation retries reuse same key after status fetch; never retry uncertain external publication. Cancel form keeps acknowledged revision; cancel job only via server checkpoint.,LIB-02,Visible label;44px/pt target; keyboard equivalent; focus2px forest offset2px; describedby error; restore focus on close; VoiceOver selected/position; status polite.,None: local UI/navigation; destination resource read only,No mutation on this gesture,No payload,ACT-01-AT05,Destructive/paid/publication action uses catalog; input/navigation none
ACT-01-I06,ACT-01,load-more,local,Click/Enter/Space or native tap; drag has Move before/after alternative,Read permission for requested entity; public routes exempt,Request nextCursor of current query; append unique stable IDs; failure keeps rows and Retry load more; expired cursor restarts first page preserving filters.,Selected/focused state; retain content and exact values; no optimistic Saved or Approved,Busy only this entity/action. Reads keep cache; mutations retain form. aria-busy and polite status. Prevent repeated submit with same intent key.,Request nextCursor of current query; append unique stable IDs; failure keeps rows and Retry load more; expired cursor restarts first page preserving filters.,Read failure retains last loaded content labeled stale with Retry; denied/missing target opens SYS-02; offline navigation uses cached authorized content.,Retry safe reads freely; mutation retries reuse same key after status fetch; never retry uncertain external publication. Cancel form keeps acknowledged revision; cancel job only via server checkpoint.,/activity,Visible label;44px/pt target; keyboard equivalent; focus2px forest offset2px; describedby error; restore focus on close; VoiceOver selected/position; status polite.,None: local UI/navigation; destination resource read only,No mutation on this gesture,No payload,ACT-01-AT06,Destructive/paid/publication action uses catalog; input/navigation none
ACT-02-I01,ACT-02,job-tabs,local,Click/Enter/Space or native tap; drag has Move before/after alternative,Read permission for requested entity; public routes exempt,Select labeled tab; preserve other panels state; update URL tab parameter; browser Back restores selection; no mutation.,Selected/focused state; retain content and exact values; no optimistic Saved or Approved,Busy only this entity/action. Reads keep cache; mutations retain form. aria-busy and polite status. Prevent repeated submit with same intent key.,Select labeled tab; preserve other panels state; update URL tab parameter; browser Back restores selection; no mutation.,Read failure retains last loaded content labeled stale with Retry; denied/missing target opens SYS-02; offline navigation uses cached authorized content.,Retry safe reads freely; mutation retries reuse same key after status fetch; never retry uncertain external publication. Cancel form keeps acknowledged revision; cancel job only via server checkpoint.,/activity/jobs/:jobId,Visible label;44px/pt target; keyboard equivalent; focus2px forest offset2px; describedby error; restore focus on close; VoiceOver selected/position; status polite.,None: local UI/navigation; destination resource read only,No mutation on this gesture,No payload,ACT-02-AT01,Destructive/paid/publication action uses catalog; input/navigation none
ACT-02-I02,ACT-02,diagnostics,mutation,Click/Enter/Space or native tap; drag has Move before/after alternative,Authenticated workspace and permitted role,Download sanitized JSON; user chooses destination; no automatic support send,Selected/focused state; retain content and exact values; no optimistic Saved or Approved,Busy only this entity/action. Reads keep cache; mutations retain form. aria-busy and polite status. Prevent repeated submit with same intent key.,Download sanitized JSON; user chooses destination; no automatic support send,422: attach field errors and retain input;403: read-only permission banner;401: SYS-01 with safe return;409: show current state and retain draft; network: retain buffer and fetch authoritative state before retry.,Retry safe reads freely; mutation retries reuse same key after status fetch; never retry uncertain external publication. Cancel form keeps acknowledged revision; cancel job only via server checkpoint.,Remain on /activity/jobs/:jobId with acknowledged revision/state; no implicit publication or navigation,Visible label;44px/pt target; keyboard equivalent; focus2px forest offset2px; describedby error; restore focus on close; VoiceOver selected/position; status polite.,POST /v1/diagnostics/exports,Proposed exact contract; not present in audited repository,"{entityId?,includeRedactedLogs:true}",ACT-02-AT02,Destructive/paid/publication action uses catalog; input/navigation none
ACT-02-I03,ACT-02,retry-job,mutation,Click/Enter/Space or native tap; drag has Move before/after alternative,Server canRetry true; no publish final attempt; failed config corrected,New/requeued safe job; retain successful units; paid repeat explicitly confirmed,Selected/focused state; retain content and exact values; no optimistic Saved or Approved,Busy only this entity/action. Reads keep cache; mutations retain form. aria-busy and polite status. Prevent repeated submit with same intent key.,New/requeued safe job; retain successful units; paid repeat explicitly confirmed,422: attach field errors and retain input;403: read-only permission banner;401: SYS-01 with safe return;409: show current state and retain draft; network: retain buffer and fetch authoritative state before retry.,Retry safe reads freely; mutation retries reuse same key after status fetch; never retry uncertain external publication. Cancel form keeps acknowledged revision; cancel job only via server checkpoint.,ACT-02 with returned jobId,Visible label;44px/pt target; keyboard equivalent; focus2px forest offset2px; describedby error; restore focus on close; VoiceOver selected/position; status polite.,POST /v1/jobs/{jobId}/retry,Proposed exact contract; not present in audited repository,"{expectedJobRevision,unitId?,correctedConfiguration?}",ACT-02-AT03,Destructive/paid/publication action uses catalog; input/navigation none
ACT-02-I04,ACT-02,cancel-job,mutation,Click/Enter/Space or native tap; drag has Move before/after alternative,Server canCancel true; final external publish cannot cancel,Cancelling until safe checkpoint; Cancelled retains completed assets,Selected/focused state; retain content and exact values; no optimistic Saved or Approved,Busy only this entity/action. Reads keep cache; mutations retain form. aria-busy and polite status. Prevent repeated submit with same intent key.,Cancelling until safe checkpoint; Cancelled retains completed assets,422: attach field errors and retain input;403: read-only permission banner;401: SYS-01 with safe return;409: show current state and retain draft; network: retain buffer and fetch authoritative state before retry.,Retry safe reads freely; mutation retries reuse same key after status fetch; never retry uncertain external publication. Cancel form keeps acknowledged revision; cancel job only via server checkpoint.,"ACT-02 remains, cancelling/cancelled reported only by server",Visible label;44px/pt target; keyboard equivalent; focus2px forest offset2px; describedby error; restore focus on close; VoiceOver selected/position; status polite.,POST /v1/jobs/{jobId}/cancel,Proposed exact contract; not present in audited repository,"{expectedJobRevision,reason}",ACT-02-AT04,Destructive/paid/publication action uses catalog; input/navigation none
ACT-02-I05,ACT-02,content-open,navigation,Click/Enter/Space or native tap; drag has Move before/after alternative,Read permission for requested entity; public routes exempt,"Open LIB-02 for selected authorized entity; preserve originating route, tab stack and scroll.",Selected/focused state; retain content and exact values; no optimistic Saved or Approved,Busy only this entity/action. Reads keep cache; mutations retain form. aria-busy and polite status. Prevent repeated submit with same intent key.,"Open LIB-02 for selected authorized entity; preserve originating route, tab stack and scroll.",Read failure retains last loaded content labeled stale with Retry; denied/missing target opens SYS-02; offline navigation uses cached authorized content.,Retry safe reads freely; mutation retries reuse same key after status fetch; never retry uncertain external publication. Cancel form keeps acknowledged revision; cancel job only via server checkpoint.,LIB-02,Visible label;44px/pt target; keyboard equivalent; focus2px forest offset2px; describedby error; restore focus on close; VoiceOver selected/position; status polite.,None: local UI/navigation; destination resource read only,No mutation on this gesture,No payload,ACT-02-AT05,Destructive/paid/publication action uses catalog; input/navigation none
ACT-02-I06,ACT-02,back,local,Click/Enter/Space or native tap; drag has Move before/after alternative,Read permission for requested entity; public routes exempt,Return invoking route/stack and scroll; dirty unacknowledged edits open Save/Discard/Stay decision; durable jobs continue.,Selected/focused state; retain content and exact values; no optimistic Saved or Approved,Busy only this entity/action. Reads keep cache; mutations retain form. aria-busy and polite status. Prevent repeated submit with same intent key.,Return invoking route/stack and scroll; dirty unacknowledged edits open Save/Discard/Stay decision; durable jobs continue.,Read failure retains last loaded content labeled stale with Retry; denied/missing target opens SYS-02; offline navigation uses cached authorized content.,Retry safe reads freely; mutation retries reuse same key after status fetch; never retry uncertain external publication. Cancel form keeps acknowledged revision; cancel job only via server checkpoint.,/activity/jobs/:jobId,Visible label;44px/pt target; keyboard equivalent; focus2px forest offset2px; describedby error; restore focus on close; VoiceOver selected/position; status polite.,None: local UI/navigation; destination resource read only,No mutation on this gesture,No payload,ACT-02-AT06,Destructive/paid/publication action uses catalog; input/navigation none
NOT-01-I01,NOT-01,notification-open,local,Click/Enter/Space or native tap; drag has Move before/after alternative,Read permission for requested entity; public routes exempt,"Mark selected event read through notification read contract, navigate authorized entity; deleted/denied entity shows SYS-02 without sensitive title.",Selected/focused state; retain content and exact values; no optimistic Saved or Approved,Busy only this entity/action. Reads keep cache; mutations retain form. aria-busy and polite status. Prevent repeated submit with same intent key.,"Mark selected event read through notification read contract, navigate authorized entity; deleted/denied entity shows SYS-02 without sensitive title.",Read failure retains last loaded content labeled stale with Retry; denied/missing target opens SYS-02; offline navigation uses cached authorized content.,Retry safe reads freely; mutation retries reuse same key after status fetch; never retry uncertain external publication. Cancel form keeps acknowledged revision; cancel job only via server checkpoint.,/notifications,Visible label;44px/pt target; keyboard equivalent; focus2px forest offset2px; describedby error; restore focus on close; VoiceOver selected/position; status polite.,None: local UI/navigation; destination resource read only,No mutation on this gesture,No payload,NOT-01-AT01,Destructive/paid/publication action uses catalog; input/navigation none
NOT-01-I02,NOT-01,mark-read,mutation,Click/Enter/Space or native tap; drag has Move before/after alternative,Authenticated workspace and permitted role,Persist read without affecting underlying job,Selected/focused state; retain content and exact values; no optimistic Saved or Approved,Busy only this entity/action. Reads keep cache; mutations retain form. aria-busy and polite status. Prevent repeated submit with same intent key.,Persist read without affecting underlying job,422: attach field errors and retain input;403: read-only permission banner;401: SYS-01 with safe return;409: show current state and retain draft; network: retain buffer and fetch authoritative state before retry.,Retry safe reads freely; mutation retries reuse same key after status fetch; never retry uncertain external publication. Cancel form keeps acknowledged revision; cancel job only via server checkpoint.,Remain on /notifications with acknowledged revision/state; no implicit publication or navigation,Visible label;44px/pt target; keyboard equivalent; focus2px forest offset2px; describedby error; restore focus on close; VoiceOver selected/position; status polite.,PATCH /v1/notifications/{notificationId}/read,Proposed exact contract; not present in audited repository,{read:true},NOT-01-AT02,Destructive/paid/publication action uses catalog; input/navigation none
NOT-01-I03,NOT-01,mark-all-read,mutation,Click/Enter/Space or native tap; drag has Move before/after alternative,Authenticated workspace and permitted role,Mark only events at or before captured inbox head read,Selected/focused state; retain content and exact values; no optimistic Saved or Approved,Busy only this entity/action. Reads keep cache; mutations retain form. aria-busy and polite status. Prevent repeated submit with same intent key.,Mark only events at or before captured inbox head read,422: attach field errors and retain input;403: read-only permission banner;401: SYS-01 with safe return;409: show current state and retain draft; network: retain buffer and fetch authoritative state before retry.,Retry safe reads freely; mutation retries reuse same key after status fetch; never retry uncertain external publication. Cancel form keeps acknowledged revision; cancel job only via server checkpoint.,Remain on /notifications with acknowledged revision/state; no implicit publication or navigation,Visible label;44px/pt target; keyboard equivalent; focus2px forest offset2px; describedby error; restore focus on close; VoiceOver selected/position; status polite.,POST /v1/notifications/read-all,Proposed exact contract; not present in audited repository,{throughEventId},NOT-01-AT03,Destructive/paid/publication action uses catalog; input/navigation none
NOT-01-I04,NOT-01,notification-filter,field,Input/change; editor autosave800ms or explicit Save,"Editable form, or public authentication field",Update local form buffer; Unread/All with stable cursor. Commit only on form Save or editor autosave.,Field value retained; public/form inputs do not autosave until submit. Editor fields follow ordered CAS save.,Busy only this entity/action. Reads keep cache; mutations retain form. aria-busy and polite status. Prevent repeated submit with same intent key.,Update local form buffer; Unread/All with stable cursor. Commit only on form Save or editor autosave.,422: attach field errors and retain input;403: read-only permission banner;401: SYS-01 with safe return;409: show current state and retain draft; network: retain buffer and fetch authoritative state before retry.,Retry safe reads freely; mutation retries reuse same key after status fetch; never retry uncertain external publication. Cancel form keeps acknowledged revision; cancel job only via server checkpoint.,/notifications,Visible label;44px/pt target; keyboard equivalent; focus2px forest offset2px; describedby error; restore focus on close; VoiceOver selected/position; status polite.,None on input; owning form Save contract,No mutation on this gesture,Unread/All with stable cursor,NOT-01-AT04,Destructive/paid/publication action uses catalog; input/navigation none
NOT-01-I05,NOT-01,notification-settings,navigation,Click/Enter/Space or native tap; drag has Move before/after alternative,Read permission for requested entity; public routes exempt,"Open SET-08 for selected authorized entity; preserve originating route, tab stack and scroll.",Selected/focused state; retain content and exact values; no optimistic Saved or Approved,Busy only this entity/action. Reads keep cache; mutations retain form. aria-busy and polite status. Prevent repeated submit with same intent key.,"Open SET-08 for selected authorized entity; preserve originating route, tab stack and scroll.",Read failure retains last loaded content labeled stale with Retry; denied/missing target opens SYS-02; offline navigation uses cached authorized content.,Retry safe reads freely; mutation retries reuse same key after status fetch; never retry uncertain external publication. Cancel form keeps acknowledged revision; cancel job only via server checkpoint.,SET-08,Visible label;44px/pt target; keyboard equivalent; focus2px forest offset2px; describedby error; restore focus on close; VoiceOver selected/position; status polite.,None: local UI/navigation; destination resource read only,No mutation on this gesture,No payload,NOT-01-AT05,Destructive/paid/publication action uses catalog; input/navigation none
ANA-01-I01,ANA-01,analytics-account,local,Click/Enter/Space or native tap; drag has Move before/after alternative,Read permission for requested entity; public routes exempt,Open labeled selection surface; Apply validates values and updates query/URL; reset cursor; Cancel preserves original; clear resets to all. Server reads use screen resource listed below.,Selected/focused state; retain content and exact values; no optimistic Saved or Approved,Busy only this entity/action. Reads keep cache; mutations retain form. aria-busy and polite status. Prevent repeated submit with same intent key.,Open labeled selection surface; Apply validates values and updates query/URL; reset cursor; Cancel preserves original; clear resets to all. Server reads use screen resource listed below.,Read failure retains last loaded content labeled stale with Retry; denied/missing target opens SYS-02; offline navigation uses cached authorized content.,Retry safe reads freely; mutation retries reuse same key after status fetch; never retry uncertain external publication. Cancel form keeps acknowledged revision; cancel job only via server checkpoint.,/analytics,Visible label;44px/pt target; keyboard equivalent; focus2px forest offset2px; describedby error; restore focus on close; VoiceOver selected/position; status polite.,None: local UI/navigation; destination resource read only,No mutation on this gesture,No payload,ANA-01-AT01,Destructive/paid/publication action uses catalog; input/navigation none
ANA-01-I02,ANA-01,analytics-date,field,Input/change; editor autosave800ms or explicit Save,"Editable form, or public authentication field",Update local form buffer; inclusive local start/end; start<=end; max366days. Commit only on form Save or editor autosave.,Field value retained; public/form inputs do not autosave until submit. Editor fields follow ordered CAS save.,Busy only this entity/action. Reads keep cache; mutations retain form. aria-busy and polite status. Prevent repeated submit with same intent key.,Update local form buffer; inclusive local start/end; start<=end; max366days. Commit only on form Save or editor autosave.,422: attach field errors and retain input;403: read-only permission banner;401: SYS-01 with safe return;409: show current state and retain draft; network: retain buffer and fetch authoritative state before retry.,Retry safe reads freely; mutation retries reuse same key after status fetch; never retry uncertain external publication. Cancel form keeps acknowledged revision; cancel job only via server checkpoint.,/analytics,Visible label;44px/pt target; keyboard equivalent; focus2px forest offset2px; describedby error; restore focus on close; VoiceOver selected/position; status polite.,None on input; owning form Save contract,No mutation on this gesture,inclusive local start/end; start<=end; max366days,ANA-01-AT02,Destructive/paid/publication action uses catalog; input/navigation none
ANA-01-I03,ANA-01,analytics-format,local,Click/Enter/Space or native tap; drag has Move before/after alternative,Read permission for requested entity; public routes exempt,Open labeled selection surface; Apply validates values and updates query/URL; reset cursor; Cancel preserves original; clear resets to all. Server reads use screen resource listed below.,Selected/focused state; retain content and exact values; no optimistic Saved or Approved,Busy only this entity/action. Reads keep cache; mutations retain form. aria-busy and polite status. Prevent repeated submit with same intent key.,Open labeled selection surface; Apply validates values and updates query/URL; reset cursor; Cancel preserves original; clear resets to all. Server reads use screen resource listed below.,Read failure retains last loaded content labeled stale with Retry; denied/missing target opens SYS-02; offline navigation uses cached authorized content.,Retry safe reads freely; mutation retries reuse same key after status fetch; never retry uncertain external publication. Cancel form keeps acknowledged revision; cancel job only via server checkpoint.,/analytics,Visible label;44px/pt target; keyboard equivalent; focus2px forest offset2px; describedby error; restore focus on close; VoiceOver selected/position; status polite.,None: local UI/navigation; destination resource read only,No mutation on this gesture,No payload,ANA-01-AT03,Destructive/paid/publication action uses catalog; input/navigation none
ANA-01-I04,ANA-01,metric-info,local,Click/Enter/Space or native tap; drag has Move before/after alternative,Read permission for requested entity; public routes exempt,"Open metric definition including unit, denominator, coverage and missingReason; close returns focus; null displayed Unavailable, never0.",Selected/focused state; retain content and exact values; no optimistic Saved or Approved,Busy only this entity/action. Reads keep cache; mutations retain form. aria-busy and polite status. Prevent repeated submit with same intent key.,"Open metric definition including unit, denominator, coverage and missingReason; close returns focus; null displayed Unavailable, never0.",Read failure retains last loaded content labeled stale with Retry; denied/missing target opens SYS-02; offline navigation uses cached authorized content.,Retry safe reads freely; mutation retries reuse same key after status fetch; never retry uncertain external publication. Cancel form keeps acknowledged revision; cancel job only via server checkpoint.,/analytics,Visible label;44px/pt target; keyboard equivalent; focus2px forest offset2px; describedby error; restore focus on close; VoiceOver selected/position; status polite.,None: local UI/navigation; destination resource read only,No mutation on this gesture,No payload,ANA-01-AT04,Destructive/paid/publication action uses catalog; input/navigation none
ANA-01-I05,ANA-01,analytics-post,navigation,Click/Enter/Space or native tap; drag has Move before/after alternative,Read permission for requested entity; public routes exempt,"Open ANA-02 for selected authorized entity; preserve originating route, tab stack and scroll.",Selected/focused state; retain content and exact values; no optimistic Saved or Approved,Busy only this entity/action. Reads keep cache; mutations retain form. aria-busy and polite status. Prevent repeated submit with same intent key.,"Open ANA-02 for selected authorized entity; preserve originating route, tab stack and scroll.",Read failure retains last loaded content labeled stale with Retry; denied/missing target opens SYS-02; offline navigation uses cached authorized content.,Retry safe reads freely; mutation retries reuse same key after status fetch; never retry uncertain external publication. Cancel form keeps acknowledged revision; cancel job only via server checkpoint.,ANA-02,Visible label;44px/pt target; keyboard equivalent; focus2px forest offset2px; describedby error; restore focus on close; VoiceOver selected/position; status polite.,None: local UI/navigation; destination resource read only,No mutation on this gesture,No payload,ANA-01-AT05,Destructive/paid/publication action uses catalog; input/navigation none
ANA-01-I06,ANA-01,compare,navigation,Click/Enter/Space or native tap; drag has Move before/after alternative,Read permission for requested entity; public routes exempt,"Open ANA-03 for selected authorized entity; preserve originating route, tab stack and scroll.",Selected/focused state; retain content and exact values; no optimistic Saved or Approved,Busy only this entity/action. Reads keep cache; mutations retain form. aria-busy and polite status. Prevent repeated submit with same intent key.,"Open ANA-03 for selected authorized entity; preserve originating route, tab stack and scroll.",Read failure retains last loaded content labeled stale with Retry; denied/missing target opens SYS-02; offline navigation uses cached authorized content.,Retry safe reads freely; mutation retries reuse same key after status fetch; never retry uncertain external publication. Cancel form keeps acknowledged revision; cancel job only via server checkpoint.,ANA-03,Visible label;44px/pt target; keyboard equivalent; focus2px forest offset2px; describedby error; restore focus on close; VoiceOver selected/position; status polite.,None: local UI/navigation; destination resource read only,No mutation on this gesture,No payload,ANA-01-AT06,Destructive/paid/publication action uses catalog; input/navigation none
ANA-01-I07,ANA-01,export-report,mutation,Click/Enter/Space or native tap; drag has Move before/after alternative,Authenticated workspace and permitted role,Export job then download; unavailable cells blank with missingReason,Selected/focused state; retain content and exact values; no optimistic Saved or Approved,Busy only this entity/action. Reads keep cache; mutations retain form. aria-busy and polite status. Prevent repeated submit with same intent key.,Export job then download; unavailable cells blank with missingReason,422: attach field errors and retain input;403: read-only permission banner;401: SYS-01 with safe return;409: show current state and retain draft; network: retain buffer and fetch authoritative state before retry.,Retry safe reads freely; mutation retries reuse same key after status fetch; never retry uncertain external publication. Cancel form keeps acknowledged revision; cancel job only via server checkpoint.,Remain on /analytics with acknowledged revision/state; no implicit publication or navigation,Visible label;44px/pt target; keyboard equivalent; focus2px forest offset2px; describedby error; restore focus on close; VoiceOver selected/position; status polite.,POST /v1/analytics/exports,Proposed exact contract; not present in audited repository,"{accountId,range,format,metricIds,postIds,fileType:csv|pdf}",ANA-01-AT07,Destructive/paid/publication action uses catalog; input/navigation none
ANA-01-I08,ANA-01,refresh-metrics,mutation,Click/Enter/Space or native tap; drag has Move before/after alternative,Authenticated workspace and permitted role,Job refresh; cached metrics stay visible labeled lastFetched,Selected/focused state; retain content and exact values; no optimistic Saved or Approved,Busy only this entity/action. Reads keep cache; mutations retain form. aria-busy and polite status. Prevent repeated submit with same intent key.,Job refresh; cached metrics stay visible labeled lastFetched,422: attach field errors and retain input;403: read-only permission banner;401: SYS-01 with safe return;409: show current state and retain draft; network: retain buffer and fetch authoritative state before retry.,Retry safe reads freely; mutation retries reuse same key after status fetch; never retry uncertain external publication. Cancel form keeps acknowledged revision; cancel job only via server checkpoint.,Remain on /analytics with acknowledged revision/state; no implicit publication or navigation,Visible label;44px/pt target; keyboard equivalent; focus2px forest offset2px; describedby error; restore focus on close; VoiceOver selected/position; status polite.,POST /v1/analytics/refresh,Proposed exact contract; not present in audited repository,"{accountId,range}",ANA-01-AT08,Destructive/paid/publication action uses catalog; input/navigation none
ANA-02-I01,ANA-02,metric-info,local,Click/Enter/Space or native tap; drag has Move before/after alternative,Read permission for requested entity; public routes exempt,"Open metric definition including unit, denominator, coverage and missingReason; close returns focus; null displayed Unavailable, never0.",Selected/focused state; retain content and exact values; no optimistic Saved or Approved,Busy only this entity/action. Reads keep cache; mutations retain form. aria-busy and polite status. Prevent repeated submit with same intent key.,"Open metric definition including unit, denominator, coverage and missingReason; close returns focus; null displayed Unavailable, never0.",Read failure retains last loaded content labeled stale with Retry; denied/missing target opens SYS-02; offline navigation uses cached authorized content.,Retry safe reads freely; mutation retries reuse same key after status fetch; never retry uncertain external publication. Cancel form keeps acknowledged revision; cancel job only via server checkpoint.,/analytics/posts/:publicationId,Visible label;44px/pt target; keyboard equivalent; focus2px forest offset2px; describedby error; restore focus on close; VoiceOver selected/position; status polite.,None: local UI/navigation; destination resource read only,No mutation on this gesture,No payload,ANA-02-AT01,Destructive/paid/publication action uses catalog; input/navigation none
ANA-02-I02,ANA-02,analytics-date,field,Input/change; editor autosave800ms or explicit Save,"Editable form, or public authentication field",Update local form buffer; inclusive local start/end; start<=end; max366days. Commit only on form Save or editor autosave.,Field value retained; public/form inputs do not autosave until submit. Editor fields follow ordered CAS save.,Busy only this entity/action. Reads keep cache; mutations retain form. aria-busy and polite status. Prevent repeated submit with same intent key.,Update local form buffer; inclusive local start/end; start<=end; max366days. Commit only on form Save or editor autosave.,422: attach field errors and retain input;403: read-only permission banner;401: SYS-01 with safe return;409: show current state and retain draft; network: retain buffer and fetch authoritative state before retry.,Retry safe reads freely; mutation retries reuse same key after status fetch; never retry uncertain external publication. Cancel form keeps acknowledged revision; cancel job only via server checkpoint.,/analytics/posts/:publicationId,Visible label;44px/pt target; keyboard equivalent; focus2px forest offset2px; describedby error; restore focus on close; VoiceOver selected/position; status polite.,None on input; owning form Save contract,No mutation on this gesture,inclusive local start/end; start<=end; max366days,ANA-02-AT02,Destructive/paid/publication action uses catalog; input/navigation none
ANA-02-I03,ANA-02,view-account,navigation,Click/Enter/Space or native tap; drag has Move before/after alternative,Read permission for requested entity; public routes exempt,"Open SET-07 for selected authorized entity; preserve originating route, tab stack and scroll.",Selected/focused state; retain content and exact values; no optimistic Saved or Approved,Busy only this entity/action. Reads keep cache; mutations retain form. aria-busy and polite status. Prevent repeated submit with same intent key.,"Open SET-07 for selected authorized entity; preserve originating route, tab stack and scroll.",Read failure retains last loaded content labeled stale with Retry; denied/missing target opens SYS-02; offline navigation uses cached authorized content.,Retry safe reads freely; mutation retries reuse same key after status fetch; never retry uncertain external publication. Cancel form keeps acknowledged revision; cancel job only via server checkpoint.,SET-07,Visible label;44px/pt target; keyboard equivalent; focus2px forest offset2px; describedby error; restore focus on close; VoiceOver selected/position; status polite.,None: local UI/navigation; destination resource read only,No mutation on this gesture,No payload,ANA-02-AT03,Destructive/paid/publication action uses catalog; input/navigation none
ANA-02-I04,ANA-02,compare,navigation,Click/Enter/Space or native tap; drag has Move before/after alternative,Read permission for requested entity; public routes exempt,"Open ANA-03 for selected authorized entity; preserve originating route, tab stack and scroll.",Selected/focused state; retain content and exact values; no optimistic Saved or Approved,Busy only this entity/action. Reads keep cache; mutations retain form. aria-busy and polite status. Prevent repeated submit with same intent key.,"Open ANA-03 for selected authorized entity; preserve originating route, tab stack and scroll.",Read failure retains last loaded content labeled stale with Retry; denied/missing target opens SYS-02; offline navigation uses cached authorized content.,Retry safe reads freely; mutation retries reuse same key after status fetch; never retry uncertain external publication. Cancel form keeps acknowledged revision; cancel job only via server checkpoint.,ANA-03,Visible label;44px/pt target; keyboard equivalent; focus2px forest offset2px; describedby error; restore focus on close; VoiceOver selected/position; status polite.,None: local UI/navigation; destination resource read only,No mutation on this gesture,No payload,ANA-02-AT04,Destructive/paid/publication action uses catalog; input/navigation none
ANA-02-I05,ANA-02,export-report,mutation,Click/Enter/Space or native tap; drag has Move before/after alternative,Authenticated workspace and permitted role,Export job then download; unavailable cells blank with missingReason,Selected/focused state; retain content and exact values; no optimistic Saved or Approved,Busy only this entity/action. Reads keep cache; mutations retain form. aria-busy and polite status. Prevent repeated submit with same intent key.,Export job then download; unavailable cells blank with missingReason,422: attach field errors and retain input;403: read-only permission banner;401: SYS-01 with safe return;409: show current state and retain draft; network: retain buffer and fetch authoritative state before retry.,Retry safe reads freely; mutation retries reuse same key after status fetch; never retry uncertain external publication. Cancel form keeps acknowledged revision; cancel job only via server checkpoint.,Remain on /analytics/posts/:publicationId with acknowledged revision/state; no implicit publication or navigation,Visible label;44px/pt target; keyboard equivalent; focus2px forest offset2px; describedby error; restore focus on close; VoiceOver selected/position; status polite.,POST /v1/analytics/exports,Proposed exact contract; not present in audited repository,"{accountId,range,format,metricIds,postIds,fileType:csv|pdf}",ANA-02-AT05,Destructive/paid/publication action uses catalog; input/navigation none
ANA-02-I06,ANA-02,back,local,Click/Enter/Space or native tap; drag has Move before/after alternative,Read permission for requested entity; public routes exempt,Return invoking route/stack and scroll; dirty unacknowledged edits open Save/Discard/Stay decision; durable jobs continue.,Selected/focused state; retain content and exact values; no optimistic Saved or Approved,Busy only this entity/action. Reads keep cache; mutations retain form. aria-busy and polite status. Prevent repeated submit with same intent key.,Return invoking route/stack and scroll; dirty unacknowledged edits open Save/Discard/Stay decision; durable jobs continue.,Read failure retains last loaded content labeled stale with Retry; denied/missing target opens SYS-02; offline navigation uses cached authorized content.,Retry safe reads freely; mutation retries reuse same key after status fetch; never retry uncertain external publication. Cancel form keeps acknowledged revision; cancel job only via server checkpoint.,/analytics/posts/:publicationId,Visible label;44px/pt target; keyboard equivalent; focus2px forest offset2px; describedby error; restore focus on close; VoiceOver selected/position; status polite.,None: local UI/navigation; destination resource read only,No mutation on this gesture,No payload,ANA-02-AT06,Destructive/paid/publication action uses catalog; input/navigation none
ANA-03-I01,ANA-03,compare-select,local,Click/Enter/Space or native tap; drag has Move before/after alternative,Read permission for requested entity; public routes exempt,Open labeled selection surface; Apply validates values and updates query/URL; reset cursor; Cancel preserves original; clear resets to all. Server reads use screen resource listed below.,Selected/focused state; retain content and exact values; no optimistic Saved or Approved,Busy only this entity/action. Reads keep cache; mutations retain form. aria-busy and polite status. Prevent repeated submit with same intent key.,Open labeled selection surface; Apply validates values and updates query/URL; reset cursor; Cancel preserves original; clear resets to all. Server reads use screen resource listed below.,Read failure retains last loaded content labeled stale with Retry; denied/missing target opens SYS-02; offline navigation uses cached authorized content.,Retry safe reads freely; mutation retries reuse same key after status fetch; never retry uncertain external publication. Cancel form keeps acknowledged revision; cancel job only via server checkpoint.,/analytics/compare,Visible label;44px/pt target; keyboard equivalent; focus2px forest offset2px; describedby error; restore focus on close; VoiceOver selected/position; status polite.,None: local UI/navigation; destination resource read only,No mutation on this gesture,No payload,ANA-03-AT01,Destructive/paid/publication action uses catalog; input/navigation none
ANA-03-I02,ANA-03,metric-select,local,Click/Enter/Space or native tap; drag has Move before/after alternative,Read permission for requested entity; public routes exempt,Open labeled selection surface; Apply validates values and updates query/URL; reset cursor; Cancel preserves original; clear resets to all. Server reads use screen resource listed below.,Selected/focused state; retain content and exact values; no optimistic Saved or Approved,Busy only this entity/action. Reads keep cache; mutations retain form. aria-busy and polite status. Prevent repeated submit with same intent key.,Open labeled selection surface; Apply validates values and updates query/URL; reset cursor; Cancel preserves original; clear resets to all. Server reads use screen resource listed below.,Read failure retains last loaded content labeled stale with Retry; denied/missing target opens SYS-02; offline navigation uses cached authorized content.,Retry safe reads freely; mutation retries reuse same key after status fetch; never retry uncertain external publication. Cancel form keeps acknowledged revision; cancel job only via server checkpoint.,/analytics/compare,Visible label;44px/pt target; keyboard equivalent; focus2px forest offset2px; describedby error; restore focus on close; VoiceOver selected/position; status polite.,None: local UI/navigation; destination resource read only,No mutation on this gesture,No payload,ANA-03-AT02,Destructive/paid/publication action uses catalog; input/navigation none
ANA-03-I03,ANA-03,comparison-period,field,Input/change; editor autosave800ms or explicit Save,"Editable form, or public authentication field",Update local form buffer; Calendar date / First7days since publication; age alignment requires sufficient coverage. Commit only on form Save or editor autosave.,Field value retained; public/form inputs do not autosave until submit. Editor fields follow ordered CAS save.,Busy only this entity/action. Reads keep cache; mutations retain form. aria-busy and polite status. Prevent repeated submit with same intent key.,Update local form buffer; Calendar date / First7days since publication; age alignment requires sufficient coverage. Commit only on form Save or editor autosave.,422: attach field errors and retain input;403: read-only permission banner;401: SYS-01 with safe return;409: show current state and retain draft; network: retain buffer and fetch authoritative state before retry.,Retry safe reads freely; mutation retries reuse same key after status fetch; never retry uncertain external publication. Cancel form keeps acknowledged revision; cancel job only via server checkpoint.,/analytics/compare,Visible label;44px/pt target; keyboard equivalent; focus2px forest offset2px; describedby error; restore focus on close; VoiceOver selected/position; status polite.,None on input; owning form Save contract,No mutation on this gesture,Calendar date / First7days since publication; age alignment requires sufficient coverage,ANA-03-AT03,Destructive/paid/publication action uses catalog; input/navigation none
ANA-03-I04,ANA-03,export-report,mutation,Click/Enter/Space or native tap; drag has Move before/after alternative,Authenticated workspace and permitted role,Export job then download; unavailable cells blank with missingReason,Selected/focused state; retain content and exact values; no optimistic Saved or Approved,Busy only this entity/action. Reads keep cache; mutations retain form. aria-busy and polite status. Prevent repeated submit with same intent key.,Export job then download; unavailable cells blank with missingReason,422: attach field errors and retain input;403: read-only permission banner;401: SYS-01 with safe return;409: show current state and retain draft; network: retain buffer and fetch authoritative state before retry.,Retry safe reads freely; mutation retries reuse same key after status fetch; never retry uncertain external publication. Cancel form keeps acknowledged revision; cancel job only via server checkpoint.,Remain on /analytics/compare with acknowledged revision/state; no implicit publication or navigation,Visible label;44px/pt target; keyboard equivalent; focus2px forest offset2px; describedby error; restore focus on close; VoiceOver selected/position; status polite.,POST /v1/analytics/exports,Proposed exact contract; not present in audited repository,"{accountId,range,format,metricIds,postIds,fileType:csv|pdf}",ANA-03-AT04,Destructive/paid/publication action uses catalog; input/navigation none
ANA-03-I05,ANA-03,back,local,Click/Enter/Space or native tap; drag has Move before/after alternative,Read permission for requested entity; public routes exempt,Return invoking route/stack and scroll; dirty unacknowledged edits open Save/Discard/Stay decision; durable jobs continue.,Selected/focused state; retain content and exact values; no optimistic Saved or Approved,Busy only this entity/action. Reads keep cache; mutations retain form. aria-busy and polite status. Prevent repeated submit with same intent key.,Return invoking route/stack and scroll; dirty unacknowledged edits open Save/Discard/Stay decision; durable jobs continue.,Read failure retains last loaded content labeled stale with Retry; denied/missing target opens SYS-02; offline navigation uses cached authorized content.,Retry safe reads freely; mutation retries reuse same key after status fetch; never retry uncertain external publication. Cancel form keeps acknowledged revision; cancel job only via server checkpoint.,/analytics/compare,Visible label;44px/pt target; keyboard equivalent; focus2px forest offset2px; describedby error; restore focus on close; VoiceOver selected/position; status polite.,None: local UI/navigation; destination resource read only,No mutation on this gesture,No payload,ANA-03-AT05,Destructive/paid/publication action uses catalog; input/navigation none
SET-01-I01,SET-01,settings-destination,local,Click/Enter/Space or native tap; drag has Move before/after alternative,Read permission for requested entity; public routes exempt,Open labeled SET-02 through SET-11 destination; preserve Settings navigation stack.,Selected/focused state; retain content and exact values; no optimistic Saved or Approved,Busy only this entity/action. Reads keep cache; mutations retain form. aria-busy and polite status. Prevent repeated submit with same intent key.,Open labeled SET-02 through SET-11 destination; preserve Settings navigation stack.,Read failure retains last loaded content labeled stale with Retry; denied/missing target opens SYS-02; offline navigation uses cached authorized content.,Retry safe reads freely; mutation retries reuse same key after status fetch; never retry uncertain external publication. Cancel form keeps acknowledged revision; cancel job only via server checkpoint.,/settings,Visible label;44px/pt target; keyboard equivalent; focus2px forest offset2px; describedby error; restore focus on close; VoiceOver selected/position; status polite.,None: local UI/navigation; destination resource read only,No mutation on this gesture,No payload,SET-01-AT01,Destructive/paid/publication action uses catalog; input/navigation none
SET-02-I01,SET-02,profile-name,field,Input/change; editor autosave800ms or explicit Save,"Editable form, or public authentication field",Update local form buffer; 1–80characters; trimmed. Commit only on form Save or editor autosave.,Field value retained; public/form inputs do not autosave until submit. Editor fields follow ordered CAS save.,Busy only this entity/action. Reads keep cache; mutations retain form. aria-busy and polite status. Prevent repeated submit with same intent key.,Update local form buffer; 1–80characters; trimmed. Commit only on form Save or editor autosave.,422: attach field errors and retain input;403: read-only permission banner;401: SYS-01 with safe return;409: show current state and retain draft; network: retain buffer and fetch authoritative state before retry.,Retry safe reads freely; mutation retries reuse same key after status fetch; never retry uncertain external publication. Cancel form keeps acknowledged revision; cancel job only via server checkpoint.,/settings/profile,Visible label;44px/pt target; keyboard equivalent; focus2px forest offset2px; describedby error; restore focus on close; VoiceOver selected/position; status polite.,None on input; owning form Save contract,No mutation on this gesture,1–80characters; trimmed,SET-02-AT01,Destructive/paid/publication action uses catalog; input/navigation none
SET-02-I02,SET-02,avatar,field,Input/change; editor autosave800ms or explicit Save,"Editable form, or public authentication field",Update local form buffer; JPEG/PNG<=5MiB; square crop; EXIF removed. Commit only on form Save or editor autosave.,Field value retained; public/form inputs do not autosave until submit. Editor fields follow ordered CAS save.,Busy only this entity/action. Reads keep cache; mutations retain form. aria-busy and polite status. Prevent repeated submit with same intent key.,Update local form buffer; JPEG/PNG<=5MiB; square crop; EXIF removed. Commit only on form Save or editor autosave.,422: attach field errors and retain input;403: read-only permission banner;401: SYS-01 with safe return;409: show current state and retain draft; network: retain buffer and fetch authoritative state before retry.,Retry safe reads freely; mutation retries reuse same key after status fetch; never retry uncertain external publication. Cancel form keeps acknowledged revision; cancel job only via server checkpoint.,/settings/profile,Visible label;44px/pt target; keyboard equivalent; focus2px forest offset2px; describedby error; restore focus on close; VoiceOver selected/position; status polite.,None on input; owning form Save contract,No mutation on this gesture,JPEG/PNG<=5MiB; square crop; EXIF removed,SET-02-AT02,Destructive/paid/publication action uses catalog; input/navigation none
SET-02-I03,SET-02,language,field,Input/change; editor autosave800ms or explicit Save,"Editable form, or public authentication field",Update local form buffer; English initial release; other choices disabled with explanation. Commit only on form Save or editor autosave.,Field value retained; public/form inputs do not autosave until submit. Editor fields follow ordered CAS save.,Busy only this entity/action. Reads keep cache; mutations retain form. aria-busy and polite status. Prevent repeated submit with same intent key.,Update local form buffer; English initial release; other choices disabled with explanation. Commit only on form Save or editor autosave.,422: attach field errors and retain input;403: read-only permission banner;401: SYS-01 with safe return;409: show current state and retain draft; network: retain buffer and fetch authoritative state before retry.,Retry safe reads freely; mutation retries reuse same key after status fetch; never retry uncertain external publication. Cancel form keeps acknowledged revision; cancel job only via server checkpoint.,/settings/profile,Visible label;44px/pt target; keyboard equivalent; focus2px forest offset2px; describedby error; restore focus on close; VoiceOver selected/position; status polite.,None on input; owning form Save contract,No mutation on this gesture,English initial release; other choices disabled with explanation,SET-02-AT03,Destructive/paid/publication action uses catalog; input/navigation none
SET-02-I04,SET-02,timezone,field,Input/change; editor autosave800ms or explicit Save,"Editable form, or public authentication field",Update local form buffer; searchable IANA zone; do not reinterpret existing reservations. Commit only on form Save or editor autosave.,Field value retained; public/form inputs do not autosave until submit. Editor fields follow ordered CAS save.,Busy only this entity/action. Reads keep cache; mutations retain form. aria-busy and polite status. Prevent repeated submit with same intent key.,Update local form buffer; searchable IANA zone; do not reinterpret existing reservations. Commit only on form Save or editor autosave.,422: attach field errors and retain input;403: read-only permission banner;401: SYS-01 with safe return;409: show current state and retain draft; network: retain buffer and fetch authoritative state before retry.,Retry safe reads freely; mutation retries reuse same key after status fetch; never retry uncertain external publication. Cancel form keeps acknowledged revision; cancel job only via server checkpoint.,/settings/profile,Visible label;44px/pt target; keyboard equivalent; focus2px forest offset2px; describedby error; restore focus on close; VoiceOver selected/position; status polite.,None on input; owning form Save contract,No mutation on this gesture,searchable IANA zone; do not reinterpret existing reservations,SET-02-AT04,Destructive/paid/publication action uses catalog; input/navigation none
SET-02-I05,SET-02,save-settings,local,Click/Enter/Space or native tap; drag has Move before/after alternative,Read permission for requested entity; public routes exempt,"PATCH /v1/me for profile; PATCH /v1/workspaces/{workspaceId}/settings for research; PATCH /v1/notification-preferences for notifications; PATCH /v1/workspaces/{workspaceId} for name. Explicit form submit, no hidden cross-section writes.",Selected/focused state; retain content and exact values; no optimistic Saved or Approved,Busy only this entity/action. Reads keep cache; mutations retain form. aria-busy and polite status. Prevent repeated submit with same intent key.,"PATCH /v1/me for profile; PATCH /v1/workspaces/{workspaceId}/settings for research; PATCH /v1/notification-preferences for notifications; PATCH /v1/workspaces/{workspaceId} for name. Explicit form submit, no hidden cross-section writes.",Read failure retains last loaded content labeled stale with Retry; denied/missing target opens SYS-02; offline navigation uses cached authorized content.,Retry safe reads freely; mutation retries reuse same key after status fetch; never retry uncertain external publication. Cancel form keeps acknowledged revision; cancel job only via server checkpoint.,/settings/profile,Visible label;44px/pt target; keyboard equivalent; focus2px forest offset2px; describedby error; restore focus on close; VoiceOver selected/position; status polite.,None: local UI/navigation; destination resource read only,No mutation on this gesture,No payload,SET-02-AT05,Destructive/paid/publication action uses catalog; input/navigation none
SET-03-I01,SET-03,research-toggle,field,Input/change; editor autosave800ms or explicit Save,"Editable form, or public authentication field","Update local form buffer; off default; saving activates next run, not immediate run. Commit only on form Save or editor autosave.",Field value retained; public/form inputs do not autosave until submit. Editor fields follow ordered CAS save.,Busy only this entity/action. Reads keep cache; mutations retain form. aria-busy and polite status. Prevent repeated submit with same intent key.,"Update local form buffer; off default; saving activates next run, not immediate run. Commit only on form Save or editor autosave.",422: attach field errors and retain input;403: read-only permission banner;401: SYS-01 with safe return;409: show current state and retain draft; network: retain buffer and fetch authoritative state before retry.,Retry safe reads freely; mutation retries reuse same key after status fetch; never retry uncertain external publication. Cancel form keeps acknowledged revision; cancel job only via server checkpoint.,/settings/research,Visible label;44px/pt target; keyboard equivalent; focus2px forest offset2px; describedby error; restore focus on close; VoiceOver selected/position; status polite.,None on input; owning form Save contract,No mutation on this gesture,"off default; saving activates next run, not immediate run",SET-03-AT01,Destructive/paid/publication action uses catalog; input/navigation none
SET-03-I02,SET-03,research-time,field,Input/change; editor autosave800ms or explicit Save,"Editable form, or public authentication field",Update local form buffer; HH:mm local; default08:00. Commit only on form Save or editor autosave.,Field value retained; public/form inputs do not autosave until submit. Editor fields follow ordered CAS save.,Busy only this entity/action. Reads keep cache; mutations retain form. aria-busy and polite status. Prevent repeated submit with same intent key.,Update local form buffer; HH:mm local; default08:00. Commit only on form Save or editor autosave.,422: attach field errors and retain input;403: read-only permission banner;401: SYS-01 with safe return;409: show current state and retain draft; network: retain buffer and fetch authoritative state before retry.,Retry safe reads freely; mutation retries reuse same key after status fetch; never retry uncertain external publication. Cancel form keeps acknowledged revision; cancel job only via server checkpoint.,/settings/research,Visible label;44px/pt target; keyboard equivalent; focus2px forest offset2px; describedby error; restore focus on close; VoiceOver selected/position; status polite.,None on input; owning form Save contract,No mutation on this gesture,HH:mm local; default08:00,SET-03-AT02,Destructive/paid/publication action uses catalog; input/navigation none
SET-03-I03,SET-03,timezone,field,Input/change; editor autosave800ms or explicit Save,"Editable form, or public authentication field",Update local form buffer; searchable IANA zone; do not reinterpret existing reservations. Commit only on form Save or editor autosave.,Field value retained; public/form inputs do not autosave until submit. Editor fields follow ordered CAS save.,Busy only this entity/action. Reads keep cache; mutations retain form. aria-busy and polite status. Prevent repeated submit with same intent key.,Update local form buffer; searchable IANA zone; do not reinterpret existing reservations. Commit only on form Save or editor autosave.,422: attach field errors and retain input;403: read-only permission banner;401: SYS-01 with safe return;409: show current state and retain draft; network: retain buffer and fetch authoritative state before retry.,Retry safe reads freely; mutation retries reuse same key after status fetch; never retry uncertain external publication. Cancel form keeps acknowledged revision; cancel job only via server checkpoint.,/settings/research,Visible label;44px/pt target; keyboard equivalent; focus2px forest offset2px; describedby error; restore focus on close; VoiceOver selected/position; status polite.,None on input; owning form Save contract,No mutation on this gesture,searchable IANA zone; do not reinterpret existing reservations,SET-03-AT03,Destructive/paid/publication action uses catalog; input/navigation none
SET-03-I04,SET-03,category-mix,field,Input/change; editor autosave800ms or explicit Save,"Editable form, or public authentication field",Update local form buffer; one or more supported categories. Commit only on form Save or editor autosave.,Field value retained; public/form inputs do not autosave until submit. Editor fields follow ordered CAS save.,Busy only this entity/action. Reads keep cache; mutations retain form. aria-busy and polite status. Prevent repeated submit with same intent key.,Update local form buffer; one or more supported categories. Commit only on form Save or editor autosave.,422: attach field errors and retain input;403: read-only permission banner;401: SYS-01 with safe return;409: show current state and retain draft; network: retain buffer and fetch authoritative state before retry.,Retry safe reads freely; mutation retries reuse same key after status fetch; never retry uncertain external publication. Cancel form keeps acknowledged revision; cancel job only via server checkpoint.,/settings/research,Visible label;44px/pt target; keyboard equivalent; focus2px forest offset2px; describedby error; restore focus on close; VoiceOver selected/position; status polite.,None on input; owning form Save contract,No mutation on this gesture,one or more supported categories,SET-03-AT04,Destructive/paid/publication action uses catalog; input/navigation none
SET-03-I05,SET-03,auto-draft,field,Input/change; editor autosave800ms or explicit Save,"Editable form, or public authentication field",Update local form buffer; off default; enables paid draft generation only with explicit saved configuration; never publish. Commit only on form Save or editor autosave.,Field value retained; public/form inputs do not autosave until submit. Editor fields follow ordered CAS save.,Busy only this entity/action. Reads keep cache; mutations retain form. aria-busy and polite status. Prevent repeated submit with same intent key.,Update local form buffer; off default; enables paid draft generation only with explicit saved configuration; never publish. Commit only on form Save or editor autosave.,422: attach field errors and retain input;403: read-only permission banner;401: SYS-01 with safe return;409: show current state and retain draft; network: retain buffer and fetch authoritative state before retry.,Retry safe reads freely; mutation retries reuse same key after status fetch; never retry uncertain external publication. Cancel form keeps acknowledged revision; cancel job only via server checkpoint.,/settings/research,Visible label;44px/pt target; keyboard equivalent; focus2px forest offset2px; describedby error; restore focus on close; VoiceOver selected/position; status polite.,None on input; owning form Save contract,No mutation on this gesture,off default; enables paid draft generation only with explicit saved configuration; never publish,SET-03-AT05,Destructive/paid/publication action uses catalog; input/navigation none
SET-03-I06,SET-03,save-settings,local,Click/Enter/Space or native tap; drag has Move before/after alternative,Read permission for requested entity; public routes exempt,"PATCH /v1/me for profile; PATCH /v1/workspaces/{workspaceId}/settings for research; PATCH /v1/notification-preferences for notifications; PATCH /v1/workspaces/{workspaceId} for name. Explicit form submit, no hidden cross-section writes.",Selected/focused state; retain content and exact values; no optimistic Saved or Approved,Busy only this entity/action. Reads keep cache; mutations retain form. aria-busy and polite status. Prevent repeated submit with same intent key.,"PATCH /v1/me for profile; PATCH /v1/workspaces/{workspaceId}/settings for research; PATCH /v1/notification-preferences for notifications; PATCH /v1/workspaces/{workspaceId} for name. Explicit form submit, no hidden cross-section writes.",Read failure retains last loaded content labeled stale with Retry; denied/missing target opens SYS-02; offline navigation uses cached authorized content.,Retry safe reads freely; mutation retries reuse same key after status fetch; never retry uncertain external publication. Cancel form keeps acknowledged revision; cancel job only via server checkpoint.,/settings/research,Visible label;44px/pt target; keyboard equivalent; focus2px forest offset2px; describedby error; restore focus on close; VoiceOver selected/position; status polite.,None: local UI/navigation; destination resource read only,No mutation on this gesture,No payload,SET-03-AT06,Destructive/paid/publication action uses catalog; input/navigation none
SET-03-I07,SET-03,run-research,mutation,Click/Enter/Space or native tap; drag has Move before/after alternative,No active research key; online,Enqueue fixed rolling24hourdeveloper-focused research; retain current findings; returned runId/jobId links Activity; active intent deduplicates,Selected/focused state; retain content and exact values; no optimistic Saved or Approved,Busy only this entity/action. Reads keep cache; mutations retain form. aria-busy and polite status. Prevent repeated submit with same intent key.,202 accepted window and job; partial findings may open during run,422: attach field errors and retain input;403: read-only permission banner;401: SYS-01 with safe return;409: show current state and retain draft; network: retain buffer and fetch authoritative state before retry.,Retry safe reads freely; mutation retries reuse same key after status fetch; never retry uncertain external publication. Cancel form keeps acknowledged revision; cancel job only via server checkpoint.,ACT-02 job detail; DISC-01?run=:runId for findings,Visible label;44px/pt target; keyboard equivalent; focus2px forest offset2px; describedby error; restore focus on close; VoiceOver selected/position; status polite.,POST /v1/research/runs,Proposed last24hourresearch contract; existing refresh alone insufficient,"{window:last_24_hours,categoryIds,rankingPolicyRevision,sourceCatalogRevision}",SET-03-AT07,Destructive/paid/publication action uses catalog; input/navigation none
SET-04-I01,SET-04,provider-open,navigation,Click/Enter/Space or native tap; drag has Move before/after alternative,Read permission for requested entity; public routes exempt,"Open SET-05 for selected authorized entity; preserve originating route, tab stack and scroll.",Selected/focused state; retain content and exact values; no optimistic Saved or Approved,Busy only this entity/action. Reads keep cache; mutations retain form. aria-busy and polite status. Prevent repeated submit with same intent key.,"Open SET-05 for selected authorized entity; preserve originating route, tab stack and scroll.",Read failure retains last loaded content labeled stale with Retry; denied/missing target opens SYS-02; offline navigation uses cached authorized content.,Retry safe reads freely; mutation retries reuse same key after status fetch; never retry uncertain external publication. Cancel form keeps acknowledged revision; cancel job only via server checkpoint.,SET-05,Visible label;44px/pt target; keyboard equivalent; focus2px forest offset2px; describedby error; restore focus on close; VoiceOver selected/position; status polite.,None: local UI/navigation; destination resource read only,No mutation on this gesture,No payload,SET-04-AT01,Destructive/paid/publication action uses catalog; input/navigation none
SET-04-I02,SET-04,connect-provider,navigation,Click/Enter/Space or native tap; drag has Move before/after alternative,Read permission for requested entity; public routes exempt,"Open SET-05 for selected authorized entity; preserve originating route, tab stack and scroll.",Selected/focused state; retain content and exact values; no optimistic Saved or Approved,Busy only this entity/action. Reads keep cache; mutations retain form. aria-busy and polite status. Prevent repeated submit with same intent key.,"Open SET-05 for selected authorized entity; preserve originating route, tab stack and scroll.",Read failure retains last loaded content labeled stale with Retry; denied/missing target opens SYS-02; offline navigation uses cached authorized content.,Retry safe reads freely; mutation retries reuse same key after status fetch; never retry uncertain external publication. Cancel form keeps acknowledged revision; cancel job only via server checkpoint.,SET-05,Visible label;44px/pt target; keyboard equivalent; focus2px forest offset2px; describedby error; restore focus on close; VoiceOver selected/position; status polite.,None: local UI/navigation; destination resource read only,No mutation on this gesture,No payload,SET-04-AT02,Destructive/paid/publication action uses catalog; input/navigation none
SET-04-I03,SET-04,test-provider,mutation,Click/Enter/Space or native tap; drag has Move before/after alternative,Owner; network; unpaid capability test default; sample spend separate confirmation,Display auth/capability result; retain saved connection on failure,Selected/focused state; retain content and exact values; no optimistic Saved or Approved,Busy only this entity/action. Reads keep cache; mutations retain form. aria-busy and polite status. Prevent repeated submit with same intent key.,Display auth/capability result; retain saved connection on failure,422: attach field errors and retain input;403: read-only permission banner;401: SYS-01 with safe return;409: show current state and retain draft; network: retain buffer and fetch authoritative state before retry.,Retry safe reads freely; mutation retries reuse same key after status fetch; never retry uncertain external publication. Cancel form keeps acknowledged revision; cancel job only via server checkpoint.,Remain on /settings/providers with acknowledged revision/state; no implicit publication or navigation,Visible label;44px/pt target; keyboard equivalent; focus2px forest offset2px; describedby error; restore focus on close; VoiceOver selected/position; status polite.,POST /v1/providers/{providerId}/test,Proposed exact contract; not present in audited repository,"{candidateCredential?,modelIds}",SET-04-AT03,Destructive/paid/publication action uses catalog; input/navigation none
SET-04-I04,SET-04,disconnect-provider,mutation,Click/Enter/Space or native tap; drag has Move before/after alternative,Owner; affected jobs list reviewed,"Connection removed, queued generation paused; assets retained",Selected/focused state; retain content and exact values; no optimistic Saved or Approved,Busy only this entity/action. Reads keep cache; mutations retain form. aria-busy and polite status. Prevent repeated submit with same intent key.,"Connection removed, queued generation paused; assets retained",422: attach field errors and retain input;403: read-only permission banner;401: SYS-01 with safe return;409: show current state and retain draft; network: retain buffer and fetch authoritative state before retry.,Retry safe reads freely; mutation retries reuse same key after status fetch; never retry uncertain external publication. Cancel form keeps acknowledged revision; cancel job only via server checkpoint.,Remain on /settings/providers with acknowledged revision/state; no implicit publication or navigation,Visible label;44px/pt target; keyboard equivalent; focus2px forest offset2px; describedby error; restore focus on close; VoiceOver selected/position; status polite.,DELETE /v1/providers/{providerId}/connection,Proposed exact contract; not present in audited repository,"{expectedRevision,confirmed:true}",SET-04-AT04,Destructive/paid/publication action uses catalog; input/navigation none
SET-05-I01,SET-05,provider-key,field,Input/change; editor autosave800ms or explicit Save,"Editable form, or public authentication field",Update local form buffer; write-only secure entry; never shown after save. Commit only on form Save or editor autosave.,Field value retained; public/form inputs do not autosave until submit. Editor fields follow ordered CAS save.,Busy only this entity/action. Reads keep cache; mutations retain form. aria-busy and polite status. Prevent repeated submit with same intent key.,Update local form buffer; write-only secure entry; never shown after save. Commit only on form Save or editor autosave.,422: attach field errors and retain input;403: read-only permission banner;401: SYS-01 with safe return;409: show current state and retain draft; network: retain buffer and fetch authoritative state before retry.,Retry safe reads freely; mutation retries reuse same key after status fetch; never retry uncertain external publication. Cancel form keeps acknowledged revision; cancel job only via server checkpoint.,/settings/providers/:providerId,Visible label;44px/pt target; keyboard equivalent; focus2px forest offset2px; describedby error; restore focus on close; VoiceOver selected/position; status polite.,None on input; owning form Save contract,No mutation on this gesture,write-only secure entry; never shown after save,SET-05-AT01,Destructive/paid/publication action uses catalog; input/navigation none
SET-05-I02,SET-05,provider-model,field,Input/change; editor autosave800ms or explicit Save,"Editable form, or public authentication field",Update local form buffer; capability-supported ID only. Commit only on form Save or editor autosave.,Field value retained; public/form inputs do not autosave until submit. Editor fields follow ordered CAS save.,Busy only this entity/action. Reads keep cache; mutations retain form. aria-busy and polite status. Prevent repeated submit with same intent key.,Update local form buffer; capability-supported ID only. Commit only on form Save or editor autosave.,422: attach field errors and retain input;403: read-only permission banner;401: SYS-01 with safe return;409: show current state and retain draft; network: retain buffer and fetch authoritative state before retry.,Retry safe reads freely; mutation retries reuse same key after status fetch; never retry uncertain external publication. Cancel form keeps acknowledged revision; cancel job only via server checkpoint.,/settings/providers/:providerId,Visible label;44px/pt target; keyboard equivalent; focus2px forest offset2px; describedby error; restore focus on close; VoiceOver selected/position; status polite.,None on input; owning form Save contract,No mutation on this gesture,capability-supported ID only,SET-05-AT02,Destructive/paid/publication action uses catalog; input/navigation none
SET-05-I03,SET-05,test-provider,mutation,Click/Enter/Space or native tap; drag has Move before/after alternative,Owner; network; unpaid capability test default; sample spend separate confirmation,Display auth/capability result; retain saved connection on failure,Selected/focused state; retain content and exact values; no optimistic Saved or Approved,Busy only this entity/action. Reads keep cache; mutations retain form. aria-busy and polite status. Prevent repeated submit with same intent key.,Display auth/capability result; retain saved connection on failure,422: attach field errors and retain input;403: read-only permission banner;401: SYS-01 with safe return;409: show current state and retain draft; network: retain buffer and fetch authoritative state before retry.,Retry safe reads freely; mutation retries reuse same key after status fetch; never retry uncertain external publication. Cancel form keeps acknowledged revision; cancel job only via server checkpoint.,Remain on /settings/providers/:providerId with acknowledged revision/state; no implicit publication or navigation,Visible label;44px/pt target; keyboard equivalent; focus2px forest offset2px; describedby error; restore focus on close; VoiceOver selected/position; status polite.,POST /v1/providers/{providerId}/test,Proposed exact contract; not present in audited repository,"{candidateCredential?,modelIds}",SET-05-AT03,Destructive/paid/publication action uses catalog; input/navigation none
SET-05-I04,SET-05,save-provider,mutation,Click/Enter/Space or native tap; drag has Move before/after alternative,Owner; successful current test,Encrypted credential saved; clear local key; mask suffix only,Selected/focused state; retain content and exact values; no optimistic Saved or Approved,Busy only this entity/action. Reads keep cache; mutations retain form. aria-busy and polite status. Prevent repeated submit with same intent key.,Encrypted credential saved; clear local key; mask suffix only,422: attach field errors and retain input;403: read-only permission banner;401: SYS-01 with safe return;409: show current state and retain draft; network: retain buffer and fetch authoritative state before retry.,Retry safe reads freely; mutation retries reuse same key after status fetch; never retry uncertain external publication. Cancel form keeps acknowledged revision; cancel job only via server checkpoint.,Remain on /settings/providers/:providerId with acknowledged revision/state; no implicit publication or navigation,Visible label;44px/pt target; keyboard equivalent; focus2px forest offset2px; describedby error; restore focus on close; VoiceOver selected/position; status polite.,PUT /v1/providers/{providerId}/credentials,Proposed exact contract; not present in audited repository,"{candidateCredential,modelIds,expectedRevision}",SET-05-AT04,Destructive/paid/publication action uses catalog; input/navigation none
SET-05-I05,SET-05,disconnect-provider,mutation,Click/Enter/Space or native tap; drag has Move before/after alternative,Owner; affected jobs list reviewed,"Connection removed, queued generation paused; assets retained",Selected/focused state; retain content and exact values; no optimistic Saved or Approved,Busy only this entity/action. Reads keep cache; mutations retain form. aria-busy and polite status. Prevent repeated submit with same intent key.,"Connection removed, queued generation paused; assets retained",422: attach field errors and retain input;403: read-only permission banner;401: SYS-01 with safe return;409: show current state and retain draft; network: retain buffer and fetch authoritative state before retry.,Retry safe reads freely; mutation retries reuse same key after status fetch; never retry uncertain external publication. Cancel form keeps acknowledged revision; cancel job only via server checkpoint.,Remain on /settings/providers/:providerId with acknowledged revision/state; no implicit publication or navigation,Visible label;44px/pt target; keyboard equivalent; focus2px forest offset2px; describedby error; restore focus on close; VoiceOver selected/position; status polite.,DELETE /v1/providers/{providerId}/connection,Proposed exact contract; not present in audited repository,"{expectedRevision,confirmed:true}",SET-05-AT05,Destructive/paid/publication action uses catalog; input/navigation none
SET-05-I06,SET-05,back,local,Click/Enter/Space or native tap; drag has Move before/after alternative,Read permission for requested entity; public routes exempt,Return invoking route/stack and scroll; dirty unacknowledged edits open Save/Discard/Stay decision; durable jobs continue.,Selected/focused state; retain content and exact values; no optimistic Saved or Approved,Busy only this entity/action. Reads keep cache; mutations retain form. aria-busy and polite status. Prevent repeated submit with same intent key.,Return invoking route/stack and scroll; dirty unacknowledged edits open Save/Discard/Stay decision; durable jobs continue.,Read failure retains last loaded content labeled stale with Retry; denied/missing target opens SYS-02; offline navigation uses cached authorized content.,Retry safe reads freely; mutation retries reuse same key after status fetch; never retry uncertain external publication. Cancel form keeps acknowledged revision; cancel job only via server checkpoint.,/settings/providers/:providerId,Visible label;44px/pt target; keyboard equivalent; focus2px forest offset2px; describedby error; restore focus on close; VoiceOver selected/position; status polite.,None: local UI/navigation; destination resource read only,No mutation on this gesture,No payload,SET-05-AT06,Destructive/paid/publication action uses catalog; input/navigation none
SET-06-I01,SET-06,connect-instagram,mutation,Click/Enter/Space or native tap; drag has Move before/after alternative,Owner; online; never enter Instagram password in DevAI,System OAuth; validate callback nonce; eligible account picker; SET-06,Selected/focused state; retain content and exact values; no optimistic Saved or Approved,Busy only this entity/action. Reads keep cache; mutations retain form. aria-busy and polite status. Prevent repeated submit with same intent key.,System OAuth; validate callback nonce; eligible account picker; SET-06,422: attach field errors and retain input;403: read-only permission banner;401: SYS-01 with safe return;409: show current state and retain draft; network: retain buffer and fetch authoritative state before retry.,Retry safe reads freely; mutation retries reuse same key after status fetch; never retry uncertain external publication. Cancel form keeps acknowledged revision; cancel job only via server checkpoint.,Remain on /settings/instagram with acknowledged revision/state; no implicit publication or navigation,Visible label;44px/pt target; keyboard equivalent; focus2px forest offset2px; describedby error; restore focus on close; VoiceOver selected/position; status polite.,POST /v1/instagram/oauth/start,Proposed exact contract; not present in audited repository,{returnTo},SET-06-AT01,Destructive/paid/publication action uses catalog; input/navigation none
SET-06-I02,SET-06,account-open,navigation,Click/Enter/Space or native tap; drag has Move before/after alternative,Read permission for requested entity; public routes exempt,"Open SET-07 for selected authorized entity; preserve originating route, tab stack and scroll.",Selected/focused state; retain content and exact values; no optimistic Saved or Approved,Busy only this entity/action. Reads keep cache; mutations retain form. aria-busy and polite status. Prevent repeated submit with same intent key.,"Open SET-07 for selected authorized entity; preserve originating route, tab stack and scroll.",Read failure retains last loaded content labeled stale with Retry; denied/missing target opens SYS-02; offline navigation uses cached authorized content.,Retry safe reads freely; mutation retries reuse same key after status fetch; never retry uncertain external publication. Cancel form keeps acknowledged revision; cancel job only via server checkpoint.,SET-07,Visible label;44px/pt target; keyboard equivalent; focus2px forest offset2px; describedby error; restore focus on close; VoiceOver selected/position; status polite.,None: local UI/navigation; destination resource read only,No mutation on this gesture,No payload,SET-06-AT02,Destructive/paid/publication action uses catalog; input/navigation none
SET-06-I03,SET-06,test-instagram,mutation,Click/Enter/Space or native tap; drag has Move before/after alternative,Authenticated workspace and permitted role,Permissions/media/account capability status; no test post,Selected/focused state; retain content and exact values; no optimistic Saved or Approved,Busy only this entity/action. Reads keep cache; mutations retain form. aria-busy and polite status. Prevent repeated submit with same intent key.,Permissions/media/account capability status; no test post,422: attach field errors and retain input;403: read-only permission banner;401: SYS-01 with safe return;409: show current state and retain draft; network: retain buffer and fetch authoritative state before retry.,Retry safe reads freely; mutation retries reuse same key after status fetch; never retry uncertain external publication. Cancel form keeps acknowledged revision; cancel job only via server checkpoint.,Remain on /settings/instagram with acknowledged revision/state; no implicit publication or navigation,Visible label;44px/pt target; keyboard equivalent; focus2px forest offset2px; describedby error; restore focus on close; VoiceOver selected/position; status polite.,POST /v1/instagram/{accountId}/test,Proposed exact contract; not present in audited repository,{},SET-06-AT03,Destructive/paid/publication action uses catalog; input/navigation none
SET-06-I04,SET-06,reconnect-instagram,mutation,Click/Enter/Space or native tap; drag has Move before/after alternative,Authenticated workspace and permitted role,OAuth retest; blocked schedules remain paused pending explicit resume,Selected/focused state; retain content and exact values; no optimistic Saved or Approved,Busy only this entity/action. Reads keep cache; mutations retain form. aria-busy and polite status. Prevent repeated submit with same intent key.,OAuth retest; blocked schedules remain paused pending explicit resume,422: attach field errors and retain input;403: read-only permission banner;401: SYS-01 with safe return;409: show current state and retain draft; network: retain buffer and fetch authoritative state before retry.,Retry safe reads freely; mutation retries reuse same key after status fetch; never retry uncertain external publication. Cancel form keeps acknowledged revision; cancel job only via server checkpoint.,Remain on /settings/instagram with acknowledged revision/state; no implicit publication or navigation,Visible label;44px/pt target; keyboard equivalent; focus2px forest offset2px; describedby error; restore focus on close; VoiceOver selected/position; status polite.,POST /v1/instagram/{accountId}/reconnect,Proposed exact contract; not present in audited repository,{returnTo},SET-06-AT04,Destructive/paid/publication action uses catalog; input/navigation none
SET-06-I05,SET-06,disconnect-instagram,mutation,Click/Enter/Space or native tap; drag has Move before/after alternative,Authenticated workspace and permitted role,Remove token; future reservations blocked; unknown attempts remain visible,Selected/focused state; retain content and exact values; no optimistic Saved or Approved,Busy only this entity/action. Reads keep cache; mutations retain form. aria-busy and polite status. Prevent repeated submit with same intent key.,Remove token; future reservations blocked; unknown attempts remain visible,422: attach field errors and retain input;403: read-only permission banner;401: SYS-01 with safe return;409: show current state and retain draft; network: retain buffer and fetch authoritative state before retry.,Retry safe reads freely; mutation retries reuse same key after status fetch; never retry uncertain external publication. Cancel form keeps acknowledged revision; cancel job only via server checkpoint.,Remain on /settings/instagram with acknowledged revision/state; no implicit publication or navigation,Visible label;44px/pt target; keyboard equivalent; focus2px forest offset2px; describedby error; restore focus on close; VoiceOver selected/position; status polite.,DELETE /v1/instagram/{accountId},Proposed exact contract; not present in audited repository,"{expectedRevision,confirmed:true}",SET-06-AT05,Destructive/paid/publication action uses catalog; input/navigation none
SET-07-I01,SET-07,test-instagram,mutation,Click/Enter/Space or native tap; drag has Move before/after alternative,Authenticated workspace and permitted role,Permissions/media/account capability status; no test post,Selected/focused state; retain content and exact values; no optimistic Saved or Approved,Busy only this entity/action. Reads keep cache; mutations retain form. aria-busy and polite status. Prevent repeated submit with same intent key.,Permissions/media/account capability status; no test post,422: attach field errors and retain input;403: read-only permission banner;401: SYS-01 with safe return;409: show current state and retain draft; network: retain buffer and fetch authoritative state before retry.,Retry safe reads freely; mutation retries reuse same key after status fetch; never retry uncertain external publication. Cancel form keeps acknowledged revision; cancel job only via server checkpoint.,Remain on /settings/instagram/:accountId with acknowledged revision/state; no implicit publication or navigation,Visible label;44px/pt target; keyboard equivalent; focus2px forest offset2px; describedby error; restore focus on close; VoiceOver selected/position; status polite.,POST /v1/instagram/{accountId}/test,Proposed exact contract; not present in audited repository,{},SET-07-AT01,Destructive/paid/publication action uses catalog; input/navigation none
SET-07-I02,SET-07,reconnect-instagram,mutation,Click/Enter/Space or native tap; drag has Move before/after alternative,Authenticated workspace and permitted role,OAuth retest; blocked schedules remain paused pending explicit resume,Selected/focused state; retain content and exact values; no optimistic Saved or Approved,Busy only this entity/action. Reads keep cache; mutations retain form. aria-busy and polite status. Prevent repeated submit with same intent key.,OAuth retest; blocked schedules remain paused pending explicit resume,422: attach field errors and retain input;403: read-only permission banner;401: SYS-01 with safe return;409: show current state and retain draft; network: retain buffer and fetch authoritative state before retry.,Retry safe reads freely; mutation retries reuse same key after status fetch; never retry uncertain external publication. Cancel form keeps acknowledged revision; cancel job only via server checkpoint.,Remain on /settings/instagram/:accountId with acknowledged revision/state; no implicit publication or navigation,Visible label;44px/pt target; keyboard equivalent; focus2px forest offset2px; describedby error; restore focus on close; VoiceOver selected/position; status polite.,POST /v1/instagram/{accountId}/reconnect,Proposed exact contract; not present in audited repository,{returnTo},SET-07-AT02,Destructive/paid/publication action uses catalog; input/navigation none
SET-07-I03,SET-07,disconnect-instagram,mutation,Click/Enter/Space or native tap; drag has Move before/after alternative,Authenticated workspace and permitted role,Remove token; future reservations blocked; unknown attempts remain visible,Selected/focused state; retain content and exact values; no optimistic Saved or Approved,Busy only this entity/action. Reads keep cache; mutations retain form. aria-busy and polite status. Prevent repeated submit with same intent key.,Remove token; future reservations blocked; unknown attempts remain visible,422: attach field errors and retain input;403: read-only permission banner;401: SYS-01 with safe return;409: show current state and retain draft; network: retain buffer and fetch authoritative state before retry.,Retry safe reads freely; mutation retries reuse same key after status fetch; never retry uncertain external publication. Cancel form keeps acknowledged revision; cancel job only via server checkpoint.,Remain on /settings/instagram/:accountId with acknowledged revision/state; no implicit publication or navigation,Visible label;44px/pt target; keyboard equivalent; focus2px forest offset2px; describedby error; restore focus on close; VoiceOver selected/position; status polite.,DELETE /v1/instagram/{accountId},Proposed exact contract; not present in audited repository,"{expectedRevision,confirmed:true}",SET-07-AT03,Destructive/paid/publication action uses catalog; input/navigation none
SET-07-I04,SET-07,blocked-schedules,navigation,Click/Enter/Space or native tap; drag has Move before/after alternative,Read permission for requested entity; public routes exempt,"Open CAL-01 for selected authorized entity; preserve originating route, tab stack and scroll.",Selected/focused state; retain content and exact values; no optimistic Saved or Approved,Busy only this entity/action. Reads keep cache; mutations retain form. aria-busy and polite status. Prevent repeated submit with same intent key.,"Open CAL-01 for selected authorized entity; preserve originating route, tab stack and scroll.",Read failure retains last loaded content labeled stale with Retry; denied/missing target opens SYS-02; offline navigation uses cached authorized content.,Retry safe reads freely; mutation retries reuse same key after status fetch; never retry uncertain external publication. Cancel form keeps acknowledged revision; cancel job only via server checkpoint.,CAL-01,Visible label;44px/pt target; keyboard equivalent; focus2px forest offset2px; describedby error; restore focus on close; VoiceOver selected/position; status polite.,None: local UI/navigation; destination resource read only,No mutation on this gesture,No payload,SET-07-AT04,Destructive/paid/publication action uses catalog; input/navigation none
SET-07-I05,SET-07,back,local,Click/Enter/Space or native tap; drag has Move before/after alternative,Read permission for requested entity; public routes exempt,Return invoking route/stack and scroll; dirty unacknowledged edits open Save/Discard/Stay decision; durable jobs continue.,Selected/focused state; retain content and exact values; no optimistic Saved or Approved,Busy only this entity/action. Reads keep cache; mutations retain form. aria-busy and polite status. Prevent repeated submit with same intent key.,Return invoking route/stack and scroll; dirty unacknowledged edits open Save/Discard/Stay decision; durable jobs continue.,Read failure retains last loaded content labeled stale with Retry; denied/missing target opens SYS-02; offline navigation uses cached authorized content.,Retry safe reads freely; mutation retries reuse same key after status fetch; never retry uncertain external publication. Cancel form keeps acknowledged revision; cancel job only via server checkpoint.,/settings/instagram/:accountId,Visible label;44px/pt target; keyboard equivalent; focus2px forest offset2px; describedby error; restore focus on close; VoiceOver selected/position; status polite.,None: local UI/navigation; destination resource read only,No mutation on this gesture,No payload,SET-07-AT05,Destructive/paid/publication action uses catalog; input/navigation none
SET-08-I01,SET-08,notification-toggle,field,Input/change; editor autosave800ms or explicit Save,"Editable form, or public authentication field",Update local form buffer; job/review/publication per channel boolean. Commit only on form Save or editor autosave.,Field value retained; public/form inputs do not autosave until submit. Editor fields follow ordered CAS save.,Busy only this entity/action. Reads keep cache; mutations retain form. aria-busy and polite status. Prevent repeated submit with same intent key.,Update local form buffer; job/review/publication per channel boolean. Commit only on form Save or editor autosave.,422: attach field errors and retain input;403: read-only permission banner;401: SYS-01 with safe return;409: show current state and retain draft; network: retain buffer and fetch authoritative state before retry.,Retry safe reads freely; mutation retries reuse same key after status fetch; never retry uncertain external publication. Cancel form keeps acknowledged revision; cancel job only via server checkpoint.,/settings/notifications,Visible label;44px/pt target; keyboard equivalent; focus2px forest offset2px; describedby error; restore focus on close; VoiceOver selected/position; status polite.,None on input; owning form Save contract,No mutation on this gesture,job/review/publication per channel boolean,SET-08-AT01,Destructive/paid/publication action uses catalog; input/navigation none
SET-08-I02,SET-08,enable-push,local,Click/Enter/Space or native tap; drag has Move before/after alternative,Read permission for requested entity; public routes exempt,"Request OS permission after tap; register token on grant via PUT /v1/devices; denial shows Open iOS Settings, no repeated prompts.",Selected/focused state; retain content and exact values; no optimistic Saved or Approved,Busy only this entity/action. Reads keep cache; mutations retain form. aria-busy and polite status. Prevent repeated submit with same intent key.,"Request OS permission after tap; register token on grant via PUT /v1/devices; denial shows Open iOS Settings, no repeated prompts.",Read failure retains last loaded content labeled stale with Retry; denied/missing target opens SYS-02; offline navigation uses cached authorized content.,Retry safe reads freely; mutation retries reuse same key after status fetch; never retry uncertain external publication. Cancel form keeps acknowledged revision; cancel job only via server checkpoint.,/settings/notifications,Visible label;44px/pt target; keyboard equivalent; focus2px forest offset2px; describedby error; restore focus on close; VoiceOver selected/position; status polite.,None: local UI/navigation; destination resource read only,No mutation on this gesture,No payload,SET-08-AT02,Destructive/paid/publication action uses catalog; input/navigation none
SET-08-I03,SET-08,quiet-hours,field,Input/change; editor autosave800ms or explicit Save,"Editable form, or public authentication field",Update local form buffer; start/end local; timezone explicit; publication failures bypass quiet-hour delay. Commit only on form Save or editor autosave.,Field value retained; public/form inputs do not autosave until submit. Editor fields follow ordered CAS save.,Busy only this entity/action. Reads keep cache; mutations retain form. aria-busy and polite status. Prevent repeated submit with same intent key.,Update local form buffer; start/end local; timezone explicit; publication failures bypass quiet-hour delay. Commit only on form Save or editor autosave.,422: attach field errors and retain input;403: read-only permission banner;401: SYS-01 with safe return;409: show current state and retain draft; network: retain buffer and fetch authoritative state before retry.,Retry safe reads freely; mutation retries reuse same key after status fetch; never retry uncertain external publication. Cancel form keeps acknowledged revision; cancel job only via server checkpoint.,/settings/notifications,Visible label;44px/pt target; keyboard equivalent; focus2px forest offset2px; describedby error; restore focus on close; VoiceOver selected/position; status polite.,None on input; owning form Save contract,No mutation on this gesture,start/end local; timezone explicit; publication failures bypass quiet-hour delay,SET-08-AT03,Destructive/paid/publication action uses catalog; input/navigation none
SET-08-I04,SET-08,open-os-settings,local,Click/Enter/Space or native tap; drag has Move before/after alternative,Read permission for requested entity; public routes exempt,"Open app system settings only; return triggers permission refresh, never assumes permission granted.",Selected/focused state; retain content and exact values; no optimistic Saved or Approved,Busy only this entity/action. Reads keep cache; mutations retain form. aria-busy and polite status. Prevent repeated submit with same intent key.,"Open app system settings only; return triggers permission refresh, never assumes permission granted.",Read failure retains last loaded content labeled stale with Retry; denied/missing target opens SYS-02; offline navigation uses cached authorized content.,Retry safe reads freely; mutation retries reuse same key after status fetch; never retry uncertain external publication. Cancel form keeps acknowledged revision; cancel job only via server checkpoint.,/settings/notifications,Visible label;44px/pt target; keyboard equivalent; focus2px forest offset2px; describedby error; restore focus on close; VoiceOver selected/position; status polite.,None: local UI/navigation; destination resource read only,No mutation on this gesture,No payload,SET-08-AT04,Destructive/paid/publication action uses catalog; input/navigation none
SET-08-I05,SET-08,save-settings,local,Click/Enter/Space or native tap; drag has Move before/after alternative,Read permission for requested entity; public routes exempt,"PATCH /v1/me for profile; PATCH /v1/workspaces/{workspaceId}/settings for research; PATCH /v1/notification-preferences for notifications; PATCH /v1/workspaces/{workspaceId} for name. Explicit form submit, no hidden cross-section writes.",Selected/focused state; retain content and exact values; no optimistic Saved or Approved,Busy only this entity/action. Reads keep cache; mutations retain form. aria-busy and polite status. Prevent repeated submit with same intent key.,"PATCH /v1/me for profile; PATCH /v1/workspaces/{workspaceId}/settings for research; PATCH /v1/notification-preferences for notifications; PATCH /v1/workspaces/{workspaceId} for name. Explicit form submit, no hidden cross-section writes.",Read failure retains last loaded content labeled stale with Retry; denied/missing target opens SYS-02; offline navigation uses cached authorized content.,Retry safe reads freely; mutation retries reuse same key after status fetch; never retry uncertain external publication. Cancel form keeps acknowledged revision; cancel job only via server checkpoint.,/settings/notifications,Visible label;44px/pt target; keyboard equivalent; focus2px forest offset2px; describedby error; restore focus on close; VoiceOver selected/position; status polite.,None: local UI/navigation; destination resource read only,No mutation on this gesture,No payload,SET-08-AT05,Destructive/paid/publication action uses catalog; input/navigation none
SET-09-I01,SET-09,session-revoke,mutation,Click/Enter/Space or native tap; drag has Move before/after alternative,Authenticated workspace and permitted role,Revoke selected device refresh token; keep current session unless selected,Selected/focused state; retain content and exact values; no optimistic Saved or Approved,Busy only this entity/action. Reads keep cache; mutations retain form. aria-busy and polite status. Prevent repeated submit with same intent key.,Revoke selected device refresh token; keep current session unless selected,422: attach field errors and retain input;403: read-only permission banner;401: SYS-01 with safe return;409: show current state and retain draft; network: retain buffer and fetch authoritative state before retry.,Retry safe reads freely; mutation retries reuse same key after status fetch; never retry uncertain external publication. Cancel form keeps acknowledged revision; cancel job only via server checkpoint.,Remain on /settings/security with acknowledged revision/state; no implicit publication or navigation,Visible label;44px/pt target; keyboard equivalent; focus2px forest offset2px; describedby error; restore focus on close; VoiceOver selected/position; status polite.,DELETE /v1/sessions/{sessionId},Proposed exact contract; not present in audited repository,{recentAuthProof},SET-09-AT01,Destructive/paid/publication action uses catalog; input/navigation none
SET-09-I02,SET-09,link-apple,mutation,Click/Enter/Space or native tap; drag has Move before/after alternative,Authenticated workspace and permitted role,Link authenticated identity; no workspace merge without explicit verification,Selected/focused state; retain content and exact values; no optimistic Saved or Approved,Busy only this entity/action. Reads keep cache; mutations retain form. aria-busy and polite status. Prevent repeated submit with same intent key.,Link authenticated identity; no workspace merge without explicit verification,422: attach field errors and retain input;403: read-only permission banner;401: SYS-01 with safe return;409: show current state and retain draft; network: retain buffer and fetch authoritative state before retry.,Retry safe reads freely; mutation retries reuse same key after status fetch; never retry uncertain external publication. Cancel form keeps acknowledged revision; cancel job only via server checkpoint.,Remain on /settings/security with acknowledged revision/state; no implicit publication or navigation,Visible label;44px/pt target; keyboard equivalent; focus2px forest offset2px; describedby error; restore focus on close; VoiceOver selected/position; status polite.,POST /v1/me/apple,Proposed exact contract; not present in audited repository,"{identityToken,nonce,recentAuthProof}",SET-09-AT02,Destructive/paid/publication action uses catalog; input/navigation none
SET-09-I03,SET-09,sign-out,mutation,Click/Enter/Space or native tap; drag has Move before/after alternative,Local buffers synchronized or explicitly exported/discarded,Clear session/cache and push binding; AUTH-01,Selected/focused state; retain content and exact values; no optimistic Saved or Approved,Busy only this entity/action. Reads keep cache; mutations retain form. aria-busy and polite status. Prevent repeated submit with same intent key.,Clear session/cache and push binding; AUTH-01,422: attach field errors and retain input;403: read-only permission banner;401: SYS-01 with safe return;409: show current state and retain draft; network: retain buffer and fetch authoritative state before retry.,Retry safe reads freely; mutation retries reuse same key after status fetch; never retry uncertain external publication. Cancel form keeps acknowledged revision; cancel job only via server checkpoint.,AUTH-01 after protected buffer decision and server session revocation,Visible label;44px/pt target; keyboard equivalent; focus2px forest offset2px; describedby error; restore focus on close; VoiceOver selected/position; status polite.,POST /v1/auth/logout,Proposed exact contract; not present in audited repository,{allDevices:boolean},SET-09-AT03,Destructive/paid/publication action uses catalog; input/navigation none
SET-09-I04,SET-09,sign-out-all,mutation,Click/Enter/Space or native tap; drag has Move before/after alternative,Local buffers synchronized or explicitly exported/discarded,Clear session/cache and push binding; AUTH-01,Selected/focused state; retain content and exact values; no optimistic Saved or Approved,Busy only this entity/action. Reads keep cache; mutations retain form. aria-busy and polite status. Prevent repeated submit with same intent key.,Clear session/cache and push binding; AUTH-01,422: attach field errors and retain input;403: read-only permission banner;401: SYS-01 with safe return;409: show current state and retain draft; network: retain buffer and fetch authoritative state before retry.,Retry safe reads freely; mutation retries reuse same key after status fetch; never retry uncertain external publication. Cancel form keeps acknowledged revision; cancel job only via server checkpoint.,AUTH-01 after session revocation,Visible label;44px/pt target; keyboard equivalent; focus2px forest offset2px; describedby error; restore focus on close; VoiceOver selected/position; status polite.,POST /v1/auth/logout,Proposed exact contract; not present in audited repository,{allDevices:boolean},SET-09-AT04,Destructive/paid/publication action uses catalog; input/navigation none
SET-10-I01,SET-10,workspace-name,field,Input/change; editor autosave800ms or explicit Save,"Editable form, or public authentication field",Update local form buffer; 1–80characters; trimmed. Commit only on form Save or editor autosave.,Field value retained; public/form inputs do not autosave until submit. Editor fields follow ordered CAS save.,Busy only this entity/action. Reads keep cache; mutations retain form. aria-busy and polite status. Prevent repeated submit with same intent key.,Update local form buffer; 1–80characters; trimmed. Commit only on form Save or editor autosave.,422: attach field errors and retain input;403: read-only permission banner;401: SYS-01 with safe return;409: show current state and retain draft; network: retain buffer and fetch authoritative state before retry.,Retry safe reads freely; mutation retries reuse same key after status fetch; never retry uncertain external publication. Cancel form keeps acknowledged revision; cancel job only via server checkpoint.,/settings/workspace,Visible label;44px/pt target; keyboard equivalent; focus2px forest offset2px; describedby error; restore focus on close; VoiceOver selected/position; status polite.,None on input; owning form Save contract,No mutation on this gesture,1–80characters; trimmed,SET-10-AT01,Destructive/paid/publication action uses catalog; input/navigation none
SET-10-I02,SET-10,member-role,mutation,Click/Enter/Space or native tap; drag has Move before/after alternative,Authenticated workspace and permitted role,"Update scoped role, revoke incompatible actions; no last-owner demotion",Selected/focused state; retain content and exact values; no optimistic Saved or Approved,Busy only this entity/action. Reads keep cache; mutations retain form. aria-busy and polite status. Prevent repeated submit with same intent key.,"Update scoped role, revoke incompatible actions; no last-owner demotion",422: attach field errors and retain input;403: read-only permission banner;401: SYS-01 with safe return;409: show current state and retain draft; network: retain buffer and fetch authoritative state before retry.,Retry safe reads freely; mutation retries reuse same key after status fetch; never retry uncertain external publication. Cancel form keeps acknowledged revision; cancel job only via server checkpoint.,Remain on /settings/workspace with acknowledged revision/state; no implicit publication or navigation,Visible label;44px/pt target; keyboard equivalent; focus2px forest offset2px; describedby error; restore focus on close; VoiceOver selected/position; status polite.,PATCH /v1/workspaces/{workspaceId}/members/{memberId},Proposed exact contract; not present in audited repository,"{expectedRevision,role,publishPermission}",SET-10-AT02,Destructive/paid/publication action uses catalog; input/navigation none
SET-10-I03,SET-10,invite-member,mutation,Click/Enter/Space or native tap; drag has Move before/after alternative,Owner; explicit Send invitation; no external message sent during design,Invite recorded with7day expiry; user preview before send,Selected/focused state; retain content and exact values; no optimistic Saved or Approved,Busy only this entity/action. Reads keep cache; mutations retain form. aria-busy and polite status. Prevent repeated submit with same intent key.,Invite recorded with7day expiry; user preview before send,422: attach field errors and retain input;403: read-only permission banner;401: SYS-01 with safe return;409: show current state and retain draft; network: retain buffer and fetch authoritative state before retry.,Retry safe reads freely; mutation retries reuse same key after status fetch; never retry uncertain external publication. Cancel form keeps acknowledged revision; cancel job only via server checkpoint.,Remain on /settings/workspace with acknowledged revision/state; no implicit publication or navigation,Visible label;44px/pt target; keyboard equivalent; focus2px forest offset2px; describedby error; restore focus on close; VoiceOver selected/position; status polite.,POST /v1/workspaces/{workspaceId}/invitations,Proposed exact contract; not present in audited repository,"{email,role,publishPermission:false}",SET-10-AT03,Destructive/paid/publication action uses catalog; input/navigation none
SET-10-I04,SET-10,remove-member,mutation,Click/Enter/Space or native tap; drag has Move before/after alternative,Owner; not last owner; confirm,"Revoke workspace access, preserve attributed history",Selected/focused state; retain content and exact values; no optimistic Saved or Approved,Busy only this entity/action. Reads keep cache; mutations retain form. aria-busy and polite status. Prevent repeated submit with same intent key.,"Revoke workspace access, preserve attributed history",422: attach field errors and retain input;403: read-only permission banner;401: SYS-01 with safe return;409: show current state and retain draft; network: retain buffer and fetch authoritative state before retry.,Retry safe reads freely; mutation retries reuse same key after status fetch; never retry uncertain external publication. Cancel form keeps acknowledged revision; cancel job only via server checkpoint.,Remain on /settings/workspace with acknowledged revision/state; no implicit publication or navigation,Visible label;44px/pt target; keyboard equivalent; focus2px forest offset2px; describedby error; restore focus on close; VoiceOver selected/position; status polite.,DELETE /v1/workspaces/{workspaceId}/members/{memberId},Proposed exact contract; not present in audited repository,"{expectedRevision,confirmed:true}",SET-10-AT04,Destructive/paid/publication action uses catalog; input/navigation none
SET-10-I05,SET-10,save-settings,local,Click/Enter/Space or native tap; drag has Move before/after alternative,Read permission for requested entity; public routes exempt,"PATCH /v1/me for profile; PATCH /v1/workspaces/{workspaceId}/settings for research; PATCH /v1/notification-preferences for notifications; PATCH /v1/workspaces/{workspaceId} for name. Explicit form submit, no hidden cross-section writes.",Selected/focused state; retain content and exact values; no optimistic Saved or Approved,Busy only this entity/action. Reads keep cache; mutations retain form. aria-busy and polite status. Prevent repeated submit with same intent key.,"PATCH /v1/me for profile; PATCH /v1/workspaces/{workspaceId}/settings for research; PATCH /v1/notification-preferences for notifications; PATCH /v1/workspaces/{workspaceId} for name. Explicit form submit, no hidden cross-section writes.",Read failure retains last loaded content labeled stale with Retry; denied/missing target opens SYS-02; offline navigation uses cached authorized content.,Retry safe reads freely; mutation retries reuse same key after status fetch; never retry uncertain external publication. Cancel form keeps acknowledged revision; cancel job only via server checkpoint.,/settings/workspace,Visible label;44px/pt target; keyboard equivalent; focus2px forest offset2px; describedby error; restore focus on close; VoiceOver selected/position; status polite.,None: local UI/navigation; destination resource read only,No mutation on this gesture,No payload,SET-10-AT05,Destructive/paid/publication action uses catalog; input/navigation none
SET-11-I01,SET-11,export-data,mutation,Click/Enter/Space or native tap; drag has Move before/after alternative,Authenticated workspace and permitted role,Durable export job; expiring24h download; secrets omitted,Selected/focused state; retain content and exact values; no optimistic Saved or Approved,Busy only this entity/action. Reads keep cache; mutations retain form. aria-busy and polite status. Prevent repeated submit with same intent key.,Durable export job; expiring24h download; secrets omitted,422: attach field errors and retain input;403: read-only permission banner;401: SYS-01 with safe return;409: show current state and retain draft; network: retain buffer and fetch authoritative state before retry.,Retry safe reads freely; mutation retries reuse same key after status fetch; never retry uncertain external publication. Cancel form keeps acknowledged revision; cancel job only via server checkpoint.,Remain on /settings/data with acknowledged revision/state; no implicit publication or navigation,Visible label;44px/pt target; keyboard equivalent; focus2px forest offset2px; describedby error; restore focus on close; VoiceOver selected/position; status polite.,POST /v1/data/exports,Proposed exact contract; not present in audited repository,{recentAuthProof},SET-11-AT01,Destructive/paid/publication action uses catalog; input/navigation none
SET-11-I02,SET-11,delete-account,mutation,Click/Enter/Space or native tap; drag has Move before/after alternative,Owner resolved reservations; typed studio name; warns external posts remain,Deletion scheduled7days; cancel available until execution,Selected/focused state; retain content and exact values; no optimistic Saved or Approved,Busy only this entity/action. Reads keep cache; mutations retain form. aria-busy and polite status. Prevent repeated submit with same intent key.,Deletion scheduled7days; cancel available until execution,422: attach field errors and retain input;403: read-only permission banner;401: SYS-01 with safe return;409: show current state and retain draft; network: retain buffer and fetch authoritative state before retry.,Retry safe reads freely; mutation retries reuse same key after status fetch; never retry uncertain external publication. Cancel form keeps acknowledged revision; cancel job only via server checkpoint.,Remain on /settings/data with acknowledged revision/state; no implicit publication or navigation,Visible label;44px/pt target; keyboard equivalent; focus2px forest offset2px; describedby error; restore focus on close; VoiceOver selected/position; status polite.,POST /v1/account/deletion,Proposed exact contract; not present in audited repository,"{recentAuthProof,confirmedRetention:true}",SET-11-AT02,Destructive/paid/publication action uses catalog; input/navigation none
SET-11-I03,SET-11,privacy,navigation,Click/Enter/Space or native tap; drag has Move before/after alternative,Read permission for requested entity; public routes exempt,"Open SET-11 for selected authorized entity; preserve originating route, tab stack and scroll.",Selected/focused state; retain content and exact values; no optimistic Saved or Approved,Busy only this entity/action. Reads keep cache; mutations retain form. aria-busy and polite status. Prevent repeated submit with same intent key.,"Open SET-11 for selected authorized entity; preserve originating route, tab stack and scroll.",Read failure retains last loaded content labeled stale with Retry; denied/missing target opens SYS-02; offline navigation uses cached authorized content.,Retry safe reads freely; mutation retries reuse same key after status fetch; never retry uncertain external publication. Cancel form keeps acknowledged revision; cancel job only via server checkpoint.,SET-11,Visible label;44px/pt target; keyboard equivalent; focus2px forest offset2px; describedby error; restore focus on close; VoiceOver selected/position; status polite.,None: local UI/navigation; destination resource read only,No mutation on this gesture,No payload,SET-11-AT03,Destructive/paid/publication action uses catalog; input/navigation none
SET-11-I04,SET-11,help,navigation,Click/Enter/Space or native tap; drag has Move before/after alternative,Read permission for requested entity; public routes exempt,"Open HELP-01 for selected authorized entity; preserve originating route, tab stack and scroll.",Selected/focused state; retain content and exact values; no optimistic Saved or Approved,Busy only this entity/action. Reads keep cache; mutations retain form. aria-busy and polite status. Prevent repeated submit with same intent key.,"Open HELP-01 for selected authorized entity; preserve originating route, tab stack and scroll.",Read failure retains last loaded content labeled stale with Retry; denied/missing target opens SYS-02; offline navigation uses cached authorized content.,Retry safe reads freely; mutation retries reuse same key after status fetch; never retry uncertain external publication. Cancel form keeps acknowledged revision; cancel job only via server checkpoint.,HELP-01,Visible label;44px/pt target; keyboard equivalent; focus2px forest offset2px; describedby error; restore focus on close; VoiceOver selected/position; status polite.,None: local UI/navigation; destination resource read only,No mutation on this gesture,No payload,SET-11-AT04,Destructive/paid/publication action uses catalog; input/navigation none
HELP-01-I01,HELP-01,help-search,local,Click/Enter/Space or native tap; drag has Move before/after alternative,Read permission for requested entity; public routes exempt,Update URL query after300ms debounce; abort superseded request; reset cursor; existing rows visible with updating status; clear button resets query.,Selected/focused state; retain content and exact values; no optimistic Saved or Approved,Busy only this entity/action. Reads keep cache; mutations retain form. aria-busy and polite status. Prevent repeated submit with same intent key.,Update URL query after300ms debounce; abort superseded request; reset cursor; existing rows visible with updating status; clear button resets query.,Read failure retains last loaded content labeled stale with Retry; denied/missing target opens SYS-02; offline navigation uses cached authorized content.,Retry safe reads freely; mutation retries reuse same key after status fetch; never retry uncertain external publication. Cancel form keeps acknowledged revision; cancel job only via server checkpoint.,/help,Visible label;44px/pt target; keyboard equivalent; focus2px forest offset2px; describedby error; restore focus on close; VoiceOver selected/position; status polite.,None: local UI/navigation; destination resource read only,No mutation on this gesture,No payload,HELP-01-AT01,Destructive/paid/publication action uses catalog; input/navigation none
HELP-01-I02,HELP-01,help-article,local,Click/Enter/Space or native tap; drag has Move before/after alternative,Read permission for requested entity; public routes exempt,Open selected published help article; read-only; external links labeled; missing article retains search with retry.,Selected/focused state; retain content and exact values; no optimistic Saved or Approved,Busy only this entity/action. Reads keep cache; mutations retain form. aria-busy and polite status. Prevent repeated submit with same intent key.,Open selected published help article; read-only; external links labeled; missing article retains search with retry.,Read failure retains last loaded content labeled stale with Retry; denied/missing target opens SYS-02; offline navigation uses cached authorized content.,Retry safe reads freely; mutation retries reuse same key after status fetch; never retry uncertain external publication. Cancel form keeps acknowledged revision; cancel job only via server checkpoint.,/help,Visible label;44px/pt target; keyboard equivalent; focus2px forest offset2px; describedby error; restore focus on close; VoiceOver selected/position; status polite.,None: local UI/navigation; destination resource read only,No mutation on this gesture,No payload,HELP-01-AT02,Destructive/paid/publication action uses catalog; input/navigation none
HELP-01-I03,HELP-01,export-diagnostics,mutation,Click/Enter/Space or native tap; drag has Move before/after alternative,Authenticated workspace and permitted role,Download sanitized JSON; user chooses destination; no automatic support send,Selected/focused state; retain content and exact values; no optimistic Saved or Approved,Busy only this entity/action. Reads keep cache; mutations retain form. aria-busy and polite status. Prevent repeated submit with same intent key.,Download sanitized JSON; user chooses destination; no automatic support send,422: attach field errors and retain input;403: read-only permission banner;401: SYS-01 with safe return;409: show current state and retain draft; network: retain buffer and fetch authoritative state before retry.,Retry safe reads freely; mutation retries reuse same key after status fetch; never retry uncertain external publication. Cancel form keeps acknowledged revision; cancel job only via server checkpoint.,Remain on /help with acknowledged revision/state; no implicit publication or navigation,Visible label;44px/pt target; keyboard equivalent; focus2px forest offset2px; describedby error; restore focus on close; VoiceOver selected/position; status polite.,POST /v1/diagnostics/exports,Proposed exact contract; not present in audited repository,"{entityId?,includeRedactedLogs:true}",HELP-01-AT03,Destructive/paid/publication action uses catalog; input/navigation none
HELP-01-I04,HELP-01,back,local,Click/Enter/Space or native tap; drag has Move before/after alternative,Read permission for requested entity; public routes exempt,Return invoking route/stack and scroll; dirty unacknowledged edits open Save/Discard/Stay decision; durable jobs continue.,Selected/focused state; retain content and exact values; no optimistic Saved or Approved,Busy only this entity/action. Reads keep cache; mutations retain form. aria-busy and polite status. Prevent repeated submit with same intent key.,Return invoking route/stack and scroll; dirty unacknowledged edits open Save/Discard/Stay decision; durable jobs continue.,Read failure retains last loaded content labeled stale with Retry; denied/missing target opens SYS-02; offline navigation uses cached authorized content.,Retry safe reads freely; mutation retries reuse same key after status fetch; never retry uncertain external publication. Cancel form keeps acknowledged revision; cancel job only via server checkpoint.,/help,Visible label;44px/pt target; keyboard equivalent; focus2px forest offset2px; describedby error; restore focus on close; VoiceOver selected/position; status polite.,None: local UI/navigation; destination resource read only,No mutation on this gesture,No payload,HELP-01-AT04,Destructive/paid/publication action uses catalog; input/navigation none
SYS-01-I01,SYS-01,sign-in,navigation,Click/Enter/Space or native tap; drag has Move before/after alternative,Read permission for requested entity; public routes exempt,"Open AUTH-01 for selected authorized entity; preserve originating route, tab stack and scroll.",Selected/focused state; retain content and exact values; no optimistic Saved or Approved,Busy only this entity/action. Reads keep cache; mutations retain form. aria-busy and polite status. Prevent repeated submit with same intent key.,"Open AUTH-01 for selected authorized entity; preserve originating route, tab stack and scroll.",Read failure retains last loaded content labeled stale with Retry; denied/missing target opens SYS-02; offline navigation uses cached authorized content.,Retry safe reads freely; mutation retries reuse same key after status fetch; never retry uncertain external publication. Cancel form keeps acknowledged revision; cancel job only via server checkpoint.,AUTH-01,Visible label;44px/pt target; keyboard equivalent; focus2px forest offset2px; describedby error; restore focus on close; VoiceOver selected/position; status polite.,None: local UI/navigation; destination resource read only,No mutation on this gesture,No payload,SYS-01-AT01,Destructive/paid/publication action uses catalog; input/navigation none
SYS-01-I02,SYS-01,switch-workspace,local,Click/Enter/Space or native tap; drag has Move before/after alternative,Read permission for requested entity; public routes exempt,"Open accessible workspace picker; protect/export unsynced buffer, clear prior workspace caches after switch; server rechecks access.",Selected/focused state; retain content and exact values; no optimistic Saved or Approved,Busy only this entity/action. Reads keep cache; mutations retain form. aria-busy and polite status. Prevent repeated submit with same intent key.,"Open accessible workspace picker; protect/export unsynced buffer, clear prior workspace caches after switch; server rechecks access.",Read failure retains last loaded content labeled stale with Retry; denied/missing target opens SYS-02; offline navigation uses cached authorized content.,Retry safe reads freely; mutation retries reuse same key after status fetch; never retry uncertain external publication. Cancel form keeps acknowledged revision; cancel job only via server checkpoint.,/session-recovery,Visible label;44px/pt target; keyboard equivalent; focus2px forest offset2px; describedby error; restore focus on close; VoiceOver selected/position; status polite.,None: local UI/navigation; destination resource read only,No mutation on this gesture,No payload,SYS-01-AT02,Destructive/paid/publication action uses catalog; input/navigation none
SYS-01-I03,SYS-01,export-local-draft,local,Click/Enter/Space or native tap; drag has Move before/after alternative,Read permission for requested entity; public routes exempt,Export only current user/workspace buffered text JSON through native share/download; never export credentials.,Selected/focused state; retain content and exact values; no optimistic Saved or Approved,Busy only this entity/action. Reads keep cache; mutations retain form. aria-busy and polite status. Prevent repeated submit with same intent key.,Export only current user/workspace buffered text JSON through native share/download; never export credentials.,Read failure retains last loaded content labeled stale with Retry; denied/missing target opens SYS-02; offline navigation uses cached authorized content.,Retry safe reads freely; mutation retries reuse same key after status fetch; never retry uncertain external publication. Cancel form keeps acknowledged revision; cancel job only via server checkpoint.,/session-recovery,Visible label;44px/pt target; keyboard equivalent; focus2px forest offset2px; describedby error; restore focus on close; VoiceOver selected/position; status polite.,None: local UI/navigation; destination resource read only,No mutation on this gesture,No payload,SYS-01-AT03,Destructive/paid/publication action uses catalog; input/navigation none
SYS-02-I01,SYS-02,back,local,Click/Enter/Space or native tap; drag has Move before/after alternative,Read permission for requested entity; public routes exempt,Return invoking route/stack and scroll; dirty unacknowledged edits open Save/Discard/Stay decision; durable jobs continue.,Selected/focused state; retain content and exact values; no optimistic Saved or Approved,Busy only this entity/action. Reads keep cache; mutations retain form. aria-busy and polite status. Prevent repeated submit with same intent key.,Return invoking route/stack and scroll; dirty unacknowledged edits open Save/Discard/Stay decision; durable jobs continue.,Read failure retains last loaded content labeled stale with Retry; denied/missing target opens SYS-02; offline navigation uses cached authorized content.,Retry safe reads freely; mutation retries reuse same key after status fetch; never retry uncertain external publication. Cancel form keeps acknowledged revision; cancel job only via server checkpoint.,/not-found,Visible label;44px/pt target; keyboard equivalent; focus2px forest offset2px; describedby error; restore focus on close; VoiceOver selected/position; status polite.,None: local UI/navigation; destination resource read only,No mutation on this gesture,No payload,SYS-02-AT01,Destructive/paid/publication action uses catalog; input/navigation none
SYS-02-I02,SYS-02,home,navigation,Click/Enter/Space or native tap; drag has Move before/after alternative,Read permission for requested entity; public routes exempt,"Open HOME-01 for selected authorized entity; preserve originating route, tab stack and scroll.",Selected/focused state; retain content and exact values; no optimistic Saved or Approved,Busy only this entity/action. Reads keep cache; mutations retain form. aria-busy and polite status. Prevent repeated submit with same intent key.,"Open HOME-01 for selected authorized entity; preserve originating route, tab stack and scroll.",Read failure retains last loaded content labeled stale with Retry; denied/missing target opens SYS-02; offline navigation uses cached authorized content.,Retry safe reads freely; mutation retries reuse same key after status fetch; never retry uncertain external publication. Cancel form keeps acknowledged revision; cancel job only via server checkpoint.,HOME-01,Visible label;44px/pt target; keyboard equivalent; focus2px forest offset2px; describedby error; restore focus on close; VoiceOver selected/position; status polite.,None: local UI/navigation; destination resource read only,No mutation on this gesture,No payload,SYS-02-AT02,Destructive/paid/publication action uses catalog; input/navigation none
GEN-02-I01,GEN-02,view-job,navigation,Click/Enter/Space or native tap; drag has Move before/after alternative,Read permission for requested entity; public routes exempt,"Open ACT-02 for selected authorized entity; preserve originating route, tab stack and scroll.",Selected/focused state; retain content and exact values; no optimistic Saved or Approved,Busy only this entity/action. Reads keep cache; mutations retain form. aria-busy and polite status. Prevent repeated submit with same intent key.,"Open ACT-02 for selected authorized entity; preserve originating route, tab stack and scroll.",Read failure retains last loaded content labeled stale with Retry; denied/missing target opens SYS-02; offline navigation uses cached authorized content.,Retry safe reads freely; mutation retries reuse same key after status fetch; never retry uncertain external publication. Cancel form keeps acknowledged revision; cancel job only via server checkpoint.,ACT-02,Visible label;44px/pt target; keyboard equivalent; focus2px forest offset2px; describedby error; restore focus on close; VoiceOver selected/position; status polite.,None: local UI/navigation; destination resource read only,No mutation on this gesture,No payload,GEN-02-AT01,Destructive/paid/publication action uses catalog; input/navigation none
GEN-02-I02,GEN-02,retry-unit,mutation,Click/Enter/Space or native tap; drag has Move before/after alternative,Server canRetry true; no publish final attempt; failed config corrected,New/requeued safe job; retain successful units; paid repeat explicitly confirmed,Selected/focused state; retain content and exact values; no optimistic Saved or Approved,Busy only this entity/action. Reads keep cache; mutations retain form. aria-busy and polite status. Prevent repeated submit with same intent key.,New/requeued safe job; retain successful units; paid repeat explicitly confirmed,422: attach field errors and retain input;403: read-only permission banner;401: SYS-01 with safe return;409: show current state and retain draft; network: retain buffer and fetch authoritative state before retry.,Retry safe reads freely; mutation retries reuse same key after status fetch; never retry uncertain external publication. Cancel form keeps acknowledged revision; cancel job only via server checkpoint.,Remain on /content/:contentId/reel/generation with acknowledged revision/state; no implicit publication or navigation,Visible label;44px/pt target; keyboard equivalent; focus2px forest offset2px; describedby error; restore focus on close; VoiceOver selected/position; status polite.,POST /v1/jobs/{jobId}/retry,Proposed exact contract; not present in audited repository,"{expectedJobRevision,unitId?,correctedConfiguration?}",GEN-02-AT02,Destructive/paid/publication action uses catalog; input/navigation none
GEN-02-I03,GEN-02,cancel-generation,mutation,Click/Enter/Space or native tap; drag has Move before/after alternative,Server canCancel true; final external publish cannot cancel,Cancelling until safe checkpoint; Cancelled retains completed assets,Selected/focused state; retain content and exact values; no optimistic Saved or Approved,Busy only this entity/action. Reads keep cache; mutations retain form. aria-busy and polite status. Prevent repeated submit with same intent key.,Cancelling until safe checkpoint; Cancelled retains completed assets,422: attach field errors and retain input;403: read-only permission banner;401: SYS-01 with safe return;409: show current state and retain draft; network: retain buffer and fetch authoritative state before retry.,Retry safe reads freely; mutation retries reuse same key after status fetch; never retry uncertain external publication. Cancel form keeps acknowledged revision; cancel job only via server checkpoint.,Current generation screen remains with cancelling then retained partial assets,Visible label;44px/pt target; keyboard equivalent; focus2px forest offset2px; describedby error; restore focus on close; VoiceOver selected/position; status polite.,POST /v1/jobs/{jobId}/cancel,Proposed exact contract; not present in audited repository,"{expectedJobRevision,reason}",GEN-02-AT03,Destructive/paid/publication action uses catalog; input/navigation none
GEN-02-I04,GEN-02,open-editor,local,Click/Enter/Space or native tap; drag has Move before/after alternative,Read permission for requested entity; public routes exempt,Open selected output: Carousel CAR-01/PRE-01 or Reel REEL-01/PRE-02; wizard Edit CREATE-02; publication PUB-02. Read current revision first; unavailable entity SYS-02.,Selected/focused state; retain content and exact values; no optimistic Saved or Approved,Busy only this entity/action. Reads keep cache; mutations retain form. aria-busy and polite status. Prevent repeated submit with same intent key.,Open selected output: Carousel CAR-01/PRE-01 or Reel REEL-01/PRE-02; wizard Edit CREATE-02; publication PUB-02. Read current revision first; unavailable entity SYS-02.,Read failure retains last loaded content labeled stale with Retry; denied/missing target opens SYS-02; offline navigation uses cached authorized content.,Retry safe reads freely; mutation retries reuse same key after status fetch; never retry uncertain external publication. Cancel form keeps acknowledged revision; cancel job only via server checkpoint.,/content/:contentId/reel/generation,Visible label;44px/pt target; keyboard equivalent; focus2px forest offset2px; describedby error; restore focus on close; VoiceOver selected/position; status polite.,None: local UI/navigation; destination resource read only,No mutation on this gesture,No payload,GEN-02-AT04,Destructive/paid/publication action uses catalog; input/navigation none
GEN-02-I05,GEN-02,library,navigation,Click/Enter/Space or native tap; drag has Move before/after alternative,Read permission for requested entity; public routes exempt,"Open LIB-01 for selected authorized entity; preserve originating route, tab stack and scroll.",Selected/focused state; retain content and exact values; no optimistic Saved or Approved,Busy only this entity/action. Reads keep cache; mutations retain form. aria-busy and polite status. Prevent repeated submit with same intent key.,"Open LIB-01 for selected authorized entity; preserve originating route, tab stack and scroll.",Read failure retains last loaded content labeled stale with Retry; denied/missing target opens SYS-02; offline navigation uses cached authorized content.,Retry safe reads freely; mutation retries reuse same key after status fetch; never retry uncertain external publication. Cancel form keeps acknowledged revision; cancel job only via server checkpoint.,LIB-01,Visible label;44px/pt target; keyboard equivalent; focus2px forest offset2px; describedby error; restore focus on close; VoiceOver selected/position; status polite.,None: local UI/navigation; destination resource read only,No mutation on this gesture,No payload,GEN-02-AT05,Destructive/paid/publication action uses catalog; input/navigation none
REEL-05-I10,REEL-05,generate-voiceover,mutation,Input/change; editor autosave800ms or explicit Save,Current saved entity; server capability and permission; online,Synthesize saved script using selected voice;202audio job; preserve previous audio; explicit paid confirmation.,Selected/focused state; retain content and exact values; no optimistic Saved or Approved,Busy only this entity/action. Reads keep cache; mutations retain form. aria-busy and polite status. Prevent repeated submit with same intent key.,Synthesize saved script using selected voice;202audio job; preserve previous audio; explicit paid confirmation.,422: attach field errors and retain input;403: read-only permission banner;401: SYS-01 with safe return;409: show current state and retain draft; network: retain buffer and fetch authoritative state before retry.,Retry safe reads freely; mutation retries reuse same key after status fetch; never retry uncertain external publication. Cancel form keeps acknowledged revision; cancel job only via server checkpoint.,/content/:contentId/reel/audio,Visible label;44px/pt target; keyboard equivalent; focus2px forest offset2px; describedby error; restore focus on close; VoiceOver selected/position; status polite.,POST /v1/outputs/{outputId}/voiceover,Proposed contract; not implemented,"Expected revision, input hashes and explicit confirmation; contract-addenda.md",REEL-05-AT10,Destructive/paid/publication action uses catalog; input/navigation none
REEL-06-I07,REEL-06,generate-subtitles,mutation,Input/change; editor autosave800ms or explicit Save,Current saved entity; server capability and permission; online,"Align selected audio into candidate cues;202job; Apply selected current cues explicitly, never overwrite manual edits.",Selected/focused state; retain content and exact values; no optimistic Saved or Approved,Busy only this entity/action. Reads keep cache; mutations retain form. aria-busy and polite status. Prevent repeated submit with same intent key.,"Align selected audio into candidate cues;202job; Apply selected current cues explicitly, never overwrite manual edits.",422: attach field errors and retain input;403: read-only permission banner;401: SYS-01 with safe return;409: show current state and retain draft; network: retain buffer and fetch authoritative state before retry.,Retry safe reads freely; mutation retries reuse same key after status fetch; never retry uncertain external publication. Cancel form keeps acknowledged revision; cancel job only via server checkpoint.,/content/:contentId/reel/subtitles,Visible label;44px/pt target; keyboard equivalent; focus2px forest offset2px; describedby error; restore focus on close; VoiceOver selected/position; status polite.,POST /v1/outputs/{outputId}/subtitles,Proposed contract; not implemented,"Expected revision, input hashes and explicit confirmation; contract-addenda.md",REEL-06-AT07,Destructive/paid/publication action uses catalog; input/navigation none
PUB-02-I06,PUB-02,resume-publication,mutation,Input/change; editor autosave800ms or explicit Save,Current saved entity; server capability and permission; online,"After reconnect, choose Publish now or a new future schedule; explicit account/version/time authorization required.",Selected/focused state; retain content and exact values; no optimistic Saved or Approved,Busy only this entity/action. Reads keep cache; mutations retain form. aria-busy and polite status. Prevent repeated submit with same intent key.,"After reconnect, choose Publish now or a new future schedule; explicit account/version/time authorization required.",422: attach field errors and retain input;403: read-only permission banner;401: SYS-01 with safe return;409: show current state and retain draft; network: retain buffer and fetch authoritative state before retry.,Retry safe reads freely; mutation retries reuse same key after status fetch; never retry uncertain external publication. Cancel form keeps acknowledged revision; cancel job only via server checkpoint.,/publications/:publicationId,Visible label;44px/pt target; keyboard equivalent; focus2px forest offset2px; describedby error; restore focus on close; VoiceOver selected/position; status polite.,POST /v1/publications/{publicationId}/resume,Proposed contract; not implemented,"Expected revision, input hashes and explicit confirmation; contract-addenda.md",PUB-02-AT06,Destructive/paid/publication action uses catalog; input/navigation none
SET-11-I05,SET-11,cancel-deletion,mutation,Input/change; editor autosave800ms or explicit Save,Current saved entity; server capability and permission; online,Cancel pending account deletion before effective date after recent authentication.,Selected/focused state; retain content and exact values; no optimistic Saved or Approved,Busy only this entity/action. Reads keep cache; mutations retain form. aria-busy and polite status. Prevent repeated submit with same intent key.,Cancel pending account deletion before effective date after recent authentication.,422: attach field errors and retain input;403: read-only permission banner;401: SYS-01 with safe return;409: show current state and retain draft; network: retain buffer and fetch authoritative state before retry.,Retry safe reads freely; mutation retries reuse same key after status fetch; never retry uncertain external publication. Cancel form keeps acknowledged revision; cancel job only via server checkpoint.,/settings/data,Visible label;44px/pt target; keyboard equivalent; focus2px forest offset2px; describedby error; restore focus on close; VoiceOver selected/position; status polite.,DELETE /v1/account/deletion,Proposed contract; not implemented,"Expected revision, input hashes and explicit confirmation; contract-addenda.md",SET-11-AT05,Destructive/paid/publication action uses catalog; input/navigation none
IMPORT-01-I09,IMPORT-01,submission-mode,local,Input/change; editor autosave800ms or explicit Save,Canonical HTTPS and authenticated workspace; manual confirmation requires excerpt240–10000characters,Choose URL idea or Reviewed excerpt. URL idea never creates a reviewed topic before confirmation.,Selected/focused state; retain content and exact values; no optimistic Saved or Approved,Busy only this entity/action. Reads keep cache; mutations retain form. aria-busy and polite status. Prevent repeated submit with same intent key.,Choose URL idea or Reviewed excerpt. URL idea never creates a reviewed topic before confirmation.,422: attach field errors and retain input;403: read-only permission banner;401: SYS-01 with safe return;409: show current state and retain draft; network: retain buffer and fetch authoritative state before retry.,Retry safe reads freely; mutation retries reuse same key after status fetch; never retry uncertain external publication. Cancel form keeps acknowledged revision; cancel job only via server checkpoint.,/topics/new?idea=:ideaId,Visible label;44px/pt target; keyboard equivalent; focus2px forest offset2px; describedby error; restore focus on close; VoiceOver selected/position; status polite.,None: local radio,Proposed contract; no existing extraction asserted,contract-addenda.md URL-only intake,IMPORT-01-AT09,Destructive/paid/publication action uses catalog; input/navigation none
IMPORT-01-I10,IMPORT-01,extract-url,mutation,Input/change; editor autosave800ms or explicit Save,Canonical HTTPS and authenticated workspace; manual confirmation requires excerpt240–10000characters,Enqueue source extraction with URL/category/priority; persist ideaID; preserve original form.,Selected/focused state; retain content and exact values; no optimistic Saved or Approved,Busy only this entity/action. Reads keep cache; mutations retain form. aria-busy and polite status. Prevent repeated submit with same intent key.,Enqueue source extraction with URL/category/priority; persist ideaID; preserve original form.,422: attach field errors and retain input;403: read-only permission banner;401: SYS-01 with safe return;409: show current state and retain draft; network: retain buffer and fetch authoritative state before retry.,Retry safe reads freely; mutation retries reuse same key after status fetch; never retry uncertain external publication. Cancel form keeps acknowledged revision; cancel job only via server checkpoint.,/topics/new?idea=:ideaId,Visible label;44px/pt target; keyboard equivalent; focus2px forest offset2px; describedby error; restore focus on close; VoiceOver selected/position; status polite.,POST /v1/ideas,Proposed contract; no existing extraction asserted,contract-addenda.md URL-only intake,IMPORT-01-AT10,Destructive/paid/publication action uses catalog; input/navigation none
IMPORT-01-I11,IMPORT-01,confirm-excerpt,mutation,Input/change; editor autosave800ms or explicit Save,Canonical HTTPS and authenticated workspace; manual confirmation requires excerpt240–10000characters,Confirm manually reviewed excerpt/title/source/dates; topicIDopens TOPIC-01.,Selected/focused state; retain content and exact values; no optimistic Saved or Approved,Busy only this entity/action. Reads keep cache; mutations retain form. aria-busy and polite status. Prevent repeated submit with same intent key.,Confirm manually reviewed excerpt/title/source/dates; topicIDopens TOPIC-01.,422: attach field errors and retain input;403: read-only permission banner;401: SYS-01 with safe return;409: show current state and retain draft; network: retain buffer and fetch authoritative state before retry.,Retry safe reads freely; mutation retries reuse same key after status fetch; never retry uncertain external publication. Cancel form keeps acknowledged revision; cancel job only via server checkpoint.,TOPIC-01 with returned topicId,Visible label;44px/pt target; keyboard equivalent; focus2px forest offset2px; describedby error; restore focus on close; VoiceOver selected/position; status polite.,POST /v1/ideas/{ideaId}/confirm,Proposed contract; no existing extraction asserted,contract-addenda.md URL-only intake,IMPORT-01-AT11,Destructive/paid/publication action uses catalog; input/navigation none
IMPORT-01-I12,IMPORT-01,cancel-extraction,mutation,Input/change; editor autosave800ms or explicit Save,Canonical HTTPS and authenticated workspace; manual confirmation requires excerpt240–10000characters,Stop extraction at checkpoint; retain URL and captured candidates.,Selected/focused state; retain content and exact values; no optimistic Saved or Approved,Busy only this entity/action. Reads keep cache; mutations retain form. aria-busy and polite status. Prevent repeated submit with same intent key.,Stop extraction at checkpoint; retain URL and captured candidates.,422: attach field errors and retain input;403: read-only permission banner;401: SYS-01 with safe return;409: show current state and retain draft; network: retain buffer and fetch authoritative state before retry.,Retry safe reads freely; mutation retries reuse same key after status fetch; never retry uncertain external publication. Cancel form keeps acknowledged revision; cancel job only via server checkpoint.,/topics/new?idea=:ideaId,Visible label;44px/pt target; keyboard equivalent; focus2px forest offset2px; describedby error; restore focus on close; VoiceOver selected/position; status polite.,POST /v1/jobs/{jobId}/cancel,Proposed contract; no existing extraction asserted,contract-addenda.md URL-only intake,IMPORT-01-AT12,Destructive/paid/publication action uses catalog; input/navigation none
CREATE-02-AI11,CREATE-02,inspect-creative-plan,read,Input/change; editor autosave800ms or explicit Save,Authorized current output; mutation saved revision and explicit additional budget,Open read-only AI plan or nearest recent output comparison; no layout input,Selected/focused state; retain content and exact values; no optimistic Saved or Approved,Busy only this entity/action. Reads keep cache; mutations retain form. aria-busy and polite status. Prevent repeated submit with same intent key.,Read-only sheet with comparison count and reasons,422: attach field errors and retain input;403: read-only permission banner;401: SYS-01 with safe return;409: show current state and retain draft; network: retain buffer and fetch authoritative state before retry.,Retry safe reads freely; mutation retries reuse same key after status fetch; never retry uncertain external publication. Cancel form keeps acknowledged revision; cancel job only via server checkpoint.,/create/:setupId/configure,Visible label;44px/pt target; keyboard equivalent; focus2px forest offset2px; describedby error; restore focus on close; VoiceOver selected/position; status polite.,GET /v1/outputs/{outputId}/creative-plan,Proposed creative autopilot contract; not implemented,ai-creative-autopilot.md,CREATE-02-AI11-AT,Destructive/paid/publication action uses catalog; input/navigation none
CAR-01-AI13,CAR-01,different-look,mutation,Input/change; editor autosave800ms or explicit Save,Authorized current output; mutation saved revision and explicit additional budget,AI selects fresh visual concept; scoped generation preserves prior assets,Selected/focused state; retain content and exact values; no optimistic Saved or Approved,Busy only this entity/action. Reads keep cache; mutations retain form. aria-busy and polite status. Prevent repeated submit with same intent key.,Job accepted and progress shown,422: attach field errors and retain input;403: read-only permission banner;401: SYS-01 with safe return;409: show current state and retain draft; network: retain buffer and fetch authoritative state before retry.,Retry safe reads freely; mutation retries reuse same key after status fetch; never retry uncertain external publication. Cancel form keeps acknowledged revision; cancel job only via server checkpoint.,/content/:contentId/carousel,Visible label;44px/pt target; keyboard equivalent; focus2px forest offset2px; describedby error; restore focus on close; VoiceOver selected/position; status polite.,POST /v1/outputs/{outputId}/different-look,Proposed creative autopilot contract; not implemented,ai-creative-autopilot.md,CAR-01-AI13-AT,Destructive/paid/publication action uses catalog; input/navigation none
CAR-01-AI14,CAR-01,view-comparison,read,Input/change; editor autosave800ms or explicit Save,Authorized current output; mutation saved revision and explicit additional budget,Open read-only AI plan or nearest recent output comparison; no layout input,Selected/focused state; retain content and exact values; no optimistic Saved or Approved,Busy only this entity/action. Reads keep cache; mutations retain form. aria-busy and polite status. Prevent repeated submit with same intent key.,Read-only sheet with comparison count and reasons,422: attach field errors and retain input;403: read-only permission banner;401: SYS-01 with safe return;409: show current state and retain draft; network: retain buffer and fetch authoritative state before retry.,Retry safe reads freely; mutation retries reuse same key after status fetch; never retry uncertain external publication. Cancel form keeps acknowledged revision; cancel job only via server checkpoint.,/content/:contentId/carousel,Visible label;44px/pt target; keyboard equivalent; focus2px forest offset2px; describedby error; restore focus on close; VoiceOver selected/position; status polite.,GET /v1/outputs/{outputId}/creative-plan,Proposed creative autopilot contract; not implemented,ai-creative-autopilot.md,CAR-01-AI14-AT,Destructive/paid/publication action uses catalog; input/navigation none
REEL-01-AI17,REEL-01,different-look,mutation,Input/change; editor autosave800ms or explicit Save,Authorized current output; mutation saved revision and explicit additional budget,AI selects fresh visual concept; scoped generation preserves prior assets,Selected/focused state; retain content and exact values; no optimistic Saved or Approved,Busy only this entity/action. Reads keep cache; mutations retain form. aria-busy and polite status. Prevent repeated submit with same intent key.,Job accepted and progress shown,422: attach field errors and retain input;403: read-only permission banner;401: SYS-01 with safe return;409: show current state and retain draft; network: retain buffer and fetch authoritative state before retry.,Retry safe reads freely; mutation retries reuse same key after status fetch; never retry uncertain external publication. Cancel form keeps acknowledged revision; cancel job only via server checkpoint.,/content/:contentId/reel,Visible label;44px/pt target; keyboard equivalent; focus2px forest offset2px; describedby error; restore focus on close; VoiceOver selected/position; status polite.,POST /v1/outputs/{outputId}/different-look,Proposed creative autopilot contract; not implemented,ai-creative-autopilot.md,REEL-01-AI17-AT,Destructive/paid/publication action uses catalog; input/navigation none
REEL-01-AI18,REEL-01,view-comparison,read,Input/change; editor autosave800ms or explicit Save,Authorized current output; mutation saved revision and explicit additional budget,Open read-only AI plan or nearest recent output comparison; no layout input,Selected/focused state; retain content and exact values; no optimistic Saved or Approved,Busy only this entity/action. Reads keep cache; mutations retain form. aria-busy and polite status. Prevent repeated submit with same intent key.,Read-only sheet with comparison count and reasons,422: attach field errors and retain input;403: read-only permission banner;401: SYS-01 with safe return;409: show current state and retain draft; network: retain buffer and fetch authoritative state before retry.,Retry safe reads freely; mutation retries reuse same key after status fetch; never retry uncertain external publication. Cancel form keeps acknowledged revision; cancel job only via server checkpoint.,/content/:contentId/reel,Visible label;44px/pt target; keyboard equivalent; focus2px forest offset2px; describedby error; restore focus on close; VoiceOver selected/position; status polite.,GET /v1/outputs/{outputId}/creative-plan,Proposed creative autopilot contract; not implemented,ai-creative-autopilot.md,REEL-01-AI18-AT,Destructive/paid/publication action uses catalog; input/navigation none
CAR-03-AI3,CAR-03,inspect-creative-plan,read,Input/change; editor autosave800ms or explicit Save,Authorized current output; mutation saved revision and explicit additional budget,Open read-only AI plan or nearest recent output comparison; no layout input,Selected/focused state; retain content and exact values; no optimistic Saved or Approved,Busy only this entity/action. Reads keep cache; mutations retain form. aria-busy and polite status. Prevent repeated submit with same intent key.,Read-only sheet with comparison count and reasons,422: attach field errors and retain input;403: read-only permission banner;401: SYS-01 with safe return;409: show current state and retain draft; network: retain buffer and fetch authoritative state before retry.,Retry safe reads freely; mutation retries reuse same key after status fetch; never retry uncertain external publication. Cancel form keeps acknowledged revision; cancel job only via server checkpoint.,/content/:contentId/carousel/regenerate/:slideId,Visible label;44px/pt target; keyboard equivalent; focus2px forest offset2px; describedby error; restore focus on close; VoiceOver selected/position; status polite.,GET /v1/outputs/{outputId}/creative-plan,Proposed creative autopilot contract; not implemented,ai-creative-autopilot.md,CAR-03-AI3-AT,Destructive/paid/publication action uses catalog; input/navigation none
GEN-01-EX7,GEN-01,different-look,mutation,Input/change; editor autosave800ms or explicit Save,"Authorized resource; current revision; regeneration requires explicit budget, review acknowledgment requires reviewer permission","Confirm budget; AI chooses different concept/background, preserves prior assets and enqueues scope-specific generation.",Field value retained; public/form inputs do not autosave until submit. Editor fields follow ordered CAS save.,Busy only this entity/action. Reads keep cache; mutations retain form. aria-busy and polite status. Prevent repeated submit with same intent key.,"Confirm budget; AI chooses different concept/background, preserves prior assets and enqueues scope-specific generation.",422: attach field errors and retain input;403: read-only permission banner;401: SYS-01 with safe return;409: show current state and retain draft; network: retain buffer and fetch authoritative state before retry.,Retry safe reads freely; mutation retries reuse same key after status fetch; never retry uncertain external publication. Cancel form keeps acknowledged revision; cancel job only via server checkpoint.,/content/:contentId/generation,Visible label;44px/pt target; keyboard equivalent; focus2px forest offset2px; describedby error; restore focus on close; VoiceOver selected/position; status polite.,POST /v1/outputs/{outputId}/different-look,Proposed except local navigation,AI creative autopilot contract or selected topic/setupID,GEN-01-EX7-AT,Destructive/paid/publication action uses catalog; input/navigation none
GEN-01-EX8,GEN-01,view-comparison,navigation,Input/change; editor autosave800ms or explicit Save,"Authorized resource; current revision; regeneration requires explicit budget, review acknowledgment requires reviewer permission","Read-only comparison with nearest recent/scheduled output, date and reason; close restores focus.",Field value retained; public/form inputs do not autosave until submit. Editor fields follow ordered CAS save.,Busy only this entity/action. Reads keep cache; mutations retain form. aria-busy and polite status. Prevent repeated submit with same intent key.,"Read-only comparison with nearest recent/scheduled output, date and reason; close restores focus.",422: attach field errors and retain input;403: read-only permission banner;401: SYS-01 with safe return;409: show current state and retain draft; network: retain buffer and fetch authoritative state before retry.,Retry safe reads freely; mutation retries reuse same key after status fetch; never retry uncertain external publication. Cancel form keeps acknowledged revision; cancel job only via server checkpoint.,/content/:contentId/generation,Visible label;44px/pt target; keyboard equivalent; focus2px forest offset2px; describedby error; restore focus on close; VoiceOver selected/position; status polite.,GET /v1/outputs/{outputId}/creative-plan,Proposed except local navigation,AI creative autopilot contract or selected topic/setupID,GEN-01-EX8-AT,Destructive/paid/publication action uses catalog; input/navigation none
GEN-02-EX6,GEN-02,different-look,mutation,Input/change; editor autosave800ms or explicit Save,"Authorized resource; current revision; regeneration requires explicit budget, review acknowledgment requires reviewer permission","Confirm budget; AI chooses different concept/background, preserves prior assets and enqueues scope-specific generation.",Field value retained; public/form inputs do not autosave until submit. Editor fields follow ordered CAS save.,Busy only this entity/action. Reads keep cache; mutations retain form. aria-busy and polite status. Prevent repeated submit with same intent key.,"Confirm budget; AI chooses different concept/background, preserves prior assets and enqueues scope-specific generation.",422: attach field errors and retain input;403: read-only permission banner;401: SYS-01 with safe return;409: show current state and retain draft; network: retain buffer and fetch authoritative state before retry.,Retry safe reads freely; mutation retries reuse same key after status fetch; never retry uncertain external publication. Cancel form keeps acknowledged revision; cancel job only via server checkpoint.,/content/:contentId/reel/generation,Visible label;44px/pt target; keyboard equivalent; focus2px forest offset2px; describedby error; restore focus on close; VoiceOver selected/position; status polite.,POST /v1/outputs/{outputId}/different-look,Proposed except local navigation,AI creative autopilot contract or selected topic/setupID,GEN-02-EX6-AT,Destructive/paid/publication action uses catalog; input/navigation none
GEN-02-EX7,GEN-02,view-comparison,navigation,Input/change; editor autosave800ms or explicit Save,"Authorized resource; current revision; regeneration requires explicit budget, review acknowledgment requires reviewer permission","Read-only comparison with nearest recent/scheduled output, date and reason; close restores focus.",Field value retained; public/form inputs do not autosave until submit. Editor fields follow ordered CAS save.,Busy only this entity/action. Reads keep cache; mutations retain form. aria-busy and polite status. Prevent repeated submit with same intent key.,"Read-only comparison with nearest recent/scheduled output, date and reason; close restores focus.",422: attach field errors and retain input;403: read-only permission banner;401: SYS-01 with safe return;409: show current state and retain draft; network: retain buffer and fetch authoritative state before retry.,Retry safe reads freely; mutation retries reuse same key after status fetch; never retry uncertain external publication. Cancel form keeps acknowledged revision; cancel job only via server checkpoint.,/content/:contentId/reel/generation,Visible label;44px/pt target; keyboard equivalent; focus2px forest offset2px; describedby error; restore focus on close; VoiceOver selected/position; status polite.,GET /v1/outputs/{outputId}/creative-plan,Proposed except local navigation,AI creative autopilot contract or selected topic/setupID,GEN-02-EX7-AT,Destructive/paid/publication action uses catalog; input/navigation none
CREATE-01-EX6,CREATE-01,optional-preferences,navigation,Input/change; editor autosave800ms or explicit Save,"Authorized resource; current revision; regeneration requires explicit budget, review acknowledgment requires reviewer permission",Open CREATE-02 optional preferences for saved setup; no layout prompt.,Field value retained; public/form inputs do not autosave until submit. Editor fields follow ordered CAS save.,Busy only this entity/action. Reads keep cache; mutations retain form. aria-busy and polite status. Prevent repeated submit with same intent key.,Open CREATE-02 optional preferences for saved setup; no layout prompt.,422: attach field errors and retain input;403: read-only permission banner;401: SYS-01 with safe return;409: show current state and retain draft; network: retain buffer and fetch authoritative state before retry.,Retry safe reads freely; mutation retries reuse same key after status fetch; never retry uncertain external publication. Cancel form keeps acknowledged revision; cancel job only via server checkpoint.,/create?topic=:topicId,Visible label;44px/pt target; keyboard equivalent; focus2px forest offset2px; describedby error; restore focus on close; VoiceOver selected/position; status polite.,None: navigation,Proposed except local navigation,AI creative autopilot contract or selected topic/setupID,CREATE-01-EX6-AT,Destructive/paid/publication action uses catalog; input/navigation none
CREATE-01-EX7,CREATE-01,choose-topic,navigation,Input/change; editor autosave800ms or explicit Save,"Authorized resource; current revision; regeneration requires explicit budget, review acknowledgment requires reviewer permission","Inline searchable topic picker uses GET /v1/topics; choose stable topicId, inspect sources, then format choices; no paid work.",Field value retained; public/form inputs do not autosave until submit. Editor fields follow ordered CAS save.,Busy only this entity/action. Reads keep cache; mutations retain form. aria-busy and polite status. Prevent repeated submit with same intent key.,"Inline searchable topic picker uses GET /v1/topics; choose stable topicId, inspect sources, then format choices; no paid work.",422: attach field errors and retain input;403: read-only permission banner;401: SYS-01 with safe return;409: show current state and retain draft; network: retain buffer and fetch authoritative state before retry.,Retry safe reads freely; mutation retries reuse same key after status fetch; never retry uncertain external publication. Cancel form keeps acknowledged revision; cancel job only via server checkpoint.,/create?topic=:topicId,Visible label;44px/pt target; keyboard equivalent; focus2px forest offset2px; describedby error; restore focus on close; VoiceOver selected/position; status polite.,GET /v1/topics?q=&cursor=,Proposed except local navigation,AI creative autopilot contract or selected topic/setupID,CREATE-01-EX7-AT,Destructive/paid/publication action uses catalog; input/navigation none
CREATE-01-EX8,CREATE-01,custom-topic,navigation,Input/change; editor autosave800ms or explicit Save,"Authorized resource; current revision; regeneration requires explicit budget, review acknowledgment requires reviewer permission",Open IMPORT-01 with safe returnTo=/create; confirmed topic returns to format selection.,Field value retained; public/form inputs do not autosave until submit. Editor fields follow ordered CAS save.,Busy only this entity/action. Reads keep cache; mutations retain form. aria-busy and polite status. Prevent repeated submit with same intent key.,Open IMPORT-01 with safe returnTo=/create; confirmed topic returns to format selection.,422: attach field errors and retain input;403: read-only permission banner;401: SYS-01 with safe return;409: show current state and retain draft; network: retain buffer and fetch authoritative state before retry.,Retry safe reads freely; mutation retries reuse same key after status fetch; never retry uncertain external publication. Cancel form keeps acknowledged revision; cancel job only via server checkpoint.,/create?topic=:topicId,Visible label;44px/pt target; keyboard equivalent; focus2px forest offset2px; describedby error; restore focus on close; VoiceOver selected/position; status polite.,None: navigation,Proposed except local navigation,AI creative autopilot contract or selected topic/setupID,CREATE-01-EX8-AT,Destructive/paid/publication action uses catalog; input/navigation none
REVIEW-02-EX9,REVIEW-02,acknowledge-style-warning,mutation,Input/change; editor autosave800ms or explicit Save,"Authorized resource; current revision; regeneration requires explicit budget, review acknowledgment requires reviewer permission",Only repeated-style or comparison-unavailable warning may be acknowledged with reason; exact/near duplicate blocks remain.,Field value retained; public/form inputs do not autosave until submit. Editor fields follow ordered CAS save.,Busy only this entity/action. Reads keep cache; mutations retain form. aria-busy and polite status. Prevent repeated submit with same intent key.,Only repeated-style or comparison-unavailable warning may be acknowledged with reason; exact/near duplicate blocks remain.,422: attach field errors and retain input;403: read-only permission banner;401: SYS-01 with safe return;409: show current state and retain draft; network: retain buffer and fetch authoritative state before retry.,Retry safe reads freely; mutation retries reuse same key after status fetch; never retry uncertain external publication. Cancel form keeps acknowledged revision; cancel job only via server checkpoint.,/review/:contentId/:format,Visible label;44px/pt target; keyboard equivalent; focus2px forest offset2px; describedby error; restore focus on close; VoiceOver selected/position; status polite.,POST /v1/outputs/{outputId}/diversity/acknowledge,Proposed except local navigation,AI creative autopilot contract or selected topic/setupID,REVIEW-02-EX9-AT,Destructive/paid/publication action uses catalog; input/navigation none
DISC-01-R24-research-history,DISC-01,research-history,read,Click/Enter/native tap,Authorized workspace/run; source retry requires server canRetry and selected failed sources,Open DISC-02 research history; preserve Discover filters and selected run,Keep findings visible; announce selection/status; no false complete count,Busy only this entity/action. Reads keep cache; mutations retain form. aria-busy and polite status. Prevent repeated submit with same intent key.,Open DISC-02 research history; preserve Discover filters and selected run,422: attach field errors and retain input;403: read-only permission banner;401: SYS-01 with safe return;409: show current state and retain draft; network: retain buffer and fetch authoritative state before retry.,Retry safe reads freely; mutation retries reuse same key after status fetch; never retry uncertain external publication. Cancel form keeps acknowledged revision; cancel job only via server checkpoint.,DISC-02,Visible label;44px/pt target; keyboard equivalent; focus2px forest offset2px; describedby error; restore focus on close; VoiceOver selected/position; status polite.,None: navigation,Proposed contract or local navigation,product-scope-v3.md fixed-run contract,DISC-01-R24-research-history-AT,Destructive/paid/publication action uses catalog; input/navigation none
DISC-01-R24-ranking-explanation,DISC-01,ranking-explanation,read,Click/Enter/native tap,Authorized workspace/run; source retry requires server canRetry and selected failed sources,"Open read-only score explanation with weighted dimensions,ranking policy,AI rationale label and source strengths",Keep findings visible; announce selection/status; no false complete count,Busy only this entity/action. Reads keep cache; mutations retain form. aria-busy and polite status. Prevent repeated submit with same intent key.,"Open read-only score explanation with weighted dimensions,ranking policy,AI rationale label and source strengths",422: attach field errors and retain input;403: read-only permission banner;401: SYS-01 with safe return;409: show current state and retain draft; network: retain buffer and fetch authoritative state before retry.,Retry safe reads freely; mutation retries reuse same key after status fetch; never retry uncertain external publication. Cancel form keeps acknowledged revision; cancel job only via server checkpoint.,Ranking sheet; close to selected finding,Visible label;44px/pt target; keyboard equivalent; focus2px forest offset2px; describedby error; restore focus on close; VoiceOver selected/position; status polite.,GET /v1/findings/{findingId},Proposed contract or local navigation,product-scope-v3.md fixed-run contract,DISC-01-R24-ranking-explanation-AT,Destructive/paid/publication action uses catalog; input/navigation none
DISC-01-R24-show-all-findings,DISC-01,show-all-findings,read,Click/Enter/native tap,Authorized workspace/run; source retry requires server canRetry and selected failed sources,"Show all dispositions,including lowpriority/duplicates/dateunverified/excluded with reasons; stable pagination",Keep findings visible; announce selection/status; no false complete count,Busy only this entity/action. Reads keep cache; mutations retain form. aria-busy and polite status. Prevent repeated submit with same intent key.,"Show all dispositions,including lowpriority/duplicates/dateunverified/excluded with reasons; stable pagination",422: attach field errors and retain input;403: read-only permission banner;401: SYS-01 with safe return;409: show current state and retain draft; network: retain buffer and fetch authoritative state before retry.,Retry safe reads freely; mutation retries reuse same key after status fetch; never retry uncertain external publication. Cancel form keeps acknowledged revision; cancel job only via server checkpoint.,DISC-01?run=:runId&disposition=all,Visible label;44px/pt target; keyboard equivalent; focus2px forest offset2px; describedby error; restore focus on close; VoiceOver selected/position; status polite.,GET /v1/research/runs/{runId}/findings,Proposed contract or local navigation,product-scope-v3.md fixed-run contract,DISC-01-R24-show-all-findings-AT,Destructive/paid/publication action uses catalog; input/navigation none
DISC-01-R24-duplicate-group,DISC-01,duplicate-group,read,Click/Enter/native tap,Authorized workspace/run; source retry requires server canRetry and selected failed sources,Expand all reports of the same event; primary topic and corroborating sources visible,Keep findings visible; announce selection/status; no false complete count,Busy only this entity/action. Reads keep cache; mutations retain form. aria-busy and polite status. Prevent repeated submit with same intent key.,Expand all reports of the same event; primary topic and corroborating sources visible,422: attach field errors and retain input;403: read-only permission banner;401: SYS-01 with safe return;409: show current state and retain draft; network: retain buffer and fetch authoritative state before retry.,Retry safe reads freely; mutation retries reuse same key after status fetch; never retry uncertain external publication. Cancel form keeps acknowledged revision; cancel job only via server checkpoint.,Duplicate-group detail sheet,Visible label;44px/pt target; keyboard equivalent; focus2px forest offset2px; describedby error; restore focus on close; VoiceOver selected/position; status polite.,GET /v1/research/runs/{runId}/findings?duplicateGroupId=,Proposed contract or local navigation,product-scope-v3.md fixed-run contract,DISC-01-R24-duplicate-group-AT,Destructive/paid/publication action uses catalog; input/navigation none
DISC-02-R24-run-open,DISC-02,run-open,read,Click/Enter/native tap,Authorized workspace/run; source retry requires server canRetry and selected failed sources,Open fixed-run ranked findings; no new research invocation,Keep findings visible; announce selection/status; no false complete count,Busy only this entity/action. Reads keep cache; mutations retain form. aria-busy and polite status. Prevent repeated submit with same intent key.,Open fixed-run ranked findings; no new research invocation,422: attach field errors and retain input;403: read-only permission banner;401: SYS-01 with safe return;409: show current state and retain draft; network: retain buffer and fetch authoritative state before retry.,Retry safe reads freely; mutation retries reuse same key after status fetch; never retry uncertain external publication. Cancel form keeps acknowledged revision; cancel job only via server checkpoint.,DISC-01?run=:runId,Visible label;44px/pt target; keyboard equivalent; focus2px forest offset2px; describedby error; restore focus on close; VoiceOver selected/position; status polite.,GET /v1/research/runs/{runId}/findings,Proposed contract or local navigation,product-scope-v3.md fixed-run contract,DISC-02-R24-run-open-AT,Destructive/paid/publication action uses catalog; input/navigation none
DISC-02-R24-coverage-details,DISC-02,coverage-details,read,Click/Enter/native tap,Authorized workspace/run; source retry requires server canRetry and selected failed sources,"Show exact checked/failed/skipped source attempts,window andlimitations",Keep findings visible; announce selection/status; no false complete count,Busy only this entity/action. Reads keep cache; mutations retain form. aria-busy and polite status. Prevent repeated submit with same intent key.,"Show exact checked/failed/skipped source attempts,window andlimitations",422: attach field errors and retain input;403: read-only permission banner;401: SYS-01 with safe return;409: show current state and retain draft; network: retain buffer and fetch authoritative state before retry.,Retry safe reads freely; mutation retries reuse same key after status fetch; never retry uncertain external publication. Cancel form keeps acknowledged revision; cancel job only via server checkpoint.,Coverage sheet,Visible label;44px/pt target; keyboard equivalent; focus2px forest offset2px; describedby error; restore focus on close; VoiceOver selected/position; status polite.,GET /v1/research/runs/{runId},Proposed contract or local navigation,product-scope-v3.md fixed-run contract,DISC-02-R24-coverage-details-AT,Destructive/paid/publication action uses catalog; input/navigation none
DISC-02-R24-retry-sources,DISC-02,retry-sources,mutation,Click/Enter/native tap,Authorized workspace/run; source retry requires server canRetry and selected failed sources,Retry only selected failed sources in original frozen window; retain verified findings,Keep findings visible; announce selection/status; no false complete count,Busy only this entity/action. Reads keep cache; mutations retain form. aria-busy and polite status. Prevent repeated submit with same intent key.,Retry only selected failed sources in original frozen window; retain verified findings,422: attach field errors and retain input;403: read-only permission banner;401: SYS-01 with safe return;409: show current state and retain draft; network: retain buffer and fetch authoritative state before retry.,Retry safe reads freely; mutation retries reuse same key after status fetch; never retry uncertain external publication. Cancel form keeps acknowledged revision; cancel job only via server checkpoint.,ACT-02 returnedjobId,Visible label;44px/pt target; keyboard equivalent; focus2px forest offset2px; describedby error; restore focus on close; VoiceOver selected/position; status polite.,POST /v1/research/runs/{runId}/retry-sources,Proposed contract or local navigation,product-scope-v3.md fixed-run contract,DISC-02-R24-retry-sources-AT,Destructive/paid/publication action uses catalog; input/navigation none
DISC-02-R24-history-filters,DISC-02,history-filters,read,Click/Enter/native tap,Authorized workspace/run; source retry requires server canRetry and selected failed sources,Apply valid date/statusfilter; resetcursor;Cancelkeepscurrenthistory,Keep findings visible; announce selection/status; no false complete count,Busy only this entity/action. Reads keep cache; mutations retain form. aria-busy and polite status. Prevent repeated submit with same intent key.,Apply valid date/statusfilter; resetcursor;Cancelkeepscurrenthistory,422: attach field errors and retain input;403: read-only permission banner;401: SYS-01 with safe return;409: show current state and retain draft; network: retain buffer and fetch authoritative state before retry.,Retry safe reads freely; mutation retries reuse same key after status fetch; never retry uncertain external publication. Cancel form keeps acknowledged revision; cancel job only via server checkpoint.,DISC-02,Visible label;44px/pt target; keyboard equivalent; focus2px forest offset2px; describedby error; restore focus on close; VoiceOver selected/position; status polite.,GET /v1/research/runs?status=&from=&to=&cursor=,Proposed contract or local navigation,product-scope-v3.md fixed-run contract,DISC-02-R24-history-filters-AT,Destructive/paid/publication action uses catalog; input/navigation none
DISC-02-R24-load-more,DISC-02,load-more,read,Click/Enter/native tap,Authorized workspace/run; source retry requires server canRetry and selected failed sources,"Appendnext24runrows,uniqueIDs;failurekeepscurrentrowsandRetryloadmore",Keep findings visible; announce selection/status; no false complete count,Busy only this entity/action. Reads keep cache; mutations retain form. aria-busy and polite status. Prevent repeated submit with same intent key.,"Appendnext24runrows,uniqueIDs;failurekeepscurrentrowsandRetryloadmore",422: attach field errors and retain input;403: read-only permission banner;401: SYS-01 with safe return;409: show current state and retain draft; network: retain buffer and fetch authoritative state before retry.,Retry safe reads freely; mutation retries reuse same key after status fetch; never retry uncertain external publication. Cancel form keeps acknowledged revision; cancel job only via server checkpoint.,DISC-02,Visible label;44px/pt target; keyboard equivalent; focus2px forest offset2px; describedby error; restore focus on close; VoiceOver selected/position; status polite.,GET /v1/research/runs?cursor=,Proposed contract or local navigation,product-scope-v3.md fixed-run contract,DISC-02-R24-load-more-AT,Destructive/paid/publication action uses catalog; input/navigation none
DISC-02-R24-back,DISC-02,back,read,Click/Enter/native tap,Authorized workspace/run; source retry requires server canRetry and selected failed sources,Restore Discover selectedrun/filter/scroll;nooperationcancel,Keep findings visible; announce selection/status; no false complete count,Busy only this entity/action. Reads keep cache; mutations retain form. aria-busy and polite status. Prevent repeated submit with same intent key.,Restore Discover selectedrun/filter/scroll;nooperationcancel,422: attach field errors and retain input;403: read-only permission banner;401: SYS-01 with safe return;409: show current state and retain draft; network: retain buffer and fetch authoritative state before retry.,Retry safe reads freely; mutation retries reuse same key after status fetch; never retry uncertain external publication. Cancel form keeps acknowledged revision; cancel job only via server checkpoint.,DISC-01,Visible label;44px/pt target; keyboard equivalent; focus2px forest offset2px; describedby error; restore focus on close; VoiceOver selected/position; status polite.,None: navigation,Proposed contract or local navigation,product-scope-v3.md fixed-run contract,DISC-02-R24-back-AT,Destructive/paid/publication action uses catalog; input/navigation none
